GIS_ID;finding_interpretation;From_year;To_year;Category;finding_interpretation_en
341;Kirke;1067;1299;Religious;Church
341;Kirkegaard;1067;1299;Not categorized;Not categorized
340;Enkeltfund;750;1066;Not categorized;Not categorized
340;Moentfund;750;1066;Indicators_of_economic_activity;Coin findings
340;Depotfund;750;1066;Distress;Hoard finds
340;Moentfund;750;1066;Indicators_of_economic_activity;Coin findings
338;Enkeltfund;750;1066;Not categorized;Not categorized
338;Bosaettelse, uspec undergruppe;750;1066;Buildings;Settlement, unspecified subgroup
338;Jordfaestegrav;750;1066;Not categorized;Not categorized
338;Moentfund;900;1066;Indicators_of_economic_activity;Coin findings
340;Jordfaestegrav;750;1066;Not categorized;Not categorized
338;Runesten;750;1066;Not categorized;Not categorized
338;Moentfund;750;1066;Indicators_of_economic_activity;Coin findings
344;Moentfund;750;1066;Indicators_of_economic_activity;Coin findings
339;Brandplet;750;1066;Not categorized;Not categorized
339;Gravroese;750;1066;Not categorized;Not categorized
339;Runesten;750;1066;Not categorized;Not categorized
339;Runesten;750;1066;Not categorized;Not categorized
338;Begivenhed;1200;1399;Not categorized;Not categorized
338;Moentfund;750;1066;Indicators_of_economic_activity;Coin findings
338;Moentfund;750;1066;Indicators_of_economic_activity;Coin findings
338;Depotfund;750;1066;Distress;Hoard finds
337;Bosaettelse, uspec undergruppe;1067;1299;Buildings;Settlement, unspecified subgroup
336;Gravgenstand;750;1066;Not categorized;Not categorized
336;Enkeltfund;750;1066;Not categorized;Not categorized
336;Enkeltfund;750;1066;Not categorized;Not categorized
335;Enkeltfund;1067;1299;Not categorized;Not categorized
334;Runesten;750;1066;Not categorized;Not categorized
334;Moentfund;750;1066;Indicators_of_economic_activity;Coin findings
333;Skibssaetning;750;1066;Not categorized;Not categorized
333;Depotfund;750;1066;Distress;Hoard finds
333;Moentfund;750;1066;Indicators_of_economic_activity;Coin findings
333;Runesten;750;1066;Not categorized;Not categorized
333;Runesten;750;1066;Not categorized;Not categorized
333;Moentfund;750;1066;Indicators_of_economic_activity;Coin findings
332;Enkeltfund;750;1066;Not categorized;Not categorized
332;Moentfund;750;1066;Indicators_of_economic_activity;Coin findings
332;Enkeltfund;750;1066;Not categorized;Not categorized
332;Moentfund;750;1066;Indicators_of_economic_activity;Coin findings
331;Enkeltfund;750;1066;Not categorized;Not categorized
331;Enkeltfund;900;1066;Not categorized;Not categorized
331;Moentfund;900;1066;Indicators_of_economic_activity;Coin findings
331;Gravgenstand;750;1066;Not categorized;Not categorized
1581;Enkeltfund;750;1066;Not categorized;Not categorized
1581;Gravgenstand;750;1066;Not categorized;Not categorized
1581;Jordfaestegrav;750;1066;Not categorized;Not categorized
1581;Enkeltfund;750;1066;Not categorized;Not categorized
1581;Runesten;750;1066;Not categorized;Not categorized
1581;Runesten;750;1066;Not categorized;Not categorized
330;Enkeltfund;750;1066;Not categorized;Not categorized
330;Moentfund;750;1066;Indicators_of_economic_activity;Coin findings
1582;Kirkegaard;1067;1299;Not categorized;Not categorized
344;Depotfund;750;1066;Distress;Hoard finds
344;Moentfund;750;1066;Indicators_of_economic_activity;Coin findings
344;Moentfund;750;1066;Indicators_of_economic_activity;Coin findings
344;Borg/Voldsted;750;1066;Defensive;Castle/motte-and-bailey
344;Borg/Voldsted;1067;1299;Defensive;Castle/motte-and-bailey
344;Moentfund;900;1066;Indicators_of_economic_activity;Coin findings
344;Depotfund;750;1066;Distress;Hoard finds
344;Moentfund;750;1066;Indicators_of_economic_activity;Coin findings
344;Moentfund;750;1066;Indicators_of_economic_activity;Coin findings
344;Bosaettelse, uspec undergruppe;750;1066;Buildings;Settlement, unspecified subgroup
344;Enkeltfund;750;1066;Not categorized;Not categorized
344;Moentfund;1300;1399;Indicators_of_economic_activity;Coin findings
344;Moentfund;750;1066;Indicators_of_economic_activity;Coin findings
344;Runesten;1067;1299;Not categorized;Not categorized
344;Enkeltfund;750;1066;Not categorized;Not categorized
344;Enkeltfund;750;1066;Not categorized;Not categorized
344;Enkeltfund;750;1066;Not categorized;Not categorized
344;Bosaettelse, uspec undergruppe;1067;1299;Buildings;Settlement, unspecified subgroup
344;Moentfund;750;1066;Indicators_of_economic_activity;Coin findings
347;Enkeltfund;750;1066;Not categorized;Not categorized
347;Moentfund;750;1066;Indicators_of_economic_activity;Coin findings
347;Depotfund;900;1066;Distress;Hoard finds
347;Moentfund;900;1066;Indicators_of_economic_activity;Coin findings
347;Moentfund;750;1066;Indicators_of_economic_activity;Coin findings
347;Moentfund;750;1066;Indicators_of_economic_activity;Coin findings
347;Moentfund;1067;1299;Indicators_of_economic_activity;Coin findings
347;Enkeltfund;750;1066;Not categorized;Not categorized
347;Moentfund;750;1066;Indicators_of_economic_activity;Coin findings
347;Moentfund;750;1066;Indicators_of_economic_activity;Coin findings
347;Depotfund;750;1066;Distress;Hoard finds
347;Fiskebod;1067;1299;Not categorized;Not categorized
349;Stenkiste;750;1066;Not categorized;Not categorized
349;Rundhoej;750;1066;Not categorized;Not categorized
349;Gravroese;750;1066;Not categorized;Not categorized
349;Gravgenstand;750;1066;Not categorized;Not categorized
349;Runesten;750;1066;Not categorized;Not categorized
346;Jordfaestegrav;750;1066;Not categorized;Not categorized
346;Skibssaetning;750;1066;Not categorized;Not categorized
346;Gravgenstand;750;1066;Not categorized;Not categorized
349;Jordfaestegrav;750;1066;Not categorized;Not categorized
349;Jordfaestegrav;750;1066;Not categorized;Not categorized
349;Enkeltfund;750;1066;Not categorized;Not categorized
349;Depotfund;900;1066;Distress;Hoard finds
349;Moentfund;1067;1299;Indicators_of_economic_activity;Coin findings
349;Moentfund;900;1066;Indicators_of_economic_activity;Coin findings
349;Bosaettelse, uspec undergruppe;750;1066;Buildings;Settlement, unspecified subgroup
349;Moentfund;750;1066;Indicators_of_economic_activity;Coin findings
350;Runesten;1067;1299;Not categorized;Not categorized
350;Runesten;750;1066;Not categorized;Not categorized
350;Runesten;750;1066;Not categorized;Not categorized
350;Enkeltfund;750;1066;Not categorized;Not categorized
354;Depotfund;750;1066;Distress;Hoard finds
1802;Moentfund;1200;1399;Indicators_of_economic_activity;Coin findings
1803;Depotfund;750;1066;Distress;Hoard finds
1803;Moentfund;750;1066;Indicators_of_economic_activity;Coin findings
1803;Enkeltfund;750;1066;Not categorized;Not categorized
356;Depotfund;750;1066;Distress;Hoard finds
NA;Depotfund;750;1066;Distress;Hoard finds
358;Enkeltfund;750;1066;Not categorized;Not categorized
1811;Enkeltfund;750;1066;Not categorized;Not categorized
1813;Jordfaestegrav;750;1066;Not categorized;Not categorized
NA;Enkeltfund;750;1066;Not categorized;Not categorized
367;Enkeltfund;750;1066;Not categorized;Not categorized
1819;Runesten;750;1066;Not categorized;Not categorized
1819;Bosaettelse, uspec undergruppe;750;1066;Buildings;Settlement, unspecified subgroup
1820;Depotfund;750;1066;Distress;Hoard finds
1820;Depotfund;750;1066;Distress;Hoard finds
1820;Depotfund;750;1066;Distress;Hoard finds
1820;Enkeltfund;750;1066;Not categorized;Not categorized
376;Jordfaestegrav;750;1066;Not categorized;Not categorized
379;Bygning;1067;1299;Not categorized;Not categorized
379;Borg/Voldsted;1067;1299;Defensive;Castle/motte-and-bailey
1721;Enkeltfund;750;1066;Not categorized;Not categorized
381;Rundhoej;750;1066;Not categorized;Not categorized
381;Brandgrav i traekiste;750;1066;Not categorized;Not categorized
1817;Plankekiste;750;1066;Not categorized;Not categorized
1817;Bosaettelse, uspec undergruppe;750;1066;Buildings;Settlement, unspecified subgroup
1817;Bosaettelse, uspec undergruppe;1067;1299;Buildings;Settlement, unspecified subgroup
399;Votivfund;750;1066;Not categorized;Not categorized
411;Enkeltfund;750;1066;Not categorized;Not categorized
1753;Enkeltfund;750;1066;Not categorized;Not categorized
1753;Moentfund;1300;1399;Indicators_of_economic_activity;Coin findings
1753;Diverse anlaeg og genstande, uspec undergruppe;1250;1350;Not categorized;Not categorized
NA;Enkeltfund;750;1066;Not categorized;Not categorized
1750;Grube (uspecificeret funktion);900;1066;Not categorized;Not categorized
NA;Enkeltfund;750;1066;Not categorized;Not categorized
1754;Depotfund;750;1066;Distress;Hoard finds
NA;Enkeltfund;750;1066;Not categorized;Not categorized
1754;Enkeltfund;750;1066;Not categorized;Not categorized
1754;Enkeltfund;750;1066;Not categorized;Not categorized
419;Gravgenstand;750;1066;Not categorized;Not categorized
420;Enkeltfund;750;1066;Not categorized;Not categorized
420;Enkeltfund;750;1066;Not categorized;Not categorized
421;Enkeltfund;750;1066;Not categorized;Not categorized
422;Enkeltfund;1067;1299;Not categorized;Not categorized
434;Enkeltfund;750;1066;Not categorized;Not categorized
438;Enkeltfund;750;1066;Not categorized;Not categorized
1759;Gravgenstand;750;1066;Not categorized;Not categorized
1760;Jordfaestegrav;750;1066;Not categorized;Not categorized
2;Enkeltfund;750;1066;Not categorized;Not categorized
443;Jordfaestegrav;750;1066;Not categorized;Not categorized
443;Hus (evt. med stald);1067;1299;Buildings;House (possibly with a stable)
443;Hegn/gaerde;1067;1299;Buildings;Hedge/fence
443;Skel (ejendom);1067;1299;Buildings;Boundary (property)
1629;Enkeltfund;750;1066;Not categorized;Not categorized
1757;Enkeltfund;750;1066;Not categorized;Not categorized
1626;Enkeltfund;750;1066;Not categorized;Not categorized
1626;Enkeltfund;750;1066;Not categorized;Not categorized
1628;Borg/Voldsted;750;1066;Defensive;Castle/motte-and-bailey
1628;Borg/Voldsted;1067;1299;Defensive;Castle/motte-and-bailey
1628;Klosteranlaeg;1180;1249;Religious;Monastery complex
1628;Enkeltfund;750;1066;Not categorized;Not categorized
1628;Depotfund;750;1066;Distress;Hoard finds
1628;Groeft (skel);750;1066;Buildings;Ditch (boundary)
446;Enkeltfund;750;1066;Not categorized;Not categorized
450;Enkeltfund;1067;1199;Not categorized;Not categorized
452;Enkeltfund;750;1066;Not categorized;Not categorized
1761;Hus (evt. med stald);1200;1399;Buildings;House (possibly with a stable)
1761;Broend;1200;1399;Buildings;Well
1761;Moentfund;1300;1399;Indicators_of_economic_activity;Coin findings
1761;Hus (evt. med stald);1067;1299;Buildings;House (possibly with a stable)
455;Jordfaestegrav;750;1066;Not categorized;Not categorized
456;Runesten;750;1066;Not categorized;Not categorized
456;Skibssaetning;750;1066;Not categorized;Not categorized
456;Brandplet;750;1066;Not categorized;Not categorized
456;Enkeltfund;1067;1299;Not categorized;Not categorized
463;Enkeltfund;1067;1199;Not categorized;Not categorized
464;Enkeltfund;1067;1299;Not categorized;Not categorized
464;Moentfund;750;1066;Indicators_of_economic_activity;Coin findings
474;Depotfund;750;899;Distress;Hoard finds
474;Moentfund;750;1066;Indicators_of_economic_activity;Coin findings
469;Jordfaestegrav;750;1066;Not categorized;Not categorized
1768;Enkeltfund;750;1066;Not categorized;Not categorized
473;Moentfund;750;1066;Indicators_of_economic_activity;Coin findings
473;Depotfund;750;1066;Distress;Hoard finds
475;Hus (evt. med stald);1067;1299;Buildings;House (possibly with a stable)
475;Moentfund;1067;1299;Indicators_of_economic_activity;Coin findings
1574;Borg/Voldsted;1067;1299;Defensive;Castle/motte-and-bailey
1627;Enkeltfund;1200;1399;Not categorized;Not categorized
485;Bosaettelse, uspec undergruppe;750;1066;Buildings;Settlement, unspecified subgroup
485;Affaldsgrube;750;1066;Not categorized;Not categorized
485;Jordfaestegrav;750;1066;Not categorized;Not categorized
485;Kammergrav;750;1066;Not categorized;Not categorized
1629;Enkeltfund;1067;1299;Not categorized;Not categorized
486;Moentfund;750;1066;Indicators_of_economic_activity;Coin findings
486;Depotfund;750;1066;Distress;Hoard finds
487;Enkeltfund;1067;1199;Not categorized;Not categorized
487;Enkeltfund;750;1066;Not categorized;Not categorized
487;Enkeltfund;750;1066;Not categorized;Not categorized
490;Enkeltfund;750;1066;Not categorized;Not categorized
490;Enkeltfund;750;1066;Not categorized;Not categorized
491;Borg/Voldsted;1200;1399;Defensive;Castle/motte-and-bailey
491;Enkeltfund;1067;1299;Not categorized;Not categorized
494;Enkeltfund;750;1066;Not categorized;Not categorized
494;Skibssaetning;750;1066;Not categorized;Not categorized
497;Jordfaestegrav;750;1066;Not categorized;Not categorized
500;Jordfaestegrav;900;1066;Not categorized;Not categorized
1589;Jordfaestegrav;750;1066;Not categorized;Not categorized
502;Rundhoej;750;1066;Not categorized;Not categorized
502;Jordfaestegrav;750;1066;Not categorized;Not categorized
502;Jordfaestegrav;750;1066;Not categorized;Not categorized
503;Jordfaestegrav;750;1066;Not categorized;Not categorized
503;Moentfund;750;1066;Indicators_of_economic_activity;Coin findings
503;Jordfaestegrav;750;1066;Not categorized;Not categorized
503;Kammergrav;900;1066;Not categorized;Not categorized
503;Jordfaestegrav;900;1066;Not categorized;Not categorized
503;Affaldsgrube;750;1066;Not categorized;Not categorized
503;Hus (evt. med stald);750;1066;Buildings;House (possibly with a stable)
503;Moentfund;750;1066;Indicators_of_economic_activity;Coin findings
503;Jordfaestegrav;900;1066;Not categorized;Not categorized
503;Kammergrav;900;1066;Not categorized;Not categorized
1741;Skibssaetning;750;1066;Not categorized;Not categorized
1741;Jordfaestegrav;750;1066;Not categorized;Not categorized
1743;Depotfund;750;1066;Distress;Hoard finds
1743;Jordfaestegrav;750;1066;Not categorized;Not categorized
1743;Moentfund;750;1066;Indicators_of_economic_activity;Coin findings
1743;Kammergrav;750;1066;Not categorized;Not categorized
1743;Vogndel;750;1066;Not categorized;Not categorized
1743;Jordfaestegrav;750;1066;Not categorized;Not categorized
1743;Jordfaestegrav;750;1066;Not categorized;Not categorized
1743;Dyreben;750;1066;Not categorized;Not categorized
1743;Moentfund;750;1066;Indicators_of_economic_activity;Coin findings
505;Jordfaestegrav;750;1066;Not categorized;Not categorized
NA;Borg/Voldsted;1300;1399;Defensive;Castle/motte-and-bailey
1744;Skibssaetning;750;1066;Not categorized;Not categorized
1744;Skibssaetning;750;1066;Not categorized;Not categorized
1744;Jordfaestegrav;750;1066;Not categorized;Not categorized
1744;Jordfaestegrav;750;1066;Not categorized;Not categorized
NA;Jordfaestegrav;750;1066;Not categorized;Not categorized
514;Rundhoej;750;1066;Not categorized;Not categorized
514;Jordfaestegrav;750;1066;Not categorized;Not categorized
NA;Jordfaestegrav;750;1066;Not categorized;Not categorized
524;Bosaettelse, uspec undergruppe;750;1066;Buildings;Settlement, unspecified subgroup
526;Borg/Voldsted;1067;1299;Defensive;Castle/motte-and-bailey
528;Bosaettelse, uspec undergruppe;750;1066;Buildings;Settlement, unspecified subgroup
NA;Enkeltfund;750;1066;Not categorized;Not categorized
NA;Bosaettelse, uspec undergruppe;750;1066;Buildings;Settlement, unspecified subgroup
NA;Enkeltfund;750;1066;Not categorized;Not categorized
531;Borg/Voldsted;1200;1399;Defensive;Castle/motte-and-bailey
531;Borg/Voldsted;1200;1399;Defensive;Castle/motte-and-bailey
531;Enkeltfund;1200;1399;Not categorized;Not categorized
NA;Moentfund;750;1066;Indicators_of_economic_activity;Coin findings
NA;Depotfund;750;1066;Distress;Hoard finds
533;Enkeltfund;1400;1499;Not categorized;Not categorized
534;Moentfund;1300;1399;Indicators_of_economic_activity;Coin findings
540;Runesten;750;1066;Not categorized;Not categorized
541;Jordfaestegrav;750;1066;Not categorized;Not categorized
541;Jordfaestegrav;750;1066;Not categorized;Not categorized
541;Brandgrav (uspecificeret type);750;1066;Not categorized;Not categorized
544;Enkeltfund;750;1066;Not categorized;Not categorized
1748;Enkeltfund;1067;1299;Not categorized;Not categorized
554;Bosaettelse, uspec undergruppe;750;1066;Buildings;Settlement, unspecified subgroup
1748;Enkeltfund;750;1066;Not categorized;Not categorized
1841;Kogegrube;750;1066;Not categorized;Not categorized
1843;Jordfaestegrav;750;1066;Not categorized;Not categorized
1843;Enkeltfund;750;1066;Not categorized;Not categorized
1723;Vrag;1067;1299;Not categorized;Not categorized
1842;Enkeltfund;750;1066;Not categorized;Not categorized
565;Enkeltfund;750;1066;Not categorized;Not categorized
567;Runesten;750;1066;Not categorized;Not categorized
568;Enkeltfund;750;1066;Not categorized;Not categorized
577;Jordfaestegrav;750;1066;Not categorized;Not categorized
1559;Oedekirke;1100;1400;Not categorized;Not categorized
1559;Oedekirkegaard;1100;1400;Not categorized;Not categorized
583;Enkeltfund;750;1066;Not categorized;Not categorized
585;Enkeltfund;750;1066;Not categorized;Not categorized
589;Begravelse, uspec undergruppe;750;1066;Not categorized;Not categorized
595;Enkeltfund;750;1066;Not categorized;Not categorized
595;Kultanlaeg;750;1066;Not categorized;Not categorized
604;Enkeltfund;750;1066;Not categorized;Not categorized
NA;Jordfaestegrav;750;1066;Not categorized;Not categorized
624;Borg/Voldsted;1067;1299;Defensive;Castle/motte-and-bailey
632;Borg/Voldsted;900;1066;Defensive;Castle/motte-and-bailey
632;Borg/Voldsted;1067;1199;Defensive;Castle/motte-and-bailey
1683;Affaldsgrube;750;1066;Not categorized;Not categorized
637;Enkeltfund;750;1066;Not categorized;Not categorized
639;Borg/Voldsted;1067;1299;Defensive;Castle/motte-and-bailey
642;Helleristning/billedsten;750;1066;Not categorized;Not categorized
647;Grubehus;750;1066;Buildings;Pit-house
648;Enkeltfund;750;1066;Not categorized;Not categorized
1661;Runesten;750;1066;Not categorized;Not categorized
1652;Enkeltfund;750;1066;Not categorized;Not categorized
1712;Runesten;970;1020;Not categorized;Not categorized
669;Borg/Voldsted;1067;1299;Defensive;Castle/motte-and-bailey
685;Hus (evt. med stald);1067;1299;Buildings;House (possibly with a stable)
685;Begravelse, uspec undergruppe;750;1066;Not categorized;Not categorized
685;Rundhoej;750;1066;Not categorized;Not categorized
685;Stenlaegning/stensamling;750;1066;Not categorized;Not categorized
685;Brandgrav (uspecificeret type);750;1066;Not categorized;Not categorized
685;Enkeltfund;750;1066;Not categorized;Not categorized
687;Bosaettelse, uspec undergruppe;750;1066;Buildings;Settlement, unspecified subgroup
688;Hus (evt. med stald);750;1066;Buildings;House (possibly with a stable)
688;Hus (evt. med stald);750;1066;Buildings;House (possibly with a stable)
688;Hus (evt. med stald);750;1066;Buildings;House (possibly with a stable)
688;Hus (evt. med stald);750;1066;Buildings;House (possibly with a stable)
688;Hus (evt. med stald);750;1066;Buildings;House (possibly with a stable)
688;Hus (evt. med stald);750;1066;Buildings;House (possibly with a stable)
688;Grubehus;750;1066;Buildings;Pit-house
691;Begravelse, uspec undergruppe;750;1066;Not categorized;Not categorized
691;Gravgenstand;750;1066;Not categorized;Not categorized
692;Enkeltfund;750;1066;Not categorized;Not categorized
1664;Begravelse, uspec undergruppe;750;1066;Not categorized;Not categorized
697;Enkeltfund;750;1066;Not categorized;Not categorized
1560;Grubehus;750;1066;Buildings;Pit-house
1560;Kulturlag;750;1066;Not categorized;Not categorized
1667;Runesten;750;1066;Not categorized;Not categorized
710;Kampplads;1400;1499;Not categorized;Not categorized
710;Hoejsagn;1400;1499;Not categorized;Not categorized
1655;Rundhoej;750;1066;Not categorized;Not categorized
1655;Begravelsesplads;750;1066;Not categorized;Not categorized
1655;Rundhoej;750;1066;Not categorized;Not categorized
1655;Rundhoej;750;1066;Not categorized;Not categorized
1655;Langhoej;750;1066;Not categorized;Not categorized
1655;Rundhoej;750;1066;Not categorized;Not categorized
1540;Enkeltfund;750;1066;Not categorized;Not categorized
724;Begravelse, uspec undergruppe;750;1066;Not categorized;Not categorized
726;Runesten;970;1020;Not categorized;Not categorized
727;Kirkegaard;1067;1299;Not categorized;Not categorized
727;Kirke;1067;1199;Religious;Church
727;Kirkelade;1067;1299;Religious;Church barn
731;Runesten;970;1020;Not categorized;Not categorized
731;Bosaettelse, uspec undergruppe;1400;1499;Buildings;Settlement, unspecified subgroup
732;Plankekiste;750;1066;Not categorized;Not categorized
732;Moentfund;1300;1399;Indicators_of_economic_activity;Coin findings
735;Enkeltfund;750;1066;Not categorized;Not categorized
744;Enkeltfund;750;1066;Not categorized;Not categorized
744;Vrag;750;899;Not categorized;Not categorized
744;Enkeltfund;750;1066;Not categorized;Not categorized
744;Vrag;750;1066;Not categorized;Not categorized
745;Votivfund;750;1066;Not categorized;Not categorized
747;Depotfund;750;1066;Distress;Hoard finds
753;Kirke;1067;1299;Religious;Church
753;Kirkegaard;1067;1299;Not categorized;Not categorized
1641;Oedekirke;1067;1299;Not categorized;Not categorized
1641;Oedekirkegaard;1067;1299;Not categorized;Not categorized
762;Jordfaestegrav;900;1066;Not categorized;Not categorized
1533;Enkeltfund;750;1066;Not categorized;Not categorized
768;Grubehus;750;1066;Buildings;Pit-house
768;Tekstil;750;1066;Indicators_of_economic_activity;Textile
768;Grubehus;750;1066;Buildings;Pit-house
776;Moentfund;1067;1299;Indicators_of_economic_activity;Coin findings
1558;Enkeltfund;750;1066;Not categorized;Not categorized
786;Enkeltfund;1200;1399;Not categorized;Not categorized
1632;Enkeltfund;750;1066;Not categorized;Not categorized
797;Oedekirke;1067;1299;Not categorized;Not categorized
797;Oedekirkegaard;1067;1299;Not categorized;Not categorized
797;Groeft (kirkegaard);1067;1299;Not categorized;Not categorized
798;Enkeltfund;1300;1399;Not categorized;Not categorized
802;Jordfaestegrav;750;1066;Not categorized;Not categorized
803;Enkeltfund;750;1066;Not categorized;Not categorized
806;Runesten;750;1066;Not categorized;Not categorized
809;Jordfaestegrav;750;1066;Not categorized;Not categorized
809;Jordfaestegrav;900;999;Not categorized;Not categorized
809;Jordfaestegrav;750;1066;Not categorized;Not categorized
NA;Enkeltfund;750;1066;Not categorized;Not categorized
817;Jordfaestegrav;750;1066;Not categorized;Not categorized
821;Begravelse, uspec undergruppe;750;1066;Not categorized;Not categorized
821;Begravelse, uspec undergruppe;750;1066;Not categorized;Not categorized
8;Enkeltfund;750;1066;Not categorized;Not categorized
NA;Oedekirke;1067;1299;Not categorized;Not categorized
825;Enkeltfund;750;1066;Not categorized;Not categorized
1542;Moentfund;750;1066;Indicators_of_economic_activity;Coin findings
1542;Depotfund;750;1066;Distress;Hoard finds
827;Enkeltfund;750;1066;Not categorized;Not categorized
1635;Votivfund;750;1066;Not categorized;Not categorized
851;Skibssaetning;750;1066;Not categorized;Not categorized
851;Runesten;750;1066;Not categorized;Not categorized
852;Enkeltfund;750;1066;Not categorized;Not categorized
855;Enkeltfund;750;1066;Not categorized;Not categorized
860;Kirke;1200;1399;Religious;Church
860;Kirkegaard;1200;1399;Not categorized;Not categorized
860;Dige (kirkegaard);1200;1399;Not categorized;Not categorized
860;Oedekirke;1067;1320;Not categorized;Not categorized
860;Oedekirkegaard;1067;1320;Not categorized;Not categorized
1539;Kapel;1067;1199;Religious;Chapel
1539;Begravelsesplads;1067;1199;Not categorized;Not categorized
1539;Moentfund;1067;1299;Indicators_of_economic_activity;Coin findings
1539;Fangstgrube;1067;1199;Not categorized;Not categorized
1539;Forsvarsvold;1067;1199;Defensive;Rampart
866;Enkeltfund;750;1066;Not categorized;Not categorized
1534;Enkeltfund;750;1066;Not categorized;Not categorized
868;Runesten;750;1066;Not categorized;Not categorized
869;Dyreben;750;1066;Not categorized;Not categorized
869;Affaldsgrube;750;1066;Not categorized;Not categorized
869;Enkeltfund;750;1066;Not categorized;Not categorized
871;Depotfund;900;999;Distress;Hoard finds
871;Rundhoej;750;1066;Not categorized;Not categorized
871;Kammergrav;750;1066;Not categorized;Not categorized
871;Begravelse, uspec undergruppe;750;1066;Not categorized;Not categorized
871;Rundhoej;750;1066;Not categorized;Not categorized
877;Oedekirke;1067;1299;Not categorized;Not categorized
878;Enkeltfund;750;1066;Not categorized;Not categorized
880;Enkeltfund;750;1066;Not categorized;Not categorized
889;Moentfund;1067;1299;Indicators_of_economic_activity;Coin findings
889;Gravgenstand;750;1066;Not categorized;Not categorized
894;Jordfaestegrav;750;1066;Not categorized;Not categorized
894;Gravgenstand;750;1066;Not categorized;Not categorized
898;Jordfaestegrav;750;1066;Not categorized;Not categorized
NA;Runesten;750;1066;Not categorized;Not categorized
NA;Stenlaegning/Stensamling;1067;1299;Not categorized;Not categorized
903;Runesten;750;1066;Not categorized;Not categorized
903;Jordfaestegrav;750;1066;Not categorized;Not categorized
903;Ovnanlaeg (uspecificeret);750;1066;Indicators_of_economic_activity;Furnace (unspecified)
906;Jordfaestegrav;750;899;Not categorized;Not categorized
911;Begravelse, uspec undergruppe;750;1066;Not categorized;Not categorized
918;Jordfaestegrav;750;1066;Not categorized;Not categorized
919;Gravgenstand;750;1066;Not categorized;Not categorized
922;Enkeltfund;750;1066;Not categorized;Not categorized
924;Moentfund;1200;1399;Indicators_of_economic_activity;Coin findings
925;Enkeltfund;750;1066;Not categorized;Not categorized
926;Gravgenstand;750;1066;Not categorized;Not categorized
939;Jordfaestegrav;750;1066;Not categorized;Not categorized
939;Enkeltfund;750;1066;Not categorized;Not categorized
943;Runesten;750;1066;Not categorized;Not categorized
951;Gravgenstand;750;1066;Not categorized;Not categorized
951;Plankekiste;750;1066;Not categorized;Not categorized
955;Enkeltfund;750;1066;Not categorized;Not categorized
1698;Borg/Voldsted;1067;1499;Defensive;Castle/motte-and-bailey
1636;Enkeltfund;750;1066;Not categorized;Not categorized
1636;Enkeltfund;750;1066;Not categorized;Not categorized
976;Enkeltfund;750;1066;Not categorized;Not categorized
1651;Enkeltfund;1067;1499;Not categorized;Not categorized
991;Enkeltfund;750;1066;Not categorized;Not categorized
NA;Skibssaetning;750;1066;Not categorized;Not categorized
999;Oedekirke;1100;1500;Not categorized;Not categorized
999;Oedekirke;1100;1500;Not categorized;Not categorized
1000;Runesten;750;1066;Not categorized;Not categorized
1691;Enkeltfund;750;1066;Not categorized;Not categorized
1691;Jern;750;1066;Indicators_of_economic_activity;Iron
1641;Gravgenstand;750;1066;Not categorized;Not categorized
1010;Kirke;1067;1299;Religious;Church
1011;Borg/Voldsted;900;1066;Defensive;Castle/motte-and-bailey
1011;Jordfaestegrav;900;1066;Not categorized;Not categorized
1016;Begravelsesplads;750;1066;Not categorized;Not categorized
1016;Gravgenstand;750;1066;Not categorized;Not categorized
1016;Jordfaestegrav;750;1066;Not categorized;Not categorized
1692;Enkeltfund;750;1066;Not categorized;Not categorized
1021;Kirke;1067;1299;Religious;Church
1021;Bygning;1067;1199;Not categorized;Not categorized
1642;Jordfaestegrav;750;1066;Not categorized;Not categorized
1642;Gravgenstand;750;1066;Not categorized;Not categorized
1642;Jordfaestegrav;750;1066;Not categorized;Not categorized
1029;Jordfaestegrav;750;1066;Not categorized;Not categorized
1029;Rundhoej;750;1066;Not categorized;Not categorized
1029;Kammergrav;750;1066;Not categorized;Not categorized
1701;Borg/Voldsted;1200;1399;Defensive;Castle/motte-and-bailey
1032;Helleristning/billedsten;750;1066;Not categorized;Not categorized
1032;Vej;750;1066;Not categorized;Not categorized
1053;Enkeltfund;750;1066;Not categorized;Not categorized
1132;Borg/Voldsted;1300;1399;Defensive;Castle/motte-and-bailey
1132;Moentfund;1200;1399;Indicators_of_economic_activity;Coin findings
1132;Moentfund;1307;1327;Indicators_of_economic_activity;Coin findings
1132;Moentfund;1247;1279;Indicators_of_economic_activity;Coin findings
1064;Bosaettelse, uspec undergruppe;750;1066;Buildings;Settlement, unspecified subgroup
1066;Bygning;1067;1299;Not categorized;Not categorized
1070;Kirke;1067;1299;Religious;Church
1070;Moentfund;1300;1500;Indicators_of_economic_activity;Coin findings
1073;Runesten;750;1066;Not categorized;Not categorized
1073;Kirke;1067;1199;Religious;Church
1074;Enkeltfund;750;1066;Not categorized;Not categorized
1074;Moentfund;750;1066;Indicators_of_economic_activity;Coin findings
1074;Jordfaestegrav;750;1066;Not categorized;Not categorized
1074;Brandgrav (uspecificeret type);750;1066;Not categorized;Not categorized
1075;Kirke;1067;1299;Religious;Church
1075;Oedekirkegaard;1067;1299;Not categorized;Not categorized
1078;Jordfaestegrav;750;1066;Not categorized;Not categorized
1568;Runesten;750;1066;Not categorized;Not categorized
1569;Affaldsgrube;750;1066;Not categorized;Not categorized
1569;Kulturlag;750;1066;Not categorized;Not categorized
1124;Begravelse, uspec undergruppe;750;1066;Not categorized;Not categorized
1564;Gravgenstand;750;1066;Not categorized;Not categorized
1564;Gravgenstand;750;1066;Not categorized;Not categorized
1125;Gravgenstand;750;1066;Not categorized;Not categorized
1125;Rundhoej;750;1066;Not categorized;Not categorized
1125;Kirke;1067;1299;Religious;Church
1125;Kirkegaard;1067;1299;Not categorized;Not categorized
1126;Oedekirke;1100;1500;Not categorized;Not categorized
1126;Kirke;1200;1399;Religious;Church
1126;Oedekirke;1100;1500;Not categorized;Not categorized
1130;Enkeltfund;750;1066;Not categorized;Not categorized
1131;Affaldsgrube;750;1066;Not categorized;Not categorized
1135;Affaldsgrube;750;1066;Not categorized;Not categorized
1140;Enkeltfund;750;1066;Not categorized;Not categorized
NA;Vejdaemning;900;1066;Not categorized;Not categorized
1148;Begravelse, uspec undergruppe;750;1066;Not categorized;Not categorized
1151;Enkeltfund;750;1066;Not categorized;Not categorized
1158;Enkeltfund;750;1066;Not categorized;Not categorized
1160;Bosaettelse, uspec undergruppe;1067;1299;Buildings;Settlement, unspecified subgroup
1161;Enkeltfund;1067;1299;Not categorized;Not categorized
1165;Enkeltfund;750;1066;Not categorized;Not categorized
1166;Jordfaestegrav;750;1066;Not categorized;Not categorized
1170;Gravgenstand;750;1066;Not categorized;Not categorized
1171;Oedekirke;1100;1500;Not categorized;Not categorized
1171;Gravgenstand;750;1066;Not categorized;Not categorized
1172;Enkeltfund;750;1066;Not categorized;Not categorized
1172;Enkeltfund;750;1066;Not categorized;Not categorized
1187;Jern;1067;1399;Indicators_of_economic_activity;Iron
1187;Grubehus;750;1066;Buildings;Pit-house
1563;Runesten;750;1066;Not categorized;Not categorized
1645;Enkeltfund;750;1066;Not categorized;Not categorized
1188;Jordfaestegrav;750;1066;Not categorized;Not categorized
1194;Depotfund;750;1066;Distress;Hoard finds
1197;Jordfaestegrav;750;899;Not categorized;Not categorized
1214;Enkeltfund;750;1066;Not categorized;Not categorized
1220;Jordfaestegrav;750;1066;Not categorized;Not categorized
1224;Enkeltfund;1067;1299;Not categorized;Not categorized
1225;Kirkeinventar;1067;1299;Not categorized;Not categorized
1229;Begravelse, uspec undergruppe;750;1066;Not categorized;Not categorized
1235;Enkeltfund;750;1066;Not categorized;Not categorized
1562;Oedekirke;1100;1500;Not categorized;Not categorized
1562;Oedekirkegaard;1100;1500;Not categorized;Not categorized
1237;Moentfund;1300;1399;Indicators_of_economic_activity;Coin findings
1247;Rundhoej;900;1066;Not categorized;Not categorized
1247;Jordfaestegrav;900;1066;Not categorized;Not categorized
1247;Rundhoej;900;1066;Not categorized;Not categorized
1251;Rundhoej;750;1066;Not categorized;Not categorized
1251;Jordfaestegrav;750;1066;Not categorized;Not categorized
1251;Runesten;750;1066;Not categorized;Not categorized
1251;Depotfund;750;1066;Distress;Hoard finds
1251;Enkeltfund;750;899;Not categorized;Not categorized
1256;Moentfund;1300;1399;Indicators_of_economic_activity;Coin findings
1261;Gravgenstand;750;1066;Not categorized;Not categorized
1261;Enkeltfund;750;1066;Not categorized;Not categorized
1262;Gravgenstand;750;1066;Not categorized;Not categorized
1543;Enkeltfund;750;1066;Not categorized;Not categorized
1543;Depotfund;750;1066;Distress;Hoard finds
1543;Moentfund;900;1066;Indicators_of_economic_activity;Coin findings
1266;Jordfaestegrav;900;1066;Not categorized;Not categorized
1266;Dyregrav;900;1066;Not categorized;Not categorized
1267;Enkeltfund;750;1066;Not categorized;Not categorized
1267;Bosaettelse, uspec undergruppe;750;1066;Buildings;Settlement, unspecified subgroup
1282;Begravelse, uspec undergruppe;750;1066;Not categorized;Not categorized
1284;Enkeltfund;750;1066;Not categorized;Not categorized
NA;Brolaegning;750;1066;Not categorized;Not categorized
NA;Hus (evt. med stald);750;1066;Buildings;House (possibly with a stable)
1293;Enkeltfund;750;1066;Not categorized;Not categorized
1293;Hus (evt. med stald);750;1066;Buildings;House (possibly with a stable)
1293;Affaldsgrube;750;1066;Not categorized;Not categorized
1293;Enkeltfund;750;1066;Not categorized;Not categorized
1300;Affaldsgrube;750;1066;Not categorized;Not categorized
1312;Gravgenstand;750;1066;Not categorized;Not categorized
1315;Gravgenstand;750;1066;Not categorized;Not categorized
1331;Enkeltfund;750;1066;Not categorized;Not categorized
1338;Rundhoej;750;1066;Not categorized;Not categorized
1347;Rundhoej;750;1066;Not categorized;Not categorized
1347;Jordfaestegrav;750;1066;Not categorized;Not categorized
1372;Runesten;750;1066;Not categorized;Not categorized
1373;Hus (evt. med stald);1067;1199;Buildings;House (possibly with a stable)
1373;Bosaettelse, uspec undergruppe;1067;1199;Buildings;Settlement, unspecified subgroup
1375;Hus (evt. med stald);1067;1299;Buildings;House (possibly with a stable)
1375;Hegn/gaerde;1067;1299;Buildings;Hedge/fence
1380;Enkeltfund;750;1066;Not categorized;Not categorized
1381;Depotfund;750;1066;Distress;Hoard finds
1381;Kulturlag;1200;1399;Not categorized;Not categorized
1381;Kulturlag;1400;1499;Not categorized;Not categorized
1382;Borg/Voldsted;1067;1299;Defensive;Castle/motte-and-bailey
1382;Enkeltfund;750;1066;Not categorized;Not categorized
1382;Enkeltfund;750;1066;Not categorized;Not categorized
1382;Moentfund;1200;1299;Indicators_of_economic_activity;Coin findings
1384;Depotfund;750;1066;Distress;Hoard finds
1384;Moentfund;750;1066;Indicators_of_economic_activity;Coin findings
1384;Enkeltfund;750;1066;Not categorized;Not categorized
1384;Bosaettelse, uspec undergruppe;750;1066;Buildings;Settlement, unspecified subgroup
1384;Tekstil;750;1066;Indicators_of_economic_activity;Textile
1384;Ben/Horn;750;1066;Not categorized;Not categorized
1384;Metal;750;1066;Indicators_of_economic_activity;Metal
1384;Broend;1067;1299;Buildings;Well
1384;Grubehus;750;1066;Buildings;Pit-house
1387;Enkeltfund;750;1066;Not categorized;Not categorized
1387;Bosaettelse, uspec undergruppe;750;1066;Buildings;Settlement, unspecified subgroup
1387;Baad-/skibsgrav;750;1066;Not categorized;Not categorized
1387;Kammergrav;750;1066;Not categorized;Not categorized
1387;Jordfaestegrav;750;1066;Not categorized;Not categorized
1387;Bosaettelse, uspec undergruppe;750;1066;Buildings;Settlement, unspecified subgroup
1389;Rundhoej;750;1066;Not categorized;Not categorized
1389;Kammergrav;750;1066;Not categorized;Not categorized
1390;Hus (evt. med stald);750;1066;Buildings;House (possibly with a stable)
1390;Enkeltfund;750;1066;Not categorized;Not categorized
1391;Gravgenstand;750;1066;Not categorized;Not categorized
1391;Hus (evt. med stald);750;1066;Buildings;House (possibly with a stable)
NA;Enkeltfund;750;1066;Not categorized;Not categorized
1393;Gravgenstand;750;1066;Not categorized;Not categorized
1394;Hus (evt. med stald);750;1066;Buildings;House (possibly with a stable)
1395;Begravelse, uspec undergruppe;750;1066;Not categorized;Not categorized
1397;Bosaettelse, uspec undergruppe;750;1066;Buildings;Settlement, unspecified subgroup
1706;Bosaettelse, uspec undergruppe;1067;1299;Buildings;Settlement, unspecified subgroup
1415;Bro;750;899;Not categorized;Not categorized
1708;Marksystem;1067;1199;Not categorized;Not categorized
1708;Hus (evt. med stald);1067;1199;Buildings;House (possibly with a stable)
1708;Bosaettelse, uspec undergruppe;750;1066;Buildings;Settlement, unspecified subgroup
1420;Enkeltfund;750;1066;Not categorized;Not categorized
1420;Grube (uspecificeret funktion);750;1066;Not categorized;Not categorized
1421;Begravelse, uspec undergruppe;750;1066;Not categorized;Not categorized
1423;Runesten;750;1066;Not categorized;Not categorized
1426;Jordfaestegrav;750;1066;Not categorized;Not categorized
1426;Kammergrav;750;1066;Not categorized;Not categorized
1430;Enkeltfund;750;1066;Not categorized;Not categorized
1430;Bosaettelse, uspec undergruppe;750;1066;Buildings;Settlement, unspecified subgroup
1433;Bosaettelse, uspec undergruppe;750;1066;Buildings;Settlement, unspecified subgroup
1439;Oedekirke;1100;1440;Not categorized;Not categorized
1439;Oedekirkegaard;1100;1440;Not categorized;Not categorized
1446;Kammergrav;920;960;Not categorized;Not categorized
1446;Bosaettelse, uspec undergruppe;750;1066;Buildings;Settlement, unspecified subgroup
1448;Enkeltfund;750;1066;Not categorized;Not categorized
1453;Depotfund;750;1066;Distress;Hoard finds
1453;Moentfund;750;1066;Indicators_of_economic_activity;Coin findings
1454;Enkeltfund;1067;1299;Not categorized;Not categorized
1454;Broend;1067;1299;Buildings;Well
1464;Bygning;1067;1299;Not categorized;Not categorized
1464;Bygning;1067;1299;Not categorized;Not categorized
1464;Votivfund;750;1066;Not categorized;Not categorized
1465;Enkeltfund;750;899;Not categorized;Not categorized
1466;Jordfaestegrav;1067;1299;Not categorized;Not categorized
1466;Jordfaestegrav;1067;1299;Not categorized;Not categorized
1466;Enkeltfund;750;1066;Not categorized;Not categorized
1467;Gravgenstand;750;1066;Not categorized;Not categorized
1678;Kirkegaard;1067;1299;Not categorized;Not categorized
1480;Tegl;1067;1299;Indicators_of_economic_activity;Brick
1482;Platform for hus eller gaard;750;1066;Not categorized;Not categorized
1486;Jordfaestegrav;750;1066;Not categorized;Not categorized
1486;Enkeltfund;750;1066;Not categorized;Not categorized
1492;Enkeltfund;750;1066;Not categorized;Not categorized
1493;Platform for hus eller gaard;750;1066;Not categorized;Not categorized
1497;Runesten;750;1066;Not categorized;Not categorized
NA;Enkeltfund;750;1066;Not categorized;Not categorized
1498;Brolaegning;750;1066;Not categorized;Not categorized
1498;Broend;750;1066;Buildings;Well
1499;Enkeltfund;1250;1400;Not categorized;Not categorized
1502;Enkeltfund;750;1066;Not categorized;Not categorized
1508;Bosaettelse, uspec undergruppe;1067;1299;Buildings;Settlement, unspecified subgroup
1509;Enkeltfund;750;1066;Not categorized;Not categorized
1510;Kirke;1200;1399;Religious;Church
1510;Kirkegaard;1200;1399;Not categorized;Not categorized
1510;Oedekirke;1200;1411;Not categorized;Not categorized
1510;Oedekirkegaard;1200;1411;Not categorized;Not categorized
1515;Runesten;750;1066;Not categorized;Not categorized
1516;Jordfaestegrav;750;1066;Not categorized;Not categorized
1516;Stensaetning;750;1066;Not categorized;Not categorized
1516;Enkeltfund;1067;1299;Not categorized;Not categorized
1521;Jordfaestegrav;750;1066;Not categorized;Not categorized
1521;Forsvarsvold;1067;1299;Defensive;Rampart
1521;Affaldsgrube;1067;1299;Not categorized;Not categorized
1521;Hus (evt. med stald);1067;1299;Buildings;House (possibly with a stable)
1521;Kulturlag;1067;1299;Not categorized;Not categorized
1526;Runesten;750;1066;Not categorized;Not categorized
1528;Enkeltfund;750;1066;Not categorized;Not categorized
1529;Jordfaestegrav;750;1066;Not categorized;Not categorized
256;Brandgrav (uspecificeret type);750;1066;Not categorized;Not categorized
262;Depotfund;750;1066;Distress;Hoard finds
262;Moentfund;750;1066;Indicators_of_economic_activity;Coin findings
1597;Enkeltfund;750;1066;Not categorized;Not categorized
1599;Brolaegning;750;1066;Not categorized;Not categorized
1599;Plankevej;750;1066;Not categorized;Not categorized
1599;Risvej;750;1066;Not categorized;Not categorized
1599;Enkeltfund;750;1066;Not categorized;Not categorized
1599;Diverse anlaeg og genstande, uspec undergruppe;750;1066;Not categorized;Not categorized
1599;Bro;750;1066;Not categorized;Not categorized
NA;Moentfund;1300;1399;Indicators_of_economic_activity;Coin findings
279;Enkeltfund;750;1066;Not categorized;Not categorized
NA;Enkeltfund;750;1066;Not categorized;Not categorized
283;Enkeltfund;750;1066;Not categorized;Not categorized
293;Brandgrav (uspecificeret type);750;1066;Not categorized;Not categorized
293;Stensaetning;750;1066;Not categorized;Not categorized
295;Moentfund;1067;1199;Indicators_of_economic_activity;Coin findings
295;Moentfund;1200;1399;Indicators_of_economic_activity;Coin findings
297;Enkeltfund;750;1066;Not categorized;Not categorized
297;Brandgrav (uspecificeret type);750;1066;Not categorized;Not categorized
NA;Moentfund;750;1066;Indicators_of_economic_activity;Coin findings
299;Depotfund;750;1066;Distress;Hoard finds
299;Enkeltfund;750;1066;Not categorized;Not categorized
NA;Jordfaestegrav;750;1066;Not categorized;Not categorized
NA;Depotfund;750;1066;Distress;Hoard finds
306;Jordfaestegrav;750;1066;Not categorized;Not categorized
306;Stenraekke;750;1066;Not categorized;Not categorized
306;Dyreben;750;1066;Not categorized;Not categorized
309;Enkeltfund;750;1066;Not categorized;Not categorized
314;Enkeltfund;750;1066;Not categorized;Not categorized
320;Runesten;750;1066;Not categorized;Not categorized
325;Enkeltfund;750;1066;Not categorized;Not categorized
323;Vrag;750;1066;Not categorized;Not categorized
323;Skelet;750;1066;Not categorized;Not categorized
NA;Bygning;1400;1499;Not categorized;Not categorized
1624;Kulturlag;750;1066;Not categorized;Not categorized
1624;Kulturlag;1067;1299;Not categorized;Not categorized
1624;Ildsted;750;1066;Not categorized;Not categorized
1624;Ildsted;1067;1299;Not categorized;Not categorized
1624;Bygning;750;1066;Not categorized;Not categorized
1624;Bygning;1067;1299;Not categorized;Not categorized
1624;Kulturlag;1067;1299;Not categorized;Not categorized
1624;Marksystem;750;1066;Not categorized;Not categorized
1624;Marksystem;1067;1299;Not categorized;Not categorized
1624;Groeft (afvanding);1067;1299;Not categorized;Not categorized
1624;Hus (evt. med stald);1067;1299;Buildings;House (possibly with a stable)
1624;Broend;1067;1299;Buildings;Well
NA;Kulturlag;1067;1299;Not categorized;Not categorized
1624;Kulturlag;750;1066;Not categorized;Not categorized
1624;Hus (evt. med stald);750;1066;Buildings;House (possibly with a stable)
1624;Kulturlag;1067;1299;Not categorized;Not categorized
1624;Metal;1067;1299;Indicators_of_economic_activity;Metal
1624;Metal;1067;1199;Indicators_of_economic_activity;Metal
1624;Kapel;1200;1299;Religious;Chapel
1624;Kirke;1067;1299;Religious;Church
1624;Kirkegaard;1067;1299;Not categorized;Not categorized
324;Runesten;750;1066;Not categorized;Not categorized
325;Enkeltfund;750;1066;Not categorized;Not categorized
326;Bosaettelse, uspec undergruppe;750;1066;Buildings;Settlement, unspecified subgroup
326;Ildsted;1067;1299;Not categorized;Not categorized
1719;Klosteranlaeg;1067;1199;Religious;Monastery complex
1719;Kirke;1067;1199;Religious;Church
1718;Diverse anlaeg og genstande, uspec undergruppe;1377;1481;Not categorized;Not categorized
NA;Kulturlag;1200;1399;Not categorized;Not categorized
NA;Hus (evt. med stald);1200;1399;Buildings;House (possibly with a stable)
NA;Moentfund;1200;1399;Indicators_of_economic_activity;Coin findings
NA;Moentfund;1067;1299;Indicators_of_economic_activity;Coin findings
NA;Enkeltfund;1200;1399;Not categorized;Not categorized
11;Borg/Voldsted;1067;1299;Defensive;Castle/motte-and-bailey
14;Depotfund;750;1066;Distress;Hoard finds
14;Moentfund;750;1066;Indicators_of_economic_activity;Coin findings
14;Jordfaestegrav;750;1066;Not categorized;Not categorized
14;Runesten;750;1066;Not categorized;Not categorized
14;Runesten;750;1066;Not categorized;Not categorized
14;Runesten;750;1066;Not categorized;Not categorized
15;Enkeltfund;750;1066;Not categorized;Not categorized
16;Jordfaestegrav;750;1066;Not categorized;Not categorized
17;Enkeltfund;750;1066;Not categorized;Not categorized
17;Enkeltfund;1067;1299;Not categorized;Not categorized
17;Moentfund;1300;1399;Indicators_of_economic_activity;Coin findings
NA;Klosteranlaeg;1067;1299;Religious;Monastery complex
NA;Kirke;1067;1299;Religious;Church
NA;Moentfund;1067;1199;Indicators_of_economic_activity;Coin findings
NA;Moentfund;1300;1399;Indicators_of_economic_activity;Coin findings
1793;Moentfund;1067;1299;Indicators_of_economic_activity;Coin findings
24;Enkeltfund;750;1066;Not categorized;Not categorized
24;Moentfund;750;1066;Indicators_of_economic_activity;Coin findings
31;Jordfaestegrav;750;1066;Not categorized;Not categorized
24;Depotfund;750;1066;Distress;Hoard finds
24;Enkeltfund;750;1066;Not categorized;Not categorized
27;Runesten;750;1066;Not categorized;Not categorized
28;Enkeltfund;750;1066;Not categorized;Not categorized
29;Kampplads;1067;1199;Not categorized;Not categorized
29;Enkeltfund;750;1066;Not categorized;Not categorized
29;Moentfund;1200;1299;Indicators_of_economic_activity;Coin findings
29;Affaldsgrube;1067;1299;Not categorized;Not categorized
NA;Borg/Voldsted;1067;1199;Defensive;Castle/motte-and-bailey
34;Enkeltfund;1067;1299;Not categorized;Not categorized
1587;Plankevej;1300;1399;Not categorized;Not categorized
41;Moentfund;750;1066;Indicators_of_economic_activity;Coin findings
41;Enkeltfund;750;1066;Not categorized;Not categorized
41;Enkeltfund;750;1066;Not categorized;Not categorized
NA;Jordfaestegrav;1067;1299;Not categorized;Not categorized
41;Bosaettelse, uspec undergruppe;750;1066;Buildings;Settlement, unspecified subgroup
41;Bosaettelse, uspec undergruppe;1067;1299;Buildings;Settlement, unspecified subgroup
41;Grubehus;750;899;Buildings;Pit-house
82;Enkeltfund;750;1066;Not categorized;Not categorized
82;Moentfund;1300;1399;Indicators_of_economic_activity;Coin findings
48;Enkeltfund;750;1066;Not categorized;Not categorized
51;Enkeltfund;750;1066;Not categorized;Not categorized
259;Borg/Voldsted;900;1066;Defensive;Castle/motte-and-bailey
56;Enkeltfund;750;1066;Not categorized;Not categorized
60;Enkeltfund;750;1066;Not categorized;Not categorized
1585;Runesten;750;1066;Not categorized;Not categorized
1585;Runesten;750;1066;Not categorized;Not categorized
66;Enkeltfund;750;1066;Not categorized;Not categorized
68;Enkeltfund;750;1066;Not categorized;Not categorized
68;Depotfund;750;1066;Distress;Hoard finds
69;Jordfaestegrav;750;1066;Not categorized;Not categorized
72;Gaard;750;1066;Buildings;Farmstead
72;Lade;750;1066;Buildings;Barn
72;Hegn/gaerde;750;1066;Buildings;Hedge/fence
72;Drivvej;750;1066;Not categorized;Not categorized
73;Enkeltfund;750;1066;Not categorized;Not categorized
1600;Enkeltfund;750;1066;Not categorized;Not categorized
1610;Enkeltfund;750;1066;Not categorized;Not categorized
1614;Kirkegaard;1067;1299;Not categorized;Not categorized
77;Gravgenstand;750;1066;Not categorized;Not categorized
77;Hus (evt. med stald);750;1066;Buildings;House (possibly with a stable)
1600;Broend;1400;1499;Buildings;Well
79;Enkeltfund;750;1066;Not categorized;Not categorized
79;Hus (evt. med stald);750;1066;Buildings;House (possibly with a stable)
80;Jordfaestegrav;750;1066;Not categorized;Not categorized
81;Enkeltfund;750;1066;Not categorized;Not categorized
81;Moentfund;1200;1399;Indicators_of_economic_activity;Coin findings
81;Moentfund;1067;1499;Indicators_of_economic_activity;Coin findings
82;Enkeltfund;750;1066;Not categorized;Not categorized
82;Enkeltfund;750;1066;Not categorized;Not categorized
82;Enkeltfund;750;1066;Not categorized;Not categorized
NA;Enkeltfund;750;1066;Not categorized;Not categorized
NA;Enkeltfund;1067;1299;Not categorized;Not categorized
86;Jordfaestegrav;750;1066;Not categorized;Not categorized
86;Enkeltfund;750;1066;Not categorized;Not categorized
90;Grube (uspecificeret funktion);750;1066;Not categorized;Not categorized
90;Jordfaestegrav;750;1066;Not categorized;Not categorized
86;Enkeltfund;750;1066;Not categorized;Not categorized
102;Jordfaestegrav;750;1066;Not categorized;Not categorized
102;Brandgrav (uspecificeret type);750;1066;Not categorized;Not categorized
102;Skibssaetning;750;1066;Not categorized;Not categorized
102;Jordfaestegrav;750;1066;Not categorized;Not categorized
1619;Enkeltfund;750;1066;Not categorized;Not categorized
1619;Enkeltfund;750;1066;Not categorized;Not categorized
1619;Kirke;1067;1299;Religious;Church
1619;Kirkegaard;1067;1299;Not categorized;Not categorized
1619;Moentfund;1200;1299;Indicators_of_economic_activity;Coin findings
1619;Bosaettelse, uspec undergruppe;750;1066;Buildings;Settlement, unspecified subgroup
1619;Oedekirkegaard;1067;1299;Not categorized;Not categorized
1619;Oedekirke;1067;1299;Not categorized;Not categorized
1619;Bygning;1067;1299;Not categorized;Not categorized
1619;Kirke;1067;1299;Religious;Church
1619;Moentfund;1067;1199;Indicators_of_economic_activity;Coin findings
1619;Moentfund;1067;1299;Indicators_of_economic_activity;Coin findings
1619;Oedekirke;1200;1399;Not categorized;Not categorized
1619;Depotfund;1300;1399;Distress;Hoard finds
1619;Moentfund;1300;1399;Indicators_of_economic_activity;Coin findings
1619;Kirke;1067;1299;Religious;Church
1619;Kirkegaard;1067;1299;Not categorized;Not categorized
1619;Affaldsgrube;750;1066;Not categorized;Not categorized
1619;Moentfund;1200;1399;Indicators_of_economic_activity;Coin findings
1619;Broend;1067;1299;Buildings;Well
1619;Metal;1067;1299;Indicators_of_economic_activity;Metal
1619;Hus (evt. med stald);1067;1299;Buildings;House (possibly with a stable)
1619;Moentfund;1067;1299;Indicators_of_economic_activity;Coin findings
1619;Enkeltfund;750;1066;Not categorized;Not categorized
1619;Enkeltfund;1067;1299;Not categorized;Not categorized
1619;Enkeltfund;750;1066;Not categorized;Not categorized
1619;Gaard;1067;1299;Buildings;Farmstead
1619;Broend;1067;1299;Buildings;Well
1619;Hegn/gaerde;1067;1299;Buildings;Hedge/fence
1619;Groeft (afvanding);1067;1299;Not categorized;Not categorized
1619;Metal;1067;1299;Indicators_of_economic_activity;Metal
1619;Keramik;1067;1299;Indicators_of_economic_activity;Pottery
1619;Hus (evt. med stald);750;1066;Buildings;House (possibly with a stable)
1619;Grubehus;750;1066;Buildings;Pit-house
1619;Enkeltfund;1067;1299;Not categorized;Not categorized
1617;Moentfund;1067;1199;Indicators_of_economic_activity;Coin findings
1616;Jordfaestegrav;750;1066;Not categorized;Not categorized
1616;Kirke;1067;1299;Religious;Church
1616;Moentfund;1067;1299;Indicators_of_economic_activity;Coin findings
1616;Kirke;1067;1299;Religious;Church
1616;Moentfund;1067;1299;Indicators_of_economic_activity;Coin findings
1616;Kirkegaard;1067;1299;Not categorized;Not categorized
88;Gravgenstand;750;1066;Not categorized;Not categorized
1616;Hus (evt. med stald);900;1066;Buildings;House (possibly with a stable)
1616;Grubehus;900;1066;Buildings;Pit-house
1616;Hegn/gaerde;900;1066;Buildings;Hedge/fence
1616;Hus (evt. med stald);1067;1299;Buildings;House (possibly with a stable)
1616;Bygning;1067;1299;Not categorized;Not categorized
1616;Bygning;1067;1299;Not categorized;Not categorized
1616;Hegn/gaerde;1067;1299;Buildings;Hedge/fence
1616;Affaldsgrube;1067;1299;Not categorized;Not categorized
1616;Moentfund;1067;1299;Indicators_of_economic_activity;Coin findings
90;Rundhoej;750;1066;Not categorized;Not categorized
90;Jordfaestegrav;750;1066;Not categorized;Not categorized
99;Skibssaetning;750;1066;Not categorized;Not categorized
99;Runesten;750;1066;Not categorized;Not categorized
99;Jordfaestegrav;750;1066;Not categorized;Not categorized
99;Gravgenstand;750;1066;Not categorized;Not categorized
100;Diverse anlaeg og genstande, uspec undergruppe;1067;1299;Not categorized;Not categorized
1618;Hus (evt. med stald);750;1066;Buildings;House (possibly with a stable)
1618;Grubehus;750;1066;Buildings;Pit-house
1618;Enkeltfund;1200;1399;Not categorized;Not categorized
1618;Affaldsgrube;1067;1299;Not categorized;Not categorized
1618;Bosaettelse, uspec undergruppe;750;1066;Buildings;Settlement, unspecified subgroup
1618;Bosaettelse, uspec undergruppe;1067;1299;Buildings;Settlement, unspecified subgroup
1618;Enkeltfund;900;1066;Not categorized;Not categorized
102;Depotfund;750;1066;Distress;Hoard finds
102;Bosaettelse, uspec undergruppe;750;1066;Buildings;Settlement, unspecified subgroup
102;Moentfund;1200;1399;Indicators_of_economic_activity;Coin findings
102;Bosaettelse, uspec undergruppe;750;1066;Buildings;Settlement, unspecified subgroup
102;Enkeltfund;750;1066;Not categorized;Not categorized
104;Jordfaestegrav;750;1066;Not categorized;Not categorized
108;Moentfund;1067;1299;Indicators_of_economic_activity;Coin findings
106;Jordfaestegrav;750;1066;Not categorized;Not categorized
106;Doedehus;750;1066;Not categorized;Not categorized
110;Enkeltfund;750;1066;Not categorized;Not categorized
113;Borg/Voldsted;1200;1299;Defensive;Castle/motte-and-bailey
113;Borg/Voldsted;1300;1399;Defensive;Castle/motte-and-bailey
114;Enkeltfund;750;1066;Not categorized;Not categorized
116;Jordfaestegrav;750;1066;Not categorized;Not categorized
117;Hoejsagn;1067;1299;Not categorized;Not categorized
118;Enkeltfund;750;1066;Not categorized;Not categorized
118;Enkeltfund;750;1066;Not categorized;Not categorized
122;Enkeltfund;750;1066;Not categorized;Not categorized
118;Enkeltfund;750;1066;Not categorized;Not categorized
118;Moentfund;1200;1299;Indicators_of_economic_activity;Coin findings
118;Moentfund;1200;1399;Indicators_of_economic_activity;Coin findings
118;Moentfund;1300;1399;Indicators_of_economic_activity;Coin findings
118;Moentfund;1400;1499;Indicators_of_economic_activity;Coin findings
118;Enkeltfund;750;1066;Not categorized;Not categorized
118;Bosaettelse, uspec undergruppe;750;1066;Buildings;Settlement, unspecified subgroup
118;Jordfaestegrav;750;1066;Not categorized;Not categorized
118;Enkeltfund;750;1066;Not categorized;Not categorized
119;Enkeltfund;750;1066;Not categorized;Not categorized
122;Moentfund;750;1066;Indicators_of_economic_activity;Coin findings
122;Bosaettelse, uspec undergruppe;750;1066;Buildings;Settlement, unspecified subgroup
122;Jordfaestegrav;750;1066;Not categorized;Not categorized
122;Moentfund;750;1066;Indicators_of_economic_activity;Coin findings
118;Dyreben;750;1066;Not categorized;Not categorized
120;Gravgenstand;750;1066;Not categorized;Not categorized
120;Enkeltfund;750;899;Not categorized;Not categorized
120;Broend;1067;1199;Buildings;Well
120;Affaldsgrube;1067;1199;Not categorized;Not categorized
121;Depotfund;750;1066;Distress;Hoard finds
122;Enkeltfund;750;1066;Not categorized;Not categorized
122;Jordfaestegrav;750;1066;Not categorized;Not categorized
NA;Enkeltfund;750;1066;Not categorized;Not categorized
126;Bosaettelse, uspec undergruppe;750;1066;Buildings;Settlement, unspecified subgroup
126;Bosaettelse, uspec undergruppe;1067;1299;Buildings;Settlement, unspecified subgroup
1840;Enkeltfund;750;1066;Not categorized;Not categorized
128;Enkeltfund;1300;1399;Not categorized;Not categorized
128;Moentfund;1067;1499;Indicators_of_economic_activity;Coin findings
128;Diverse anlaeg og genstande, uspec undergruppe;1067;1199;Not categorized;Not categorized
1584;Stenbygget grav;750;1066;Not categorized;Not categorized
1584;Enkeltfund;750;1066;Not categorized;Not categorized
135;Enkeltfund;750;1066;Not categorized;Not categorized
180;Enkeltfund;750;1066;Not categorized;Not categorized
1604;Enkeltfund;750;1066;Not categorized;Not categorized
148;Enkeltfund;750;1066;Not categorized;Not categorized
148;Enkeltfund;750;1066;Not categorized;Not categorized
1782;Broend;750;1066;Buildings;Well
1782;Bosaettelse, uspec undergruppe;750;1066;Buildings;Settlement, unspecified subgroup
1778;Enkeltfund;1067;1299;Not categorized;Not categorized
NA;Borg/Voldsted;1067;1299;Defensive;Castle/motte-and-bailey
1792;Gravgenstand;750;1066;Not categorized;Not categorized
1792;Enkeltfund;750;1066;Not categorized;Not categorized
1792;Enkeltfund;750;1066;Not categorized;Not categorized
1792;Enkeltfund;750;1066;Not categorized;Not categorized
1792;Enkeltfund;750;1066;Not categorized;Not categorized
1785;Enkeltfund;750;1066;Not categorized;Not categorized
150;Jordfaestegrav;750;1066;Not categorized;Not categorized
150;Kirke;1067;1500;Religious;Church
150;Kirkegaard;1067;1500;Not categorized;Not categorized
150;Enkeltfund;750;1066;Not categorized;Not categorized
1780;Depotfund;750;1066;Distress;Hoard finds
1730;Brandgrav i traekiste;750;1066;Not categorized;Not categorized
1730;Plankekiste;750;1066;Not categorized;Not categorized
1730;Plankekiste;750;1066;Not categorized;Not categorized
1730;Plankekiste;750;1066;Not categorized;Not categorized
1730;Brandgrav i traekiste;750;1066;Not categorized;Not categorized
1730;Brandgrav i traekiste;750;1066;Not categorized;Not categorized
1730;Bosaettelse, uspec undergruppe;750;1066;Buildings;Settlement, unspecified subgroup
1730;Enkeltfund;750;1066;Not categorized;Not categorized
152;Grubehus;750;1066;Buildings;Pit-house
152;Grubehus;750;1066;Buildings;Pit-house
152;Tekstil;750;1066;Indicators_of_economic_activity;Textile
152;Affaldsgrube;750;1066;Not categorized;Not categorized
152;Enkeltfund;750;1066;Not categorized;Not categorized
153;Jordfaestegrav;750;1066;Not categorized;Not categorized
153;Jordfaestegrav;750;1066;Not categorized;Not categorized
153;Brandgrav (uspecificeret type);750;1066;Not categorized;Not categorized
153;Jordfaestegrav;750;1066;Not categorized;Not categorized
155;Enkeltfund;750;1066;Not categorized;Not categorized
1775;Enkeltfund;750;1066;Not categorized;Not categorized
156;Enkeltfund;750;1066;Not categorized;Not categorized
156;Enkeltfund;750;1066;Not categorized;Not categorized
NA;Jordfaestegrav;750;1066;Not categorized;Not categorized
159;Depotfund;750;1066;Distress;Hoard finds
159;Enkeltfund;750;1066;Not categorized;Not categorized
161;Moentfund;1200;1399;Indicators_of_economic_activity;Coin findings
1781;Enkeltfund;750;1066;Not categorized;Not categorized
169;Enkeltfund;750;1066;Not categorized;Not categorized
1787;Moentfund;1200;1399;Indicators_of_economic_activity;Coin findings
162;Enkeltfund;750;1066;Not categorized;Not categorized
163;Stenbygget grav;750;1066;Not categorized;Not categorized
1788;Enkeltfund;750;1066;Not categorized;Not categorized
NA;Jordfaestegrav;750;1066;Not categorized;Not categorized
166;Enkeltfund;750;1066;Not categorized;Not categorized
171;Moentfund;1286;1450;Indicators_of_economic_activity;Coin findings
171;Enkeltfund;750;1066;Not categorized;Not categorized
171;Moentfund;1300;1499;Indicators_of_economic_activity;Coin findings
173;Moentfund;1300;1399;Indicators_of_economic_activity;Coin findings
1623;Runesten;750;1066;Not categorized;Not categorized
175;Enkeltfund;750;1066;Not categorized;Not categorized
177;Borg/Voldsted;1067;1199;Defensive;Castle/motte-and-bailey
180;Depotfund;750;1066;Distress;Hoard finds
180;Depotfund;750;1066;Distress;Hoard finds
182;Enkeltfund;750;1066;Not categorized;Not categorized
NA;Enkeltfund;750;1066;Not categorized;Not categorized
183;Enkeltfund;1067;1299;Not categorized;Not categorized
187;Kapel;1067;1299;Religious;Chapel
187;Moentfund;1300;1399;Indicators_of_economic_activity;Coin findings
190;Moentfund;1067;1299;Indicators_of_economic_activity;Coin findings
190;Stenlaegning/Stensamling;750;1066;Not categorized;Not categorized
189;Enkeltfund;750;1066;Not categorized;Not categorized
193;Bosaettelse, uspec undergruppe;1200;1299;Buildings;Settlement, unspecified subgroup
194;Enkeltfund;1300;1399;Not categorized;Not categorized
195;Runesten;750;1066;Not categorized;Not categorized
196;Enkeltfund;750;1066;Not categorized;Not categorized
198;Depotfund;750;1066;Distress;Hoard finds
199;Enkeltfund;750;1066;Not categorized;Not categorized
199;Moentfund;750;1066;Indicators_of_economic_activity;Coin findings
200;Enkeltfund;750;1066;Not categorized;Not categorized
205;Borg/Voldsted;1300;1399;Defensive;Castle/motte-and-bailey
205;Jordfaestegrav;750;1066;Not categorized;Not categorized
NA;Jordfaestegrav;750;1066;Not categorized;Not categorized
208;Jordfaestegrav;750;1066;Not categorized;Not categorized
1838;Borg/Voldsted;750;1066;Defensive;Castle/motte-and-bailey
1838;Bygning;750;1066;Not categorized;Not categorized
1838;Jordfaestegrav;750;1066;Not categorized;Not categorized
208;Jordfaestegrav;750;1066;Not categorized;Not categorized
208;Bautasten;750;1066;Not categorized;Not categorized
208;Jordfaestegrav;750;1066;Not categorized;Not categorized
209;Enkeltfund;750;1066;Not categorized;Not categorized
1836;Jordfaestegrav;750;1066;Not categorized;Not categorized
NA;Borg/Voldsted;1067;1299;Defensive;Castle/motte-and-bailey
NA;Bygning;1067;1299;Not categorized;Not categorized
214;Jordfaestegrav;750;1066;Not categorized;Not categorized
214;Bosaettelse, uspec undergruppe;750;1066;Buildings;Settlement, unspecified subgroup
214;Enkeltfund;750;1066;Not categorized;Not categorized
215;Moentfund;1300;1399;Indicators_of_economic_activity;Coin findings
217;Enkeltfund;750;1066;Not categorized;Not categorized
233;Enkeltfund;750;1066;Not categorized;Not categorized
219;Enkeltfund;750;1066;Not categorized;Not categorized
1839;Jordfaestegrav;750;1066;Not categorized;Not categorized
NA;Borg/Voldsted;1067;1299;Defensive;Castle/motte-and-bailey
NA;Enkeltfund;1067;1299;Not categorized;Not categorized
1839;Depotfund;750;1066;Distress;Hoard finds
1839;Jordfaestegrav;750;1066;Not categorized;Not categorized
1839;Brandgrav (uspecificeret type);750;1066;Not categorized;Not categorized
NA;Moentfund;750;1066;Indicators_of_economic_activity;Coin findings
NA;Moentfund;1067;1299;Indicators_of_economic_activity;Coin findings
NA;Moentfund;1200;1399;Indicators_of_economic_activity;Coin findings
1839;Enkeltfund;750;1066;Not categorized;Not categorized
1839;Bosaettelse, uspec undergruppe;1067;1299;Buildings;Settlement, unspecified subgroup
1838;Jordfaestegrav;750;1066;Not categorized;Not categorized
1838;Jordfaestegrav;750;1066;Not categorized;Not categorized
1838;Brandgrav (uspecificeret type);750;1066;Not categorized;Not categorized
1838;Brandgrav (uspecificeret type);750;1066;Not categorized;Not categorized
1838;Brandgrav (uspecificeret type);750;1066;Not categorized;Not categorized
1838;Brandgrav (uspecificeret type);750;1066;Not categorized;Not categorized
222;Runesten;750;1066;Not categorized;Not categorized
223;Rundhoej;750;1066;Not categorized;Not categorized
223;Jordfaestegrav;750;1066;Not categorized;Not categorized
228;Enkeltfund;1067;1299;Not categorized;Not categorized
246;Enkeltfund;750;1066;Not categorized;Not categorized
72;Affaldsgrube;750;1066;Not categorized;Not categorized
72;Hegn/gaerde;750;1066;Buildings;Hedge/fence
72;Hus (evt. med stald);750;1066;Buildings;House (possibly with a stable)
72;Affaldsgrube;1067;1299;Not categorized;Not categorized
72;Hegn/gaerde;1067;1299;Buildings;Hedge/fence
72;Hus (evt. med stald);1067;1299;Buildings;House (possibly with a stable)
205;Enkeltfund;750;1066;Not categorized;Not categorized
1599;Jordfaestegrav;750;1066;Not categorized;Not categorized
1599;Grube (uspecificeret funktion);750;1066;Not categorized;Not categorized
1599;Votivfund;750;1066;Not categorized;Not categorized
83;Moentfund;1067;1199;Indicators_of_economic_activity;Coin findings
83;Moentfund;1200;1399;Indicators_of_economic_activity;Coin findings
24;Affaldsgrube;750;1066;Not categorized;Not categorized
24;Hus (evt. med stald);1200;1399;Buildings;House (possibly with a stable)
1619;Kirke;1067;1299;Religious;Church
102;Moentfund;750;1066;Indicators_of_economic_activity;Coin findings
1809;Klosteranlaeg;1400;1499;Religious;Monastery complex
1809;Kirke;1400;1499;Religious;Church
NA;Moentfund;1400;1499;Indicators_of_economic_activity;Coin findings
NA;Kirke;1067;1067;Religious;Church
1454;Rundhoej;750;1066;Not categorized;Not categorized
1454;Jordfaestegrav;750;1066;Not categorized;Not categorized
1454;Rundhoej;750;1066;Not categorized;Not categorized
1454;Jordfaestegrav;750;1066;Not categorized;Not categorized
1454;Moentfund;750;1066;Indicators_of_economic_activity;Coin findings
1648;Moentfund;1067;1299;Indicators_of_economic_activity;Coin findings
1583;Runesten;750;1066;Not categorized;Not categorized
330;Runesten;1067;1299;Not categorized;Not categorized
1581;Kogegrube;750;1066;Not categorized;Not categorized
1581;Hus (evt. med stald);750;1066;Buildings;House (possibly with a stable)
1581;Moentfund;750;1066;Indicators_of_economic_activity;Coin findings
1581;Moentfund;750;1066;Indicators_of_economic_activity;Coin findings
1581;Enkeltfund;750;1066;Not categorized;Not categorized
1581;Moentfund;750;1066;Indicators_of_economic_activity;Coin findings
1581;Kogegrube;750;1066;Not categorized;Not categorized
1581;Kogegrube;750;1066;Not categorized;Not categorized
1581;Affaldsgrube;1067;1299;Not categorized;Not categorized
1581;Hus (evt. med stald);750;1066;Buildings;House (possibly with a stable)
1581;Hus (evt. med stald);1067;1299;Buildings;House (possibly with a stable)
1581;Moentfund;750;899;Indicators_of_economic_activity;Coin findings
1581;Moentfund;750;1066;Indicators_of_economic_activity;Coin findings
1581;Bosaettelse, uspec undergruppe;750;1066;Buildings;Settlement, unspecified subgroup
1581;Moentfund;750;1066;Indicators_of_economic_activity;Coin findings
1581;Moentfund;1200;1399;Indicators_of_economic_activity;Coin findings
1581;Bosaettelse, uspec undergruppe;750;1066;Buildings;Settlement, unspecified subgroup
1581;Bosaettelse, uspec undergruppe;1067;1299;Buildings;Settlement, unspecified subgroup
331;Depotfund;900;1066;Distress;Hoard finds
331;Moentfund;900;1066;Indicators_of_economic_activity;Coin findings
331;Hus (evt. med stald);750;1066;Buildings;House (possibly with a stable)
331;Kulturlag;1067;1299;Not categorized;Not categorized
337;Hus (evt. med stald);750;1066;Buildings;House (possibly with a stable)
337;Hus (evt. med stald);1067;1299;Buildings;House (possibly with a stable)
338;Hus (evt. med stald);750;1066;Buildings;House (possibly with a stable)
338;Affaldsgrube;750;1066;Not categorized;Not categorized
338;Kogegrube;750;1066;Not categorized;Not categorized
337;Kulturlag;750;1066;Not categorized;Not categorized
337;Bosaettelse, uspec undergruppe;750;1066;Buildings;Settlement, unspecified subgroup
337;Moentfund;1200;1399;Indicators_of_economic_activity;Coin findings
337;Enkeltfund;750;1066;Not categorized;Not categorized
338;Enkeltfund;750;1066;Not categorized;Not categorized
338;Bosaettelse, uspec undergruppe;750;1066;Buildings;Settlement, unspecified subgroup
338;Moentfund;750;1066;Indicators_of_economic_activity;Coin findings
338;Bosaettelse, uspec undergruppe;750;1066;Buildings;Settlement, unspecified subgroup
338;Bosaettelse, uspec undergruppe;1067;1299;Buildings;Settlement, unspecified subgroup
338;Moentfund;750;1066;Indicators_of_economic_activity;Coin findings
338;Moentfund;750;1066;Indicators_of_economic_activity;Coin findings
338;Moentfund;1067;1299;Indicators_of_economic_activity;Coin findings
342;Enkeltfund;750;1066;Not categorized;Not categorized
342;Moentfund;750;1066;Indicators_of_economic_activity;Coin findings
344;Moentfund;750;1066;Indicators_of_economic_activity;Coin findings
347;Bosaettelse, uspec undergruppe;750;1066;Buildings;Settlement, unspecified subgroup
347;Moentfund;750;1066;Indicators_of_economic_activity;Coin findings
347;Enkeltfund;1067;1199;Not categorized;Not categorized
348;Runesten;1067;1299;Not categorized;Not categorized
349;Runesten;1067;1299;Not categorized;Not categorized
350;Kirkegaard;1067;1299;Not categorized;Not categorized
350;Klokkestabel/-taarn;1067;1299;Not categorized;Not categorized
1804;Moentfund;1300;1399;Indicators_of_economic_activity;Coin findings
354;Affaldsgrube;1067;1299;Not categorized;Not categorized
354;Ildsted;1067;1299;Not categorized;Not categorized
354;Hus (evt. med stald);1067;1299;Buildings;House (possibly with a stable)
354;Hus (evt. med stald);1067;1299;Buildings;House (possibly with a stable)
354;Enkeltfund;750;1066;Not categorized;Not categorized
353;Baad-/skibsvaerft;750;1066;Not categorized;Not categorized
353;Baad-/skibsvaerft;1067;1299;Not categorized;Not categorized
353;Enkeltfund;750;1066;Not categorized;Not categorized
353;Enkeltfund;1067;1299;Not categorized;Not categorized
1805;Bosaettelse, uspec undergruppe;1067;1299;Buildings;Settlement, unspecified subgroup
359;Enkeltfund;1067;1299;Not categorized;Not categorized
1800;Enkeltfund;750;1066;Not categorized;Not categorized
371;Enkeltfund;1067;1299;Not categorized;Not categorized
1822;Enkeltfund;750;1066;Not categorized;Not categorized
1721;Enkeltfund;750;1066;Not categorized;Not categorized
382;Runesten;750;1066;Not categorized;Not categorized
382;Runesten;750;1066;Not categorized;Not categorized
384;Runesten;750;1066;Not categorized;Not categorized
384;Borg/Voldsted;1067;1500;Defensive;Castle/motte-and-bailey
386;Runesten;750;1066;Not categorized;Not categorized
401;Enkeltfund;750;1066;Not categorized;Not categorized
404;Brolaegning;750;1066;Not categorized;Not categorized
404;Bro;750;1066;Not categorized;Not categorized
404;Risvej;750;1066;Not categorized;Not categorized
411;Broend;750;1066;Buildings;Well
NA;Jordfaestegrav;750;1066;Not categorized;Not categorized
413;Bosaettelse, uspec undergruppe;750;1066;Buildings;Settlement, unspecified subgroup
1752;Enkeltfund;750;1066;Not categorized;Not categorized
413;Enkeltfund;750;1066;Not categorized;Not categorized
413;Moentfund;1200;1500;Indicators_of_economic_activity;Coin findings
1750;Enkeltfund;750;1066;Not categorized;Not categorized
415;Moentfund;1067;1299;Indicators_of_economic_activity;Coin findings
433;Enkeltfund;750;1066;Not categorized;Not categorized
433;Enkeltfund;750;1066;Not categorized;Not categorized
433;Moentfund;1067;1299;Indicators_of_economic_activity;Coin findings
433;Enkeltfund;750;1066;Not categorized;Not categorized
NA;Enkeltfund;750;1066;Not categorized;Not categorized
443;Enkeltfund;750;1066;Not categorized;Not categorized
1628;Bosaettelse, uspec undergruppe;750;1066;Buildings;Settlement, unspecified subgroup
1626;Affaldsgrube;1067;1299;Not categorized;Not categorized
1626;Broend;1067;1299;Buildings;Well
1628;Affaldsgrube;1067;1299;Not categorized;Not categorized
NA;Borg/Voldsted;1200;1299;Defensive;Castle/motte-and-bailey
NA;Herregaardsanlaeg/Slot;1067;1299;Not categorized;Not categorized
485;Hus (evt. med stald);900;1066;Buildings;House (possibly with a stable)
485;Hus (evt. med stald);1067;1199;Buildings;House (possibly with a stable)
487;Enkeltfund;750;1066;Not categorized;Not categorized
487;Moentfund;750;899;Indicators_of_economic_activity;Coin findings
489;Enkeltfund;750;1066;Not categorized;Not categorized
491;Gravgenstand;900;1066;Not categorized;Not categorized
491;Moentfund;750;1066;Indicators_of_economic_activity;Coin findings
495;Enkeltfund;750;1066;Not categorized;Not categorized
500;Kirkegaard;1067;1299;Not categorized;Not categorized
1590;Borg/Voldsted;1300;1399;Defensive;Castle/motte-and-bailey
NA;Borg/Voldsted;1300;1399;Defensive;Castle/motte-and-bailey
NA;Bosaettelse, uspec undergruppe;1300;1399;Buildings;Settlement, unspecified subgroup
NA;Moentfund;1200;1299;Indicators_of_economic_activity;Coin findings
1741;Enkeltfund;750;1066;Not categorized;Not categorized
1741;Runesten;750;1066;Not categorized;Not categorized
1743;Kammergrav;750;1066;Not categorized;Not categorized
1743;Jordfaestegrav;750;1066;Not categorized;Not categorized
1743;Borg/Voldsted;1067;1299;Defensive;Castle/motte-and-bailey
1743;Skelet;1067;1299;Not categorized;Not categorized
1743;Dyreben;1067;1299;Not categorized;Not categorized
1743;Moentfund;1067;1299;Indicators_of_economic_activity;Coin findings
NA;Borg/Voldsted;1067;1299;Defensive;Castle/motte-and-bailey
NA;Begravelsesplads;1067;1299;Not categorized;Not categorized
1745;Borg/Voldsted;1200;1399;Defensive;Castle/motte-and-bailey
517;Vandmoelle;1067;1299;Indicators_of_economic_activity;Water mill
517;Enkeltfund;750;1066;Not categorized;Not categorized
521;Enkeltfund;750;1066;Not categorized;Not categorized
521;Moentfund;1200;1399;Indicators_of_economic_activity;Coin findings
540;Enkeltfund;750;899;Not categorized;Not categorized
NA;Bygning;1300;1399;Not categorized;Not categorized
NA;Enkeltfund;1067;1299;Not categorized;Not categorized
1748;Moentfund;1200;1499;Indicators_of_economic_activity;Coin findings
1841;Enkeltfund;750;1066;Not categorized;Not categorized
1723;Borg/Voldsted;1067;1299;Defensive;Castle/motte-and-bailey
1723;Borg/Voldsted;1067;1299;Defensive;Castle/motte-and-bailey
581;Enkeltfund;750;1066;Not categorized;Not categorized
592;Moentfund;1067;1299;Indicators_of_economic_activity;Coin findings
592;Enkeltfund;750;1066;Not categorized;Not categorized
608;Moentfund;750;1066;Indicators_of_economic_activity;Coin findings
1710;Hus (evt. med stald);750;1066;Buildings;House (possibly with a stable)
1710;Hus (evt. med stald);1067;1299;Buildings;House (possibly with a stable)
1710;Ildsted;1067;1299;Not categorized;Not categorized
673;Enkeltfund;750;1066;Not categorized;Not categorized
673;Enkeltfund;1067;1299;Not categorized;Not categorized
677;Enkeltfund;750;1066;Not categorized;Not categorized
677;Kulturlag;750;1066;Not categorized;Not categorized
677;Hus (evt. med stald);750;1066;Buildings;House (possibly with a stable)
679;Vandmoelle;750;1066;Indicators_of_economic_activity;Water mill
682;Enkeltfund;750;1066;Not categorized;Not categorized
682;Bosaettelse, uspec undergruppe;750;1066;Buildings;Settlement, unspecified subgroup
687;Kulturlag;750;1066;Not categorized;Not categorized
687;Kulturlag;1067;1299;Not categorized;Not categorized
687;Enkeltfund;750;1066;Not categorized;Not categorized
691;Hus (evt. med stald);1200;1299;Buildings;House (possibly with a stable)
691;Kirke;1300;1399;Religious;Church
691;Kapel;1400;1499;Religious;Chapel
691;Laeder/skind;1200;1399;Not categorized;Not categorized
691;Hus (evt. med stald);1200;1399;Buildings;House (possibly with a stable)
691;Kirkestald;1300;1399;Religious;Church stable
695;Enkeltfund;1067;1299;Not categorized;Not categorized
700;Enkeltfund;750;1066;Not categorized;Not categorized
701;Runesten;750;1066;Not categorized;Not categorized
713;Kirke;1067;1299;Religious;Church
713;Kirkegaard;1067;1299;Not categorized;Not categorized
750;Enkeltfund;750;1066;Not categorized;Not categorized
751;Keramik;1067;1299;Indicators_of_economic_activity;Pottery
1533;Enkeltfund;1067;1199;Not categorized;Not categorized
1533;Enkeltfund;750;899;Not categorized;Not categorized
1533;Enkeltfund;900;1066;Not categorized;Not categorized
1533;Enkeltfund;750;1066;Not categorized;Not categorized
1533;Enkeltfund;750;1066;Not categorized;Not categorized
1533;Moentfund;750;1066;Indicators_of_economic_activity;Coin findings
1533;Moentfund;900;1066;Indicators_of_economic_activity;Coin findings
1533;Enkeltfund;750;1066;Not categorized;Not categorized
1533;Moentfund;1067;1299;Indicators_of_economic_activity;Coin findings
1533;Moentfund;1067;1299;Indicators_of_economic_activity;Coin findings
1533;Enkeltfund;1067;1299;Not categorized;Not categorized
1533;Moentfund;1067;1299;Indicators_of_economic_activity;Coin findings
1533;Moentfund;1067;1299;Indicators_of_economic_activity;Coin findings
1533;Enkeltfund;900;1066;Not categorized;Not categorized
767;Runesten;750;1066;Not categorized;Not categorized
1555;Enkeltfund;750;899;Not categorized;Not categorized
1557;Marksystem;750;1066;Not categorized;Not categorized
1557;Enkeltfund;750;1066;Not categorized;Not categorized
1557;Enkeltfund;750;1066;Not categorized;Not categorized
1557;Enkeltfund;750;1066;Not categorized;Not categorized
1557;Moentfund;1067;1299;Indicators_of_economic_activity;Coin findings
807;Enkeltfund;1067;1299;Not categorized;Not categorized
1705;Brandplet;750;1066;Not categorized;Not categorized
821;Bosaettelse, uspec undergruppe;750;1066;Buildings;Settlement, unspecified subgroup
8;Bosaettelse, uspec undergruppe;1067;1299;Buildings;Settlement, unspecified subgroup
8;Bosaettelse, uspec undergruppe;750;1066;Buildings;Settlement, unspecified subgroup
853;Moentfund;1067;1299;Indicators_of_economic_activity;Coin findings
857;Enkeltfund;750;1066;Not categorized;Not categorized
866;Runesten;970;1020;Not categorized;Not categorized
1534;Runesten;750;1066;Not categorized;Not categorized
869;Runesten;750;1066;Not categorized;Not categorized
872;Runesten;750;1066;Not categorized;Not categorized
894;Kulturlag;1067;1299;Not categorized;Not categorized
894;Kirke;1067;1299;Religious;Church
894;Klosteranlaeg;1200;1299;Religious;Monastery complex
894;Kirke;1200;1299;Religious;Church
894;Jordfaestegrav;1067;1235;Not categorized;Not categorized
894;Kirkegaard;1067;1235;Not categorized;Not categorized
894;Kulturlag;1067;1299;Not categorized;Not categorized
894;Kulturlag;750;1066;Not categorized;Not categorized
894;Enkeltfund;750;1066;Not categorized;Not categorized
894;Enkeltfund;750;1066;Not categorized;Not categorized
894;Befaestning;1067;1299;Defensive;Fortification
903;Bro;900;1066;Not categorized;Not categorized
1573;Moentfund;900;1066;Indicators_of_economic_activity;Coin findings
866;Enkeltfund;750;1066;Not categorized;Not categorized
1573;Begravelsesplads;750;1066;Not categorized;Not categorized
1573;Jordfaestegrav;750;1066;Not categorized;Not categorized
1573;Kammergrav;750;1066;Not categorized;Not categorized
1573;Brandgrav (uspecificeret type);750;1066;Not categorized;Not categorized
1573;Stensaetning;750;1066;Not categorized;Not categorized
1573;Stammekiste;750;1066;Not categorized;Not categorized
1573;Grube (uspecificeret funktion);750;1066;Not categorized;Not categorized
1573;Plankekiste;750;1066;Not categorized;Not categorized
1573;Stolpehul m. uvis funktion;750;1066;Buildings;Posthole with unknown function
1573;Kogegrube;750;1066;Not categorized;Not categorized
1573;Doedehus;750;1066;Not categorized;Not categorized
1573;Stenlaegning/Stensamling;750;1066;Not categorized;Not categorized
942;Runesten;750;1066;Not categorized;Not categorized
1703;Moentfund;1300;1399;Indicators_of_economic_activity;Coin findings
1637;Moentfund;1400;1499;Indicators_of_economic_activity;Coin findings
1637;Enkeltfund;750;1066;Not categorized;Not categorized
1636;Kogegrube;750;1066;Not categorized;Not categorized
1636;Jordfaestegrav;750;1066;Not categorized;Not categorized
1636;Broend;750;1066;Buildings;Well
1636;Kogegrube;750;1066;Not categorized;Not categorized
1636;Stolpehul m. uvis funktion;750;1066;Buildings;Posthole with unknown function
1636;Ler;750;1066;Not categorized;Not categorized
1636;Kogegrube;750;1066;Not categorized;Not categorized
1636;Stolpehul m. uvis funktion;750;1066;Buildings;Posthole with unknown function
1636;Kogegrube;750;1066;Not categorized;Not categorized
1636;Broend;750;1066;Buildings;Well
1636;Hegn/gaerde;750;1066;Buildings;Hedge/fence
1636;Stolpehul m. uvis funktion;750;1066;Buildings;Posthole with unknown function
978;Borg/Voldsted;1300;1399;Defensive;Castle/motte-and-bailey
978;Herregaardsanlaeg/Slot;1400;1499;Not categorized;Not categorized
986;Enkeltfund;750;1066;Not categorized;Not categorized
990;Enkeltfund;1300;1399;Not categorized;Not categorized
990;Kulturlag;1300;1399;Not categorized;Not categorized
1642;Kirkegaard;1067;1199;Not categorized;Not categorized
1642;Kirke;1067;1199;Religious;Church
1026;Kogegrube;750;1066;Not categorized;Not categorized
1055;Enkeltfund;750;1066;Not categorized;Not categorized
1060;Broend;750;1066;Buildings;Well
1060;Hegn/gaerde;750;1066;Buildings;Hedge/fence
1078;Affaldsgrube;750;1066;Not categorized;Not categorized
1569;Hus (evt. med stald);1400;1499;Buildings;House (possibly with a stable)
1569;Enkeltfund;750;1066;Not categorized;Not categorized
1569;Kulturlag;1067;1299;Not categorized;Not categorized
1095;Enkeltfund;1067;1299;Not categorized;Not categorized
1095;Bosaettelse, uspec undergruppe;750;1066;Buildings;Settlement, unspecified subgroup
1095;Kulturlag;1067;1299;Not categorized;Not categorized
1099;Plankekiste;750;1066;Not categorized;Not categorized
1099;Doedehus;750;1066;Not categorized;Not categorized
1564;Moentfund;750;1066;Indicators_of_economic_activity;Coin findings
1564;Enkeltfund;750;1066;Not categorized;Not categorized
1126;Enkeltfund;1400;1499;Not categorized;Not categorized
NA;Moentfund;1200;1299;Indicators_of_economic_activity;Coin findings
1132;Ildsted;1067;1299;Not categorized;Not categorized
1138;Enkeltfund;750;1066;Not categorized;Not categorized
1201;Kirke;1067;1299;Religious;Church
1201;Kirkegaard;1067;1299;Not categorized;Not categorized
1201;Oedekirke;1100;1500;Not categorized;Not categorized
1201;Oedekirkegaard;1100;1500;Not categorized;Not categorized
1201;Klokkestabel/-taarn;1100;1500;Not categorized;Not categorized
1138;Hus (evt. med stald);750;1066;Buildings;House (possibly with a stable)
1138;Hegn/gaerde;750;1066;Buildings;Hedge/fence
1150;Klosteranlaeg;1067;1299;Religious;Monastery complex
1158;Enkeltfund;750;1066;Not categorized;Not categorized
1160;Enkeltfund;1067;1299;Not categorized;Not categorized
1170;Enkeltfund;1067;1299;Not categorized;Not categorized
1173;Moentfund;1067;1299;Indicators_of_economic_activity;Coin findings
1727;Enkeltfund;750;1066;Not categorized;Not categorized
1644;Enkeltfund;750;1066;Not categorized;Not categorized
1645;Enkeltfund;750;1066;Not categorized;Not categorized
1189;Runesten;750;1066;Not categorized;Not categorized
1210;Hus (evt. med stald);750;1066;Buildings;House (possibly with a stable)
1210;Kammergrav;750;1066;Not categorized;Not categorized
1225;Enkeltfund;750;1066;Not categorized;Not categorized
1247;Runesten;900;1066;Not categorized;Not categorized
1250;Enkeltfund;750;1066;Not categorized;Not categorized
1676;Enkeltfund;750;1066;Not categorized;Not categorized
1676;Enkeltfund;1067;1299;Not categorized;Not categorized
1312;Runesten;750;1066;Not categorized;Not categorized
NA;Bosaettelse, uspec undergruppe;750;1066;Buildings;Settlement, unspecified subgroup
1351;Runesten;900;1066;Not categorized;Not categorized
1351;Skibssaetning;900;1066;Not categorized;Not categorized
1351;Runesten;750;1066;Not categorized;Not categorized
1365;Enkeltfund;1067;1199;Not categorized;Not categorized
1381;Enkeltfund;1067;1299;Not categorized;Not categorized
1381;Enkeltfund;1067;1299;Not categorized;Not categorized
1380;Enkeltfund;750;1066;Not categorized;Not categorized
1382;Sarkofag;1200;1299;Not categorized;Not categorized
1381;Bosaettelse, uspec undergruppe;1067;1299;Buildings;Settlement, unspecified subgroup
1381;Bosaettelse, uspec undergruppe;750;1066;Buildings;Settlement, unspecified subgroup
1381;Tekstil;750;1066;Indicators_of_economic_activity;Textile
1381;Metal;750;1066;Indicators_of_economic_activity;Metal
1381;Bosaettelse, uspec undergruppe;1067;1299;Buildings;Settlement, unspecified subgroup
1381;Grubehus;750;1066;Buildings;Pit-house
1381;Hus (evt. med stald);750;1066;Buildings;House (possibly with a stable)
1382;Plankevej;1200;1299;Not categorized;Not categorized
1381;Enkeltfund;750;1066;Not categorized;Not categorized
1382;Plankevej;1067;1299;Not categorized;Not categorized
1382;Enkeltfund;750;1066;Not categorized;Not categorized
1382;Kulturlag;750;899;Not categorized;Not categorized
1382;Vej;1067;1299;Not categorized;Not categorized
1382;Kulturlag;1067;1299;Not categorized;Not categorized
1382;Hus (evt. med stald);1067;1299;Buildings;House (possibly with a stable)
1384;Hus (evt. med stald);1067;1299;Buildings;House (possibly with a stable)
1384;Enkeltfund;750;1066;Not categorized;Not categorized
1384;Enkeltfund;750;1066;Not categorized;Not categorized
1384;Enkeltfund;750;1066;Not categorized;Not categorized
1384;Enkeltfund;750;1066;Not categorized;Not categorized
1384;Enkeltfund;750;1066;Not categorized;Not categorized
1384;Gaard;1067;1299;Buildings;Farmstead
1389;Jordfaestegrav;750;1066;Not categorized;Not categorized
1397;Borg/Voldsted;1300;1399;Defensive;Castle/motte-and-bailey
1406;Bosaettelse, uspec undergruppe;750;1066;Buildings;Settlement, unspecified subgroup
1420;Runesten;750;1066;Not categorized;Not categorized
1426;Oedekirke;1100;1300;Not categorized;Not categorized
1432;Enkeltfund;750;1066;Not categorized;Not categorized
1432;Vrag;900;1066;Not categorized;Not categorized
1437;Kirke;1067;1299;Religious;Church
1437;Hus (evt. med stald);900;1066;Buildings;House (possibly with a stable)
1437;Grubehus;900;1066;Buildings;Pit-house
1438;Enkeltfund;1067;1299;Not categorized;Not categorized
1438;Enkeltfund;1200;1399;Not categorized;Not categorized
1438;Enkeltfund;1300;1499;Not categorized;Not categorized
1438;Enkeltfund;1067;1399;Not categorized;Not categorized
1439;Hus (evt. med stald);750;1066;Buildings;House (possibly with a stable)
1438;Hus (evt. med stald);1067;1299;Buildings;House (possibly with a stable)
1438;Enkeltfund;1067;1299;Not categorized;Not categorized
1442;Hus (evt. med stald);750;1066;Buildings;House (possibly with a stable)
1442;Hegn/gaerde;750;1066;Buildings;Hedge/fence
1442;Enkeltfund;750;1066;Not categorized;Not categorized
1445;Moentfund;1067;1299;Indicators_of_economic_activity;Coin findings
1445;Hus (evt. med stald);1300;1399;Buildings;House (possibly with a stable)
1448;Bro;1206;1300;Not categorized;Not categorized
1448;Diverse anlaeg og genstande, uspec undergruppe;1300;1499;Not categorized;Not categorized
1448;Runesten;750;1066;Not categorized;Not categorized
1448;Enkeltfund;1067;1299;Not categorized;Not categorized
1650;Bygning;1067;1299;Not categorized;Not categorized
1465;Bosaettelse, uspec undergruppe;750;1066;Buildings;Settlement, unspecified subgroup
1465;Bosaettelse, uspec undergruppe;1067;1299;Buildings;Settlement, unspecified subgroup
1466;Kirke;1067;1199;Religious;Church
1466;Kirkegaard;1067;1199;Not categorized;Not categorized
1466;Moentfund;900;1066;Indicators_of_economic_activity;Coin findings
1466;Hus (evt. med stald);900;1066;Buildings;House (possibly with a stable)
1466;Broend;900;1066;Buildings;Well
1466;Moentfund;750;1066;Indicators_of_economic_activity;Coin findings
1466;Depotfund;750;1066;Distress;Hoard finds
1466;Gaard;1067;1299;Buildings;Farmstead
1466;Moentfund;1200;1499;Indicators_of_economic_activity;Coin findings
1468;Enkeltfund;750;1066;Not categorized;Not categorized
1468;Enkeltfund;750;1066;Not categorized;Not categorized
1470;Enkeltfund;1067;1299;Not categorized;Not categorized
1471;Enkeltfund;750;1066;Not categorized;Not categorized
1483;Vandmoelle;1067;1299;Indicators_of_economic_activity;Water mill
1491;Bro;750;1066;Not categorized;Not categorized
1492;Enkeltfund;1067;1299;Not categorized;Not categorized
1495;Hus (evt. med stald);750;1066;Buildings;House (possibly with a stable)
1495;Grubehus;750;1066;Buildings;Pit-house
1495;Grubehus;750;1066;Buildings;Pit-house
1495;Tekstil;750;1066;Indicators_of_economic_activity;Textile
1495;Affaldsgrube;750;1066;Not categorized;Not categorized
1498;Bosaettelse, uspec undergruppe;750;1066;Buildings;Settlement, unspecified subgroup
1498;Hus (evt. med stald);750;1066;Buildings;House (possibly with a stable)
1498;Enkeltfund;1100;1150;Not categorized;Not categorized
1499;Kapel;1067;1299;Religious;Chapel
1507;Runesten;1067;1299;Not categorized;Not categorized
1507;Gravsten;1067;1299;Not categorized;Not categorized
1511;Kulturlag;1200;1399;Not categorized;Not categorized
1511;Affaldsgrube;1200;1399;Not categorized;Not categorized
1733;Begravelse, uspec undergruppe;750;1066;Not categorized;Not categorized
NA;Begravelse, uspec undergruppe;750;1066;Not categorized;Not categorized
1518;Jordfaestegrav;750;1066;Not categorized;Not categorized
1519;Jordfaestegrav;750;1066;Not categorized;Not categorized
1521;Jordfaestegrav;750;1066;Not categorized;Not categorized
1844;Runesten;750;1066;Not categorized;Not categorized
1521;Jordfaestegrav;750;1066;Not categorized;Not categorized
1521;Jordfaestegrav;750;1066;Not categorized;Not categorized
1525;Enkeltfund;750;1066;Not categorized;Not categorized
1526;Jordfaestegrav;750;1066;Not categorized;Not categorized
1526;Bygning;1200;1399;Not categorized;Not categorized
1527;Begravelse, uspec undergruppe;750;1066;Not categorized;Not categorized
1527;Bosaettelse, uspec undergruppe;1067;1299;Buildings;Settlement, unspecified subgroup
1527;Keramik;1067;1299;Indicators_of_economic_activity;Pottery
1529;Rundhoej;750;1066;Not categorized;Not categorized
1529;Jordfaestegrav;750;1066;Not categorized;Not categorized
1530;Jordfaestegrav;750;1066;Not categorized;Not categorized
1530;Borg/Voldsted;1200;1399;Defensive;Castle/motte-and-bailey
678;Enkeltfund;1067;1299;Not categorized;Not categorized
342;Enkeltfund;750;1066;Not categorized;Not categorized
342;Enkeltfund;1067;1299;Not categorized;Not categorized
342;Moentfund;1067;1299;Indicators_of_economic_activity;Coin findings
342;Moentfund;750;1066;Indicators_of_economic_activity;Coin findings
NA;Klosteranlaeg;1400;1499;Religious;Monastery complex
NA;Jordfaestegrav;750;1066;Not categorized;Not categorized
1360;Jordfaestegrav;750;1066;Not categorized;Not categorized
1360;Jordfaestegrav;750;1066;Not categorized;Not categorized
1360;Enkeltfund;750;1066;Not categorized;Not categorized
1360;Vogndel;750;1066;Not categorized;Not categorized
1384;Bygning;1067;1299;Not categorized;Not categorized
1384;Vej;1067;1299;Not categorized;Not categorized
205;Moentfund;750;1066;Indicators_of_economic_activity;Coin findings
205;Moentfund;1067;1299;Indicators_of_economic_activity;Coin findings
1741;Kirke;1067;1199;Religious;Church
1741;Jordfaestegrav;750;1066;Not categorized;Not categorized
942;Runesten;750;1066;Not categorized;Not categorized
1637;Enkeltfund;1067;1299;Not categorized;Not categorized
1148;Vandmoelle;1067;1299;Indicators_of_economic_activity;Water mill
1642;Hus (evt. med stald);1300;1399;Buildings;House (possibly with a stable)
1642;Brolaegning;1300;1399;Not categorized;Not categorized
1642;Moentfund;1300;1399;Indicators_of_economic_activity;Coin findings
1642;Moentfund;1400;1499;Indicators_of_economic_activity;Coin findings
1546;Bosaettelse, uspec undergruppe;750;1066;Buildings;Settlement, unspecified subgroup
1247;Hus (evt. med stald);750;1066;Buildings;House (possibly with a stable)
1546;Hus (evt. med stald);750;1066;Buildings;House (possibly with a stable)
24;Moentfund;1200;1399;Indicators_of_economic_activity;Coin findings
410;Enkeltfund;750;1066;Not categorized;Not categorized
1747;Bosaettelse, uspec undergruppe;750;1066;Buildings;Settlement, unspecified subgroup
1822;Enkeltfund;750;1066;Not categorized;Not categorized
1741;Rundhoej;750;1066;Not categorized;Not categorized
1741;Jordfaestegrav;750;1066;Not categorized;Not categorized
1699;Moentfund;750;1066;Indicators_of_economic_activity;Coin findings
946;Depotfund;750;1066;Distress;Hoard finds
NA;Baadhus;750;1066;Not categorized;Not categorized
626;Enkeltfund;750;1066;Not categorized;Not categorized
1369;Bosaettelse, uspec undergruppe;1067;1299;Buildings;Settlement, unspecified subgroup
1369;Broend;1067;1299;Buildings;Well
1379;Enkeltfund;750;1066;Not categorized;Not categorized
413;Enkeltfund;1067;1299;Not categorized;Not categorized
410;Enkeltfund;750;1066;Not categorized;Not categorized
410;Enkeltfund;1067;1299;Not categorized;Not categorized
1750;Enkeltfund;1200;1399;Not categorized;Not categorized
432;Bosaettelse, uspec undergruppe;750;1066;Buildings;Settlement, unspecified subgroup
463;Moentfund;1067;1299;Indicators_of_economic_activity;Coin findings
1655;Rundhoej;750;1066;Not categorized;Not categorized
1655;Bautasten;750;1066;Not categorized;Not categorized
1655;Rundhoej;750;1066;Not categorized;Not categorized
1655;Langhoej;750;1066;Not categorized;Not categorized
1655;Rundhoej;750;1066;Not categorized;Not categorized
1655;Rundhoej;750;1066;Not categorized;Not categorized
1655;Bautasten;750;1066;Not categorized;Not categorized
1655;Bautasten;750;1066;Not categorized;Not categorized
1655;Skibssaetning;750;1066;Not categorized;Not categorized
1655;Skibssaetning;750;1066;Not categorized;Not categorized
1655;Rundhoej;750;1066;Not categorized;Not categorized
1655;Skibssaetning;750;1066;Not categorized;Not categorized
1655;Bautasten;750;1066;Not categorized;Not categorized
1655;Rundhoej;750;1066;Not categorized;Not categorized
1655;Bautasten;750;1066;Not categorized;Not categorized
1655;Skibssaetning;750;1066;Not categorized;Not categorized
1655;Skibssaetning;750;1066;Not categorized;Not categorized
1655;Bautasten;750;1066;Not categorized;Not categorized
1655;Rundhoej;750;1066;Not categorized;Not categorized
1655;Skibssaetning;750;1066;Not categorized;Not categorized
1655;Rundhoej;750;1066;Not categorized;Not categorized
1655;Skibssaetning;750;1066;Not categorized;Not categorized
1655;Rundhoej;750;1066;Not categorized;Not categorized
1655;Bautasten;750;1066;Not categorized;Not categorized
1655;Skibssaetning;750;1066;Not categorized;Not categorized
1655;Bautasten;750;1066;Not categorized;Not categorized
1655;Bautasten;750;1066;Not categorized;Not categorized
1655;Skibssaetning;750;1066;Not categorized;Not categorized
1655;Skibssaetning;750;1066;Not categorized;Not categorized
1655;Bautasten;750;1066;Not categorized;Not categorized
1655;Skibssaetning;750;1066;Not categorized;Not categorized
1655;Skibssaetning;750;1066;Not categorized;Not categorized
1655;Skibssaetning;750;1066;Not categorized;Not categorized
1655;Rundhoej;750;1066;Not categorized;Not categorized
1655;Rundhoej;750;1066;Not categorized;Not categorized
1655;Bautasten;750;1066;Not categorized;Not categorized
1655;Skibssaetning;750;1066;Not categorized;Not categorized
1655;Skibssaetning;750;1066;Not categorized;Not categorized
1655;Rundhoej;750;1066;Not categorized;Not categorized
1655;Rundhoej;750;1066;Not categorized;Not categorized
1655;Rundhoej;750;1066;Not categorized;Not categorized
1655;Rundhoej;750;1066;Not categorized;Not categorized
1655;Rundhoej;750;1066;Not categorized;Not categorized
1655;Bautasten;750;1066;Not categorized;Not categorized
1655;Rundhoej;750;1066;Not categorized;Not categorized
1655;Rundhoej;750;1066;Not categorized;Not categorized
1655;Rundhoej;750;1066;Not categorized;Not categorized
1655;Rundhoej;750;1066;Not categorized;Not categorized
1655;Rundhoej;750;1066;Not categorized;Not categorized
1655;Bautasten;750;1066;Not categorized;Not categorized
1655;Bautasten;750;1066;Not categorized;Not categorized
1655;Bautasten;750;1066;Not categorized;Not categorized
1655;Skibssaetning;750;1066;Not categorized;Not categorized
1655;Diverse anlaeg og genstande, uspec undergruppe;750;1066;Not categorized;Not categorized
1655;Rundhoej;750;1066;Not categorized;Not categorized
1655;Begravelse, uspec undergruppe;750;1066;Not categorized;Not categorized
1655;Skibssaetning;750;1066;Not categorized;Not categorized
1655;Skibssaetning;750;1066;Not categorized;Not categorized
1655;Rundhoej;750;1066;Not categorized;Not categorized
1655;Bautasten;750;1066;Not categorized;Not categorized
1655;Rundhoej;750;1066;Not categorized;Not categorized
1655;Langhoej;750;1066;Not categorized;Not categorized
1655;Rundhoej;750;1066;Not categorized;Not categorized
1655;Bautasten;750;1066;Not categorized;Not categorized
1655;Skibssaetning;750;1066;Not categorized;Not categorized
1655;Skibssaetning;750;1066;Not categorized;Not categorized
1655;Stensaetning;750;1066;Not categorized;Not categorized
1655;Skibssaetning;750;1066;Not categorized;Not categorized
1655;Rundhoej;750;1066;Not categorized;Not categorized
1655;Bautasten;750;1066;Not categorized;Not categorized
1655;Diverse anlaeg og genstande, uspec undergruppe;750;1066;Not categorized;Not categorized
1655;Tuegrav;750;1066;Not categorized;Not categorized
1655;Bautasten;750;1066;Not categorized;Not categorized
1655;Rundhoej;750;1066;Not categorized;Not categorized
1655;Bautasten;750;1066;Not categorized;Not categorized
1655;Skibssaetning;750;1066;Not categorized;Not categorized
1655;Bautasten;750;1066;Not categorized;Not categorized
1655;Skibssaetning;750;1066;Not categorized;Not categorized
1655;Skibssaetning;750;1066;Not categorized;Not categorized
404;Moentfund;1067;1299;Indicators_of_economic_activity;Coin findings
332;Runesten;750;1066;Not categorized;Not categorized
1581;Skibssaetning;750;1066;Not categorized;Not categorized
1614;Kulturlag;1200;1399;Not categorized;Not categorized
1614;Broend;1400;1499;Buildings;Well
334;Brandgrav (uspecificeret type);750;1066;Not categorized;Not categorized
334;Jordfaestegrav;750;1066;Not categorized;Not categorized
334;Rundhoej;750;1066;Not categorized;Not categorized
334;Rundhoej;750;1066;Not categorized;Not categorized
334;Rundhoej;750;1066;Not categorized;Not categorized
334;Rundhoej;750;1066;Not categorized;Not categorized
334;Rundhoej;750;1066;Not categorized;Not categorized
334;Rundhoej;750;1066;Not categorized;Not categorized
NA;Jordfaestegrav;750;1066;Not categorized;Not categorized
NA;Gravroese;750;1066;Not categorized;Not categorized
1486;Depotfund;750;1066;Distress;Hoard finds
1486;Moentfund;750;1066;Indicators_of_economic_activity;Coin findings
1254;Enkeltfund;750;1066;Not categorized;Not categorized
336;Kirke;1067;1299;Religious;Church
337;Moentfund;1067;1199;Indicators_of_economic_activity;Coin findings
337;Enkeltfund;1067;1299;Not categorized;Not categorized
336;Enkeltfund;750;1066;Not categorized;Not categorized
946;Votivfund;750;1066;Not categorized;Not categorized
946;Moentfund;800;954;Indicators_of_economic_activity;Coin findings
338;Moentfund;1300;1399;Indicators_of_economic_activity;Coin findings
338;Kirke;1067;1299;Religious;Church
342;Kirke;1067;1299;Religious;Church
342;Kirkegaard;1067;1299;Not categorized;Not categorized
342;Runesten;750;1066;Not categorized;Not categorized
344;Borg/Voldsted;1067;1299;Defensive;Castle/motte-and-bailey
344;Moentfund;1100;1299;Indicators_of_economic_activity;Coin findings
1666;Bosaettelse, uspec undergruppe;1067;1299;Buildings;Settlement, unspecified subgroup
1619;Moentfund;1067;1299;Indicators_of_economic_activity;Coin findings
1701;Enkeltfund;750;1066;Not categorized;Not categorized
343;Runesten;750;1066;Not categorized;Not categorized
349;Jordfaestegrav;750;1066;Not categorized;Not categorized
349;Rundhoej;750;899;Not categorized;Not categorized
349;Stenkiste;750;1066;Not categorized;Not categorized
349;Jordfaestegrav;750;1066;Not categorized;Not categorized
349;Stenlaegning/stensamling;750;1066;Not categorized;Not categorized
349;Jordfaestegrav;750;1066;Not categorized;Not categorized
349;Kammergrav;750;1066;Not categorized;Not categorized
349;Jordfaestegrav;750;1066;Not categorized;Not categorized
349;Gravroese;750;1066;Not categorized;Not categorized
349;Jordfaestegrav;750;1066;Not categorized;Not categorized
349;Gravgenstand;750;1066;Not categorized;Not categorized
349;Gravroese;750;1066;Not categorized;Not categorized
349;Enkeltfund;750;1066;Not categorized;Not categorized
349;Gravgenstand;750;1066;Not categorized;Not categorized
346;Stenkiste;750;1066;Not categorized;Not categorized
346;Gravroese;750;1066;Not categorized;Not categorized
346;Gravroese;750;1066;Not categorized;Not categorized
346;Gravroese;750;1066;Not categorized;Not categorized
346;Gravroese;750;1066;Not categorized;Not categorized
346;Jordfaestegrav;750;1066;Not categorized;Not categorized
349;Jordfaestegrav;750;1066;Not categorized;Not categorized
349;Stenkiste;750;1066;Not categorized;Not categorized
349;Jordfaestegrav;750;1066;Not categorized;Not categorized
349;Gravroese;750;1066;Not categorized;Not categorized
349;Gravroese;750;1066;Not categorized;Not categorized
349;Brandplet;750;1066;Not categorized;Not categorized
454;Bosaettelse, uspec undergruppe;750;1066;Buildings;Settlement, unspecified subgroup
1761;Enkeltfund;750;1066;Not categorized;Not categorized
1761;Enkeltfund;1067;1199;Not categorized;Not categorized
1761;Moentfund;1200;1499;Indicators_of_economic_activity;Coin findings
122;Depotfund;750;1066;Distress;Hoard finds
122;Enkeltfund;750;1066;Not categorized;Not categorized
NA;Borg/Voldsted;1300;1399;Defensive;Castle/motte-and-bailey
1712;Kulturlag;750;1066;Not categorized;Not categorized
1712;Brolaegning;750;1066;Not categorized;Not categorized
1712;Brolaegning;1067;1299;Not categorized;Not categorized
1712;Hus (evt. med stald);750;1066;Buildings;House (possibly with a stable)
1712;Hus (evt. med stald);1067;1299;Buildings;House (possibly with a stable)
1712;Affaldsgrube;750;1066;Not categorized;Not categorized
1712;Affaldsgrube;1067;1299;Not categorized;Not categorized
1712;Kulturlag;1067;1299;Not categorized;Not categorized
1712;Hjulspor;750;1066;Not categorized;Not categorized
1712;Hjulspor;1067;1299;Not categorized;Not categorized
1712;Dyrkningsspor;750;1066;Not categorized;Not categorized
1712;Dyrkningsspor;1067;1299;Not categorized;Not categorized
679;Enkeltfund;1067;1299;Not categorized;Not categorized
1051;Enkeltfund;1067;1299;Not categorized;Not categorized
1621;Bygning;1200;1399;Not categorized;Not categorized
1621;Moentfund;1067;1299;Indicators_of_economic_activity;Coin findings
1629;Moentfund;750;1066;Indicators_of_economic_activity;Coin findings
1629;Bosaettelse, uspec undergruppe;750;1066;Buildings;Settlement, unspecified subgroup
1629;Bosaettelse, uspec undergruppe;1067;1299;Buildings;Settlement, unspecified subgroup
1626;Affaldsgrube;1067;1299;Not categorized;Not categorized
1626;Kulturlag;1200;1299;Not categorized;Not categorized
602;Enkeltfund;750;1066;Not categorized;Not categorized
1011;Enkeltfund;750;1066;Not categorized;Not categorized
404;Enkeltfund;750;1066;Not categorized;Not categorized
NA;Brandplet;750;1066;Not categorized;Not categorized
1529;Hus (evt. med stald);750;1066;Buildings;House (possibly with a stable)
1529;Hus (evt. med stald);1200;1399;Buildings;House (possibly with a stable)
1529;Hegn/gaerde;1200;1399;Buildings;Hedge/fence
1529;Broend;1200;1399;Buildings;Well
1529;Affaldsgrube;1200;1399;Not categorized;Not categorized
30;Moentfund;1200;1399;Indicators_of_economic_activity;Coin findings
213;Hus (evt. med stald);1067;1299;Buildings;House (possibly with a stable)
213;Affaldsgrube;1067;1299;Not categorized;Not categorized
1351;Gaard;1067;1199;Buildings;Farmstead
554;Jordfaestegrav;750;1066;Not categorized;Not categorized
1215;Bosaettelse, uspec undergruppe;750;1066;Buildings;Settlement, unspecified subgroup
1619;Bosaettelse, uspec undergruppe;1067;1299;Buildings;Settlement, unspecified subgroup
1619;Moentfund;1067;1299;Indicators_of_economic_activity;Coin findings
481;Enkeltfund;1067;1199;Not categorized;Not categorized
1574;Bosaettelse, uspec undergruppe;750;1066;Buildings;Settlement, unspecified subgroup
1574;Jern;750;1066;Indicators_of_economic_activity;Iron
1574;Dyregrav;750;1066;Not categorized;Not categorized
1574;Kultanlaeg;750;1066;Not categorized;Not categorized
1621;Kulturlag;1067;1299;Not categorized;Not categorized
1176;Jordfaestegrav;750;1066;Not categorized;Not categorized
1176;Stenlaegning/stensamling;750;1066;Not categorized;Not categorized
1176;Brandplet;750;1066;Not categorized;Not categorized
1298;Hus (evt. med stald);750;1066;Buildings;House (possibly with a stable)
1358;Hus (evt. med stald);1067;1299;Buildings;House (possibly with a stable)
1333;Hus (evt. med stald);750;899;Buildings;House (possibly with a stable)
1333;Hus (evt. med stald);900;1066;Buildings;House (possibly with a stable)
1333;Moentfund;750;1066;Indicators_of_economic_activity;Coin findings
1333;Hegn/gaerde;900;1066;Buildings;Hedge/fence
777;Moentfund;1067;1299;Indicators_of_economic_activity;Coin findings
115;Moentfund;1067;1299;Indicators_of_economic_activity;Coin findings
1624;Klosteranlaeg;1200;1399;Religious;Monastery complex
1624;Kirke;1200;1399;Religious;Church
1624;Bageovn;1200;1399;Indicators_of_economic_activity;Bakery oven
1448;Handel;1067;1299;Indicators_of_economic_activity;Trade
1448;Bygning;1200;1399;Not categorized;Not categorized
1448;Enkeltfund;1200;1399;Not categorized;Not categorized
1448;Broend;1067;1399;Buildings;Well
1448;Bygning;1067;1399;Not categorized;Not categorized
431;Rundhoej;750;1066;Not categorized;Not categorized
431;Kammergrav;750;1066;Not categorized;Not categorized
431;Brandgrav (uspecificeret type);750;1066;Not categorized;Not categorized
77;Hulvej;750;1066;Not categorized;Not categorized
77;Vadested;750;1066;Not categorized;Not categorized
77;Plankevej;750;1066;Not categorized;Not categorized
77;Sti;750;1066;Not categorized;Not categorized
77;Risvej;750;1066;Not categorized;Not categorized
77;Moelledaemning;750;1066;Indicators_of_economic_activity;Mill dam
100;Moentfund;1067;1299;Indicators_of_economic_activity;Coin findings
104;Moentfund;1067;1299;Indicators_of_economic_activity;Coin findings
206;Moentfund;1067;1299;Indicators_of_economic_activity;Coin findings
1264;Enkeltfund;750;1066;Not categorized;Not categorized
342;Enkeltfund;750;1066;Not categorized;Not categorized
342;Enkeltfund;1067;1299;Not categorized;Not categorized
342;Moentfund;750;1066;Indicators_of_economic_activity;Coin findings
342;Moentfund;1300;1399;Indicators_of_economic_activity;Coin findings
677;Hus (evt. med stald);1067;1299;Buildings;House (possibly with a stable)
1626;Kulturlag;1067;1299;Not categorized;Not categorized
1626;Broend;1067;1299;Buildings;Well
1626;Hus (evt. med stald);1067;1299;Buildings;House (possibly with a stable)
1626;Hus (evt. med stald);1067;1299;Buildings;House (possibly with a stable)
1626;Hegn/gaerde;1067;1299;Buildings;Hedge/fence
581;Enkeltfund;750;1066;Not categorized;Not categorized
1843;Borg/Voldsted;1200;1399;Defensive;Castle/motte-and-bailey
495;Enkeltfund;1067;1299;Not categorized;Not categorized
789;Oedekirkegaard;1067;1299;Not categorized;Not categorized
789;Enkeltfund;1067;1199;Not categorized;Not categorized
1555;Enkeltfund;750;1066;Not categorized;Not categorized
1535;Enkeltfund;750;1066;Not categorized;Not categorized
1535;Enkeltfund;1067;1299;Not categorized;Not categorized
994;Kulturlag;1067;1299;Not categorized;Not categorized
994;Affaldsgrube;1067;1299;Not categorized;Not categorized
1078;Bygning;1200;1299;Not categorized;Not categorized
1078;Broend;1200;1299;Buildings;Well
1078;Metal;1200;1299;Indicators_of_economic_activity;Metal
1648;Befaestning;1300;1399;Defensive;Fortification
1648;Kulturlag;1200;1299;Not categorized;Not categorized
1647;Bro;1200;1299;Not categorized;Not categorized
1340;Enkeltfund;750;1066;Not categorized;Not categorized
1246;Moentfund;1400;1499;Indicators_of_economic_activity;Coin findings
1293;Enkeltfund;900;1066;Not categorized;Not categorized
1600;Enkeltfund;750;1066;Not categorized;Not categorized
53;Hus (evt. med stald);1067;1299;Buildings;House (possibly with a stable)
53;Kirke;1067;1299;Religious;Church
1382;Oedekirke;1067;1299;Not categorized;Not categorized
1382;Klosteranlaeg;1067;1299;Religious;Monastery complex
1384;Hus (evt. med stald);1067;1299;Buildings;House (possibly with a stable)
56;Enkeltfund;750;1066;Not categorized;Not categorized
1533;Enkeltfund;750;1066;Not categorized;Not categorized
1642;Klosteranlaeg;1200;1399;Religious;Monastery complex
1642;Laeder/skind;1200;1299;Not categorized;Not categorized
1642;Ben/Horn;1200;1299;Not categorized;Not categorized
1642;Enkeltfund;1067;1299;Not categorized;Not categorized
274;Affaldsgrube;1067;1299;Not categorized;Not categorized
1581;Enkeltfund;750;1066;Not categorized;Not categorized
336;Enkeltfund;750;1066;Not categorized;Not categorized
336;Moentfund;750;1066;Indicators_of_economic_activity;Coin findings
1699;Kulturlag;750;1066;Not categorized;Not categorized
1726;Bosaettelse, uspec undergruppe;750;1066;Buildings;Settlement, unspecified subgroup
1726;Bosaettelse, uspec undergruppe;1067;1299;Buildings;Settlement, unspecified subgroup
1642;Brolaegning;1067;1299;Not categorized;Not categorized
1642;Kulturlag;1067;1299;Not categorized;Not categorized
1642;Kulturlag;1067;1299;Not categorized;Not categorized
1642;Hus (evt. med stald);1067;1299;Buildings;House (possibly with a stable)
NA;Enkeltfund;750;1066;Not categorized;Not categorized
1729;Brolaegning;1300;1399;Not categorized;Not categorized
1729;Brolaegning;1400;1499;Not categorized;Not categorized
1729;Affaldsgrube;1200;1399;Not categorized;Not categorized
1137;Enkeltfund;750;1066;Not categorized;Not categorized
1264;Moentfund;750;1066;Indicators_of_economic_activity;Coin findings
1573;Enkeltfund;750;1066;Not categorized;Not categorized
1573;Enkeltfund;750;1066;Not categorized;Not categorized
1637;Jordfaestegrav;750;1066;Not categorized;Not categorized
1637;Jordfaestegrav;750;1066;Not categorized;Not categorized
1637;Brandgrav (uspecificeret type);750;1066;Not categorized;Not categorized
1244;Hus (evt. med stald);750;1066;Buildings;House (possibly with a stable)
1244;Hus (evt. med stald);750;1066;Buildings;House (possibly with a stable)
1244;Hus (evt. med stald);750;1066;Buildings;House (possibly with a stable)
1244;Hus (evt. med stald);750;1066;Buildings;House (possibly with a stable)
1244;Hus (evt. med stald);750;1066;Buildings;House (possibly with a stable)
446;Broend;750;1066;Buildings;Well
647;Bosaettelse, uspec undergruppe;750;1066;Buildings;Settlement, unspecified subgroup
694;Hegn/gaerde;750;1066;Buildings;Hedge/fence
694;Jern;750;1066;Indicators_of_economic_activity;Iron
1437;Moentfund;750;1066;Indicators_of_economic_activity;Coin findings
1002;Kalk;1067;1299;Not categorized;Not categorized
1002;Dyregrav;1067;1299;Not categorized;Not categorized
1226;Broend;1067;1299;Buildings;Well
1437;Bosaettelse, uspec undergruppe;1067;1299;Buildings;Settlement, unspecified subgroup
NA;Borg/Voldsted;1200;1399;Defensive;Castle/motte-and-bailey
901;Oedekirke;1100;1500;Not categorized;Not categorized
901;Oedekirkegaard;1100;1500;Not categorized;Not categorized
NA;Enkeltfund;750;1066;Not categorized;Not categorized
944;Enkeltfund;750;1066;Not categorized;Not categorized
944;Enkeltfund;1067;1299;Not categorized;Not categorized
NA;Enkeltfund;1067;1299;Not categorized;Not categorized
1696;Runesten;970;1020;Not categorized;Not categorized
1068;Runesten;900;1020;Not categorized;Not categorized
1619;Enkeltfund;750;1066;Not categorized;Not categorized
237;Enkeltfund;1400;1499;Not categorized;Not categorized
237;Moentfund;1200;1499;Indicators_of_economic_activity;Coin findings
332;Skibssaetning;750;1066;Not categorized;Not categorized
332;Runesten;1067;1299;Not categorized;Not categorized
1774;Enkeltfund;1067;1299;Not categorized;Not categorized
216;Affaldsgrube;1067;1299;Not categorized;Not categorized
216;Kulturlag;1067;1299;Not categorized;Not categorized
216;Jern;1067;1299;Indicators_of_economic_activity;Iron
338;Enkeltfund;750;1066;Not categorized;Not categorized
338;Enkeltfund;1067;1299;Not categorized;Not categorized
NA;Klosteranlaeg;1400;1499;Religious;Monastery complex
81;Moentfund;750;1066;Indicators_of_economic_activity;Coin findings
1835;Enkeltfund;750;1066;Not categorized;Not categorized
583;Enkeltfund;750;1066;Not categorized;Not categorized
583;Moentfund;750;1066;Indicators_of_economic_activity;Coin findings
1540;Moentfund;1067;1299;Indicators_of_economic_activity;Coin findings
1540;Enkeltfund;1067;1299;Not categorized;Not categorized
1384;Hus (evt. med stald);1067;1299;Buildings;House (possibly with a stable)
1747;Bosaettelse, uspec undergruppe;750;1066;Buildings;Settlement, unspecified subgroup
1747;Moentfund;750;1066;Indicators_of_economic_activity;Coin findings
1747;Moentfund;1200;1399;Indicators_of_economic_activity;Coin findings
1747;Groeft (afvanding);750;1066;Not categorized;Not categorized
1747;Grubehus;750;1066;Buildings;Pit-house
1642;Klosteranlaeg;1067;1199;Religious;Monastery complex
1642;Kirke;1067;1199;Religious;Church
1642;Moentfund;1067;1299;Indicators_of_economic_activity;Coin findings
NA;Enkeltfund;1200;1299;Not categorized;Not categorized
NA;Enkeltfund;1300;1399;Not categorized;Not categorized
NA;Enkeltfund;1400;1499;Not categorized;Not categorized
NA;Bageovn;1200;1299;Indicators_of_economic_activity;Bakery oven
1144;Klosteranlaeg;1067;1299;Religious;Monastery complex
1360;Bosaettelse, uspec undergruppe;750;1066;Buildings;Settlement, unspecified subgroup
1360;Bosaettelse, uspec undergruppe;750;1066;Buildings;Settlement, unspecified subgroup
1360;Bosaettelse, uspec undergruppe;1067;1299;Buildings;Settlement, unspecified subgroup
1360;Bosaettelse, uspec undergruppe;750;1066;Buildings;Settlement, unspecified subgroup
1360;Bosaettelse, uspec undergruppe;1067;1299;Buildings;Settlement, unspecified subgroup
35;Hus (evt. med stald);750;1066;Buildings;House (possibly with a stable)
35;Kulturlag;750;1066;Not categorized;Not categorized
35;Moentfund;1200;1499;Indicators_of_economic_activity;Coin findings
335;Enkeltfund;1067;1299;Not categorized;Not categorized
1466;Hegn/gaerde;750;1066;Buildings;Hedge/fence
216;Kulturlag;1067;1299;Not categorized;Not categorized
216;Jern;1067;1299;Indicators_of_economic_activity;Iron
216;Hus (evt. med stald);1067;1299;Buildings;House (possibly with a stable)
1569;Befaestning;750;1066;Defensive;Fortification
1569;Befaestning;1067;1299;Defensive;Fortification
113;Enkeltfund;750;1066;Not categorized;Not categorized
69;Enkeltfund;750;1066;Not categorized;Not categorized
1581;Hus (evt. med stald);750;1066;Buildings;House (possibly with a stable)
1581;Hus (evt. med stald);1067;1299;Buildings;House (possibly with a stable)
1581;Hus (evt. med stald);750;1066;Buildings;House (possibly with a stable)
1581;Hus (evt. med stald);1067;1299;Buildings;House (possibly with a stable)
1581;Hus (evt. med stald);750;1066;Buildings;House (possibly with a stable)
1581;Hus (evt. med stald);1067;1299;Buildings;House (possibly with a stable)
1581;Moentfund;750;1066;Indicators_of_economic_activity;Coin findings
1581;Hus (evt. med stald);750;1066;Buildings;House (possibly with a stable)
1581;Hus (evt. med stald);1067;1299;Buildings;House (possibly with a stable)
338;Hus (evt. med stald);750;1066;Buildings;House (possibly with a stable)
338;Hus (evt. med stald);1067;1299;Buildings;House (possibly with a stable)
338;Moentfund;750;1066;Indicators_of_economic_activity;Coin findings
338;Hus (evt. med stald);750;1066;Buildings;House (possibly with a stable)
338;Hus (evt. med stald);1067;1299;Buildings;House (possibly with a stable)
338;Hus (evt. med stald);750;1066;Buildings;House (possibly with a stable)
338;Hus (evt. med stald);1067;1299;Buildings;House (possibly with a stable)
338;Enkeltfund;750;1066;Not categorized;Not categorized
338;Enkeltfund;1067;1299;Not categorized;Not categorized
338;Moentfund;900;1066;Indicators_of_economic_activity;Coin findings
338;Hus (evt. med stald);750;1066;Buildings;House (possibly with a stable)
338;Hus (evt. med stald);1067;1299;Buildings;House (possibly with a stable)
338;Moentfund;900;1066;Indicators_of_economic_activity;Coin findings
1614;Hus (evt. med stald);1067;1299;Buildings;House (possibly with a stable)
1637;Enkeltfund;1067;1299;Not categorized;Not categorized
1566;Hus (evt. med stald);750;1066;Buildings;House (possibly with a stable)
1566;Jern;750;1066;Indicators_of_economic_activity;Iron
1566;Enkeltfund;750;1066;Not categorized;Not categorized
70;Stenraekke;750;1066;Not categorized;Not categorized
1599;Enkeltfund;750;1066;Not categorized;Not categorized
342;Enkeltfund;750;1066;Not categorized;Not categorized
415;Moentfund;1067;1299;Indicators_of_economic_activity;Coin findings
397;Bosaettelse, uspec undergruppe;750;1066;Buildings;Settlement, unspecified subgroup
446;Bosaettelse, uspec undergruppe;750;1066;Buildings;Settlement, unspecified subgroup
446;Enkeltfund;1067;1299;Not categorized;Not categorized
488;Affaldsgrube;750;1066;Not categorized;Not categorized
637;Enkeltfund;750;1066;Not categorized;Not categorized
637;Hus (evt. med stald);750;1066;Buildings;House (possibly with a stable)
703;Ildsted;750;1066;Not categorized;Not categorized
332;Moentfund;1067;1199;Indicators_of_economic_activity;Coin findings
332;Moentfund;1200;1299;Indicators_of_economic_activity;Coin findings
972;Bosaettelse, uspec undergruppe;1067;1299;Buildings;Settlement, unspecified subgroup
1693;Kulturlag;750;1066;Not categorized;Not categorized
1693;Kulturlag;1067;1299;Not categorized;Not categorized
1693;Enkeltfund;750;1066;Not categorized;Not categorized
1693;Enkeltfund;1067;1299;Not categorized;Not categorized
500;Borg/Voldsted;1200;1399;Defensive;Castle/motte-and-bailey
349;Bosaettelse, uspec undergruppe;750;1066;Buildings;Settlement, unspecified subgroup
349;Bosaettelse, uspec undergruppe;1067;1299;Buildings;Settlement, unspecified subgroup
350;Moentfund;1200;1399;Indicators_of_economic_activity;Coin findings
350;Moentfund;750;1066;Indicators_of_economic_activity;Coin findings
333;Hus (evt. med stald);750;1066;Buildings;House (possibly with a stable)
333;Hus (evt. med stald);1067;1299;Buildings;House (possibly with a stable)
333;Moentfund;900;1066;Indicators_of_economic_activity;Coin findings
331;Bosaettelse, uspec undergruppe;750;1066;Buildings;Settlement, unspecified subgroup
331;Bosaettelse, uspec undergruppe;1067;1299;Buildings;Settlement, unspecified subgroup
184;Enkeltfund;1067;1299;Not categorized;Not categorized
104;Enkeltfund;750;1066;Not categorized;Not categorized
41;Enkeltfund;750;1066;Not categorized;Not categorized
1106;Hus (evt. med stald);750;1066;Buildings;House (possibly with a stable)
1106;Hegn/gaerde;750;1066;Buildings;Hedge/fence
1569;Kulturlag;1067;1299;Not categorized;Not categorized
1569;Affaldsgrube;1067;1299;Not categorized;Not categorized
1569;Vej;1067;1199;Not categorized;Not categorized
205;Depotfund;750;1066;Distress;Hoard finds
205;Moentfund;750;1066;Indicators_of_economic_activity;Coin findings
205;Kulturlag;750;1066;Not categorized;Not categorized
1166;Enkeltfund;750;1066;Not categorized;Not categorized
1267;Enkeltfund;750;1066;Not categorized;Not categorized
1254;Depotfund;750;1066;Distress;Hoard finds
1291;Enkeltfund;750;1066;Not categorized;Not categorized
1356;Hus (evt. med stald);750;1066;Buildings;House (possibly with a stable)
1356;Broend;750;1066;Buildings;Well
1356;Hegn/gaerde;750;1066;Buildings;Hedge/fence
1356;Affaldsgrube;750;1066;Not categorized;Not categorized
1356;Grubehus;750;1066;Buildings;Pit-house
1356;Tekstil;750;1066;Indicators_of_economic_activity;Textile
1130;Jordfaestegrav;750;1066;Not categorized;Not categorized
1382;Hus (evt. med stald);750;899;Buildings;House (possibly with a stable)
1382;Glas;750;899;Indicators_of_economic_activity;Glas
1382;Tekstil;750;899;Indicators_of_economic_activity;Textile
1382;Vej;750;899;Not categorized;Not categorized
1382;Befaestning;900;1066;Defensive;Fortification
1382;Hus (evt. med stald);1067;1199;Buildings;House (possibly with a stable)
1382;Vej;1067;1199;Not categorized;Not categorized
1382;Moentfund;1067;1299;Indicators_of_economic_activity;Coin findings
1382;Voldgrav;750;1066;Defensive;Moat
1466;Hus (evt. med stald);750;1066;Buildings;House (possibly with a stable)
1466;Hegn/gaerde;750;1066;Buildings;Hedge/fence
1466;Broend;750;1066;Buildings;Well
1466;Enkeltfund;1067;1299;Not categorized;Not categorized
1466;Bosaettelse, uspec undergruppe;750;1066;Buildings;Settlement, unspecified subgroup
1466;Enkeltfund;1067;1299;Not categorized;Not categorized
1466;Enkeltfund;1067;1299;Not categorized;Not categorized
1581;Enkeltfund;750;1066;Not categorized;Not categorized
1581;Moentfund;750;1066;Indicators_of_economic_activity;Coin findings
1581;Enkeltfund;750;1066;Not categorized;Not categorized
331;Enkeltfund;750;1066;Not categorized;Not categorized
332;Enkeltfund;750;1066;Not categorized;Not categorized
332;Enkeltfund;1067;1299;Not categorized;Not categorized
333;Enkeltfund;750;1066;Not categorized;Not categorized
333;Enkeltfund;750;1066;Not categorized;Not categorized
331;Enkeltfund;750;1066;Not categorized;Not categorized
332;Enkeltfund;750;1066;Not categorized;Not categorized
332;Enkeltfund;1067;1299;Not categorized;Not categorized
332;Moentfund;750;1066;Indicators_of_economic_activity;Coin findings
332;Moentfund;1300;1399;Indicators_of_economic_activity;Coin findings
334;Enkeltfund;750;1066;Not categorized;Not categorized
334;Enkeltfund;1067;1299;Not categorized;Not categorized
336;Enkeltfund;750;1066;Not categorized;Not categorized
336;Enkeltfund;750;1066;Not categorized;Not categorized
336;Enkeltfund;1067;1299;Not categorized;Not categorized
336;Moentfund;750;1066;Indicators_of_economic_activity;Coin findings
336;Enkeltfund;750;1066;Not categorized;Not categorized
336;Enkeltfund;1067;1299;Not categorized;Not categorized
347;Enkeltfund;750;1066;Not categorized;Not categorized
347;Enkeltfund;1067;1299;Not categorized;Not categorized
347;Enkeltfund;750;1066;Not categorized;Not categorized
334;Enkeltfund;750;1066;Not categorized;Not categorized
334;Enkeltfund;1067;1299;Not categorized;Not categorized
334;Moentfund;1200;1299;Indicators_of_economic_activity;Coin findings
334;Enkeltfund;750;1066;Not categorized;Not categorized
334;Moentfund;1067;1199;Indicators_of_economic_activity;Coin findings
334;Moentfund;1067;1199;Indicators_of_economic_activity;Coin findings
334;Depotfund;1067;1199;Distress;Hoard finds
334;Enkeltfund;1067;1299;Not categorized;Not categorized
334;Enkeltfund;750;1066;Not categorized;Not categorized
334;Enkeltfund;750;1066;Not categorized;Not categorized
334;Hus (evt. med stald);750;1066;Buildings;House (possibly with a stable)
334;Hus (evt. med stald);1067;1299;Buildings;House (possibly with a stable)
334;Moentfund;750;1066;Indicators_of_economic_activity;Coin findings
334;Enkeltfund;750;1066;Not categorized;Not categorized
334;Enkeltfund;1067;1299;Not categorized;Not categorized
334;Enkeltfund;750;1066;Not categorized;Not categorized
334;Enkeltfund;1067;1299;Not categorized;Not categorized
338;Affaldsgrube;750;1066;Not categorized;Not categorized
338;Affaldsgrube;1067;1299;Not categorized;Not categorized
338;Enkeltfund;750;1066;Not categorized;Not categorized
343;Enkeltfund;750;1066;Not categorized;Not categorized
340;Enkeltfund;750;1066;Not categorized;Not categorized
340;Enkeltfund;750;1066;Not categorized;Not categorized
342;Moentfund;1200;1399;Indicators_of_economic_activity;Coin findings
344;Enkeltfund;750;1066;Not categorized;Not categorized
349;Enkeltfund;750;1066;Not categorized;Not categorized
349;Enkeltfund;750;1066;Not categorized;Not categorized
349;Enkeltfund;1067;1299;Not categorized;Not categorized
349;Moentfund;750;1066;Indicators_of_economic_activity;Coin findings
79;Enkeltfund;1067;1299;Not categorized;Not categorized
1588;Kulturlag;1067;1299;Not categorized;Not categorized
213;Jordfaestegrav;750;899;Not categorized;Not categorized
213;Grube (uspecificeret funktion);750;1066;Not categorized;Not categorized
1820;Jordfaestegrav;750;1066;Not categorized;Not categorized
1820;Brandgrav (uspecificeret type);750;1066;Not categorized;Not categorized
1820;Enkeltfund;750;1066;Not categorized;Not categorized
401;Moentfund;1200;1299;Indicators_of_economic_activity;Coin findings
1395;Hus (evt. med stald);1067;1299;Buildings;House (possibly with a stable)
1581;Enkeltfund;750;1066;Not categorized;Not categorized
1581;Enkeltfund;1067;1299;Not categorized;Not categorized
NA;Kulturlag;1067;1299;Not categorized;Not categorized
266;Borg/Voldsted;750;1066;Defensive;Castle/motte-and-bailey
266;Hus (evt. med stald);750;1066;Buildings;House (possibly with a stable)
1747;Enkeltfund;1067;1199;Not categorized;Not categorized
1747;Moentfund;1200;1399;Indicators_of_economic_activity;Coin findings
1145;Klosteranlaeg;1067;1299;Religious;Monastery complex
1145;Kirkegaard;1067;1299;Not categorized;Not categorized
1145;Oedekirke;1250;1460;Not categorized;Not categorized
1145;Oedekirkegaard;1250;1460;Not categorized;Not categorized
1171;Enkeltfund;750;1066;Not categorized;Not categorized
1138;Moentfund;900;1066;Indicators_of_economic_activity;Coin findings
1174;Enkeltfund;750;1066;Not categorized;Not categorized
NA;Enkeltfund;1067;1299;Not categorized;Not categorized
NA;Enkeltfund;1200;1399;Not categorized;Not categorized
1284;Bosaettelse, uspec undergruppe;750;1066;Buildings;Settlement, unspecified subgroup
1261;Moentfund;1200;1399;Indicators_of_economic_activity;Coin findings
571;Bosaettelse, uspec undergruppe;750;1066;Buildings;Settlement, unspecified subgroup
616;Enkeltfund;750;1066;Not categorized;Not categorized
688;Bosaettelse, uspec undergruppe;900;1066;Buildings;Settlement, unspecified subgroup
688;Hus (evt. med stald);1067;1299;Buildings;House (possibly with a stable)
688;Broend;1067;1299;Buildings;Well
688;Bageovn;900;1066;Indicators_of_economic_activity;Bakery oven
705;Enkeltfund;750;1066;Not categorized;Not categorized
1635;Hus (evt. med stald);750;1066;Buildings;House (possibly with a stable)
1673;Bosaettelse, uspec undergruppe;750;1066;Buildings;Settlement, unspecified subgroup
1673;Metal;750;1066;Indicators_of_economic_activity;Metal
1551;Enkeltfund;750;1066;Not categorized;Not categorized
1551;Enkeltfund;750;1066;Not categorized;Not categorized
1161;Kirke;1067;1299;Religious;Church
1099;Kulturlag;750;1066;Not categorized;Not categorized
1099;Brolaegning;750;1066;Not categorized;Not categorized
1099;Affaldsgrube;750;1066;Not categorized;Not categorized
1295;Enkeltfund;750;1066;Not categorized;Not categorized
1382;Befaestning;750;1066;Defensive;Fortification
1382;Moentfund;750;1066;Indicators_of_economic_activity;Coin findings
1382;Jordfaestegrav;750;1066;Not categorized;Not categorized
1382;Brandgrav (uspecificeret type);750;1066;Not categorized;Not categorized
1382;Kultanlaeg;750;1066;Not categorized;Not categorized
1382;Hus (evt. med stald);1067;1199;Buildings;House (possibly with a stable)
NA;Enkeltfund;1067;1299;Not categorized;Not categorized
NA;Moentfund;1200;1399;Indicators_of_economic_activity;Coin findings
232;Enkeltfund;1200;1299;Not categorized;Not categorized
443;Moentfund;1300;1399;Indicators_of_economic_activity;Coin findings
1817;Enkeltfund;1067;1299;Not categorized;Not categorized
1540;Moentfund;1067;1299;Indicators_of_economic_activity;Coin findings
1837;Enkeltfund;1067;1199;Not categorized;Not categorized
1803;Enkeltfund;750;1066;Not categorized;Not categorized
205;Grube (uspecificeret funktion);750;1066;Not categorized;Not categorized
205;Moentfund;750;1066;Indicators_of_economic_activity;Coin findings
205;Moentfund;900;1066;Indicators_of_economic_activity;Coin findings
1805;Moentfund;750;1066;Indicators_of_economic_activity;Coin findings
1757;Borg/Voldsted;1067;1299;Defensive;Castle/motte-and-bailey
NA;Kulturlag;1067;1299;Not categorized;Not categorized
1383;Klosteranlaeg;1067;1299;Religious;Monastery complex
1383;Kirkegaard;1067;1299;Not categorized;Not categorized
1383;Oedekirke;1100;1170;Not categorized;Not categorized
1383;Oedekirkegaard;1100;1170;Not categorized;Not categorized
1374;Moentfund;1067;1299;Indicators_of_economic_activity;Coin findings
1333;Moentfund;750;1066;Indicators_of_economic_activity;Coin findings
1406;Moentfund;750;1066;Indicators_of_economic_activity;Coin findings
1008;Enkeltfund;750;1066;Not categorized;Not categorized
1782;Enkeltfund;750;1066;Not categorized;Not categorized
1782;Enkeltfund;1067;1299;Not categorized;Not categorized
1581;Bosaettelse, uspec undergruppe;750;1066;Buildings;Settlement, unspecified subgroup
1581;Bosaettelse, uspec undergruppe;1067;1299;Buildings;Settlement, unspecified subgroup
1581;Moentfund;750;1066;Indicators_of_economic_activity;Coin findings
1581;Moentfund;1067;1299;Indicators_of_economic_activity;Coin findings
338;Enkeltfund;750;1066;Not categorized;Not categorized
338;Enkeltfund;1067;1299;Not categorized;Not categorized
338;Enkeltfund;1067;1299;Not categorized;Not categorized
344;Enkeltfund;750;1066;Not categorized;Not categorized
344;Enkeltfund;1067;1299;Not categorized;Not categorized
1822;Enkeltfund;750;1066;Not categorized;Not categorized
349;Enkeltfund;750;1066;Not categorized;Not categorized
349;Enkeltfund;1067;1299;Not categorized;Not categorized
349;Moentfund;750;1066;Indicators_of_economic_activity;Coin findings
349;Moentfund;1067;1299;Indicators_of_economic_activity;Coin findings
1814;Kammergrav;750;1066;Not categorized;Not categorized
367;Depotfund;750;1066;Distress;Hoard finds
1397;Gaard;1067;1299;Buildings;Farmstead
1845;Runesten;750;1066;Not categorized;Not categorized
1618;Moentfund;900;1066;Indicators_of_economic_activity;Coin findings
1618;Enkeltfund;750;1066;Not categorized;Not categorized
1618;Moentfund;1067;1299;Indicators_of_economic_activity;Coin findings
1615;Moentfund;750;1066;Indicators_of_economic_activity;Coin findings
1773;Enkeltfund;750;1066;Not categorized;Not categorized
1773;Moentfund;1200;1399;Indicators_of_economic_activity;Coin findings
1845;Enkeltfund;750;1066;Not categorized;Not categorized
769;Enkeltfund;750;1066;Not categorized;Not categorized
1579;Depotfund;750;1066;Distress;Hoard finds
1579;Moentfund;750;1066;Indicators_of_economic_activity;Coin findings
1822;Runesten;970;1020;Not categorized;Not categorized
417;Enkeltfund;750;1066;Not categorized;Not categorized
417;Jordfaestegrav;750;899;Not categorized;Not categorized
417;Moentfund;750;899;Indicators_of_economic_activity;Coin findings
NA;Jordfaestegrav;750;1066;Not categorized;Not categorized
417;Enkeltfund;750;1066;Not categorized;Not categorized
422;Runesten;750;1066;Not categorized;Not categorized
NA;Runesten;750;1066;Not categorized;Not categorized
1735;Enkeltfund;750;1066;Not categorized;Not categorized
425;Enkeltfund;750;1066;Not categorized;Not categorized
432;Runesten;750;1066;Not categorized;Not categorized
422;Runesten;750;1066;Not categorized;Not categorized
439;Runesten;750;1066;Not categorized;Not categorized
NA;Enkeltfund;750;1066;Not categorized;Not categorized
1764;Runesten;750;1066;Not categorized;Not categorized
492;Jordfaestegrav;750;1066;Not categorized;Not categorized
3;Runesten;750;899;Not categorized;Not categorized
3;Enkeltfund;750;1066;Not categorized;Not categorized
3;Gravgenstand;750;1066;Not categorized;Not categorized
1634;Moentfund;1200;1299;Indicators_of_economic_activity;Coin findings
1432;Oedekirke;1200;1299;Not categorized;Not categorized
1432;Moentfund;750;1066;Indicators_of_economic_activity;Coin findings
1432;Enkeltfund;750;1066;Not categorized;Not categorized
1432;Moentfund;1067;1299;Indicators_of_economic_activity;Coin findings
1432;Grube (uspecificeret funktion);1300;1399;Not categorized;Not categorized
282;Enkeltfund;750;1066;Not categorized;Not categorized
1817;Enkeltfund;1067;1299;Not categorized;Not categorized
1828;Enkeltfund;1067;1299;Not categorized;Not categorized
361;Enkeltfund;750;1066;Not categorized;Not categorized
14;Affaldsgrube;1067;1299;Not categorized;Not categorized
71;Jordfaestegrav;750;1066;Not categorized;Not categorized
1626;Affaldsgrube;1067;1299;Not categorized;Not categorized
1764;Bosaettelse, uspec undergruppe;750;1066;Buildings;Settlement, unspecified subgroup
75;Bosaettelse, uspec undergruppe;750;1066;Buildings;Settlement, unspecified subgroup
160;Enkeltfund;750;1066;Not categorized;Not categorized
1830;Enkeltfund;750;1066;Not categorized;Not categorized
381;Brandgrav (uspecificeret type);750;1066;Not categorized;Not categorized
381;Rundhoej;750;1066;Not categorized;Not categorized
NA;Borg/Voldsted;1067;1299;Defensive;Castle/motte-and-bailey
NA;Bro;1200;1299;Not categorized;Not categorized
391;Moentfund;1200;1399;Indicators_of_economic_activity;Coin findings
1821;Jordfaestegrav;750;1066;Not categorized;Not categorized
336;Bosaettelse, uspec undergruppe;900;1066;Buildings;Settlement, unspecified subgroup
336;Moentfund;900;1066;Indicators_of_economic_activity;Coin findings
336;Enkeltfund;1067;1199;Not categorized;Not categorized
349;Enkeltfund;750;1066;Not categorized;Not categorized
1817;Hus (evt. med stald);1067;1299;Buildings;House (possibly with a stable)
350;Enkeltfund;750;1066;Not categorized;Not categorized
350;Enkeltfund;1067;1299;Not categorized;Not categorized
350;Moentfund;750;1066;Indicators_of_economic_activity;Coin findings
350;Enkeltfund;750;1066;Not categorized;Not categorized
350;Enkeltfund;1067;1299;Not categorized;Not categorized
350;Moentfund;750;1066;Indicators_of_economic_activity;Coin findings
350;Moentfund;1067;1299;Indicators_of_economic_activity;Coin findings
349;Bosaettelse, uspec undergruppe;750;1066;Buildings;Settlement, unspecified subgroup
349;Moentfund;750;1066;Indicators_of_economic_activity;Coin findings
349;Moentfund;1067;1299;Indicators_of_economic_activity;Coin findings
349;Moentfund;1400;1499;Indicators_of_economic_activity;Coin findings
1808;Jordfaestegrav;750;1066;Not categorized;Not categorized
1581;Moentfund;750;1066;Indicators_of_economic_activity;Coin findings
1614;Vej;1200;1299;Not categorized;Not categorized
1483;Hus (evt. med stald);750;1066;Buildings;House (possibly with a stable)
1483;Affaldsgrube;750;1066;Not categorized;Not categorized
1483;Gaard;1067;1299;Buildings;Farmstead
608;Hus (evt. med stald);750;1066;Buildings;House (possibly with a stable)
592;Enkeltfund;750;1066;Not categorized;Not categorized
488;Enkeltfund;750;1066;Not categorized;Not categorized
510;Affaldsgrube;750;1066;Not categorized;Not categorized
510;Enkeltfund;750;1066;Not categorized;Not categorized
1729;Hus (evt. med stald);1067;1299;Buildings;House (possibly with a stable)
1333;Bosaettelse, uspec undergruppe;750;1066;Buildings;Settlement, unspecified subgroup
1333;Moentfund;750;1066;Indicators_of_economic_activity;Coin findings
765;Moentfund;750;1066;Indicators_of_economic_activity;Coin findings
646;Affaldsgrube;1067;1299;Not categorized;Not categorized
1838;Borg/Voldsted;1250;1350;Defensive;Castle/motte-and-bailey
1838;Voldgrav;1250;1350;Defensive;Moat
1838;Grubehus;750;1066;Buildings;Pit-house
1838;Bygning;1250;1290;Not categorized;Not categorized
1838;Moentfund;1200;1399;Indicators_of_economic_activity;Coin findings
1838;Bygning;1290;1350;Not categorized;Not categorized
1838;Hus (evt. med stald);1067;1299;Buildings;House (possibly with a stable)
1838;Ildsted;1067;1250;Not categorized;Not categorized
1838;Moentfund;1067;1299;Indicators_of_economic_activity;Coin findings
1838;Broend;1100;1299;Buildings;Well
358;Affaldsgrube;750;1066;Not categorized;Not categorized
358;Affaldsgrube;1067;1299;Not categorized;Not categorized
358;Enkeltfund;750;1066;Not categorized;Not categorized
358;Enkeltfund;1067;1299;Not categorized;Not categorized
877;Kammergrav;750;1066;Not categorized;Not categorized
877;Vogndel;750;1066;Not categorized;Not categorized
877;Rundhoej;750;1066;Not categorized;Not categorized
877;Kammergrav;750;1066;Not categorized;Not categorized
333;Bosaettelse, uspec undergruppe;750;1066;Buildings;Settlement, unspecified subgroup
333;Moentfund;750;1066;Indicators_of_economic_activity;Coin findings
1616;Moentfund;1067;1299;Indicators_of_economic_activity;Coin findings
4;Moentfund;1067;1299;Indicators_of_economic_activity;Coin findings
1610;Moentfund;750;1066;Indicators_of_economic_activity;Coin findings
1498;Gravgenstand;750;1066;Not categorized;Not categorized
100;Moentfund;1200;1399;Indicators_of_economic_activity;Coin findings
228;Enkeltfund;1300;1399;Not categorized;Not categorized
228;Enkeltfund;1400;1499;Not categorized;Not categorized
306;Moentfund;1067;1299;Indicators_of_economic_activity;Coin findings
338;Bosaettelse, uspec undergruppe;750;1066;Buildings;Settlement, unspecified subgroup
338;Enkeltfund;750;1066;Not categorized;Not categorized
338;Bosaettelse, uspec undergruppe;1067;1299;Buildings;Settlement, unspecified subgroup
338;Enkeltfund;1067;1299;Not categorized;Not categorized
349;Hus (evt. med stald);750;1066;Buildings;House (possibly with a stable)
349;Hus (evt. med stald);1067;1299;Buildings;House (possibly with a stable)
349;Enkeltfund;750;1066;Not categorized;Not categorized
349;Enkeltfund;1067;1299;Not categorized;Not categorized
349;Moentfund;750;1066;Indicators_of_economic_activity;Coin findings
1773;Enkeltfund;900;1066;Not categorized;Not categorized
60;Enkeltfund;750;1066;Not categorized;Not categorized
1754;Moentfund;750;1066;Indicators_of_economic_activity;Coin findings
410;Bosaettelse, uspec undergruppe;750;1066;Buildings;Settlement, unspecified subgroup
513;Enkeltfund;750;1066;Not categorized;Not categorized
485;Enkeltfund;750;1066;Not categorized;Not categorized
NA;Gaard;1067;1299;Buildings;Farmstead
1416;Bosaettelse, uspec undergruppe;1200;1399;Buildings;Settlement, unspecified subgroup
1542;Affaldsgrube;750;1066;Not categorized;Not categorized
1797;Enkeltfund;750;1066;Not categorized;Not categorized
1801;Affaldsgrube;1067;1299;Not categorized;Not categorized
1801;Hus (evt. med stald);1067;1299;Buildings;House (possibly with a stable)
1801;Broend;1067;1299;Buildings;Well
1801;Hegn/gaerde;1067;1299;Buildings;Hedge/fence
1801;Marksystem;1067;1299;Not categorized;Not categorized
342;Enkeltfund;750;1066;Not categorized;Not categorized
342;Enkeltfund;1067;1299;Not categorized;Not categorized
344;Enkeltfund;750;1066;Not categorized;Not categorized
344;Enkeltfund;1067;1299;Not categorized;Not categorized
344;Moentfund;750;1066;Indicators_of_economic_activity;Coin findings
344;Moentfund;1067;1199;Indicators_of_economic_activity;Coin findings
797;Bosaettelse, uspec undergruppe;750;1066;Buildings;Settlement, unspecified subgroup
1160;Bro;1067;1299;Not categorized;Not categorized
NA;Kulturlag;1067;1299;Not categorized;Not categorized
NA;Groeft (afvanding);1067;1299;Not categorized;Not categorized
1650;Affaldsgrube;1067;1299;Not categorized;Not categorized
1758;Enkeltfund;750;1066;Not categorized;Not categorized
1758;Enkeltfund;750;1066;Not categorized;Not categorized
1758;Enkeltfund;1067;1299;Not categorized;Not categorized
1758;Moentfund;1200;1399;Indicators_of_economic_activity;Coin findings
555;Enkeltfund;750;1066;Not categorized;Not categorized
488;Enkeltfund;750;1066;Not categorized;Not categorized
1713;Hus (evt. med stald);1067;1299;Buildings;House (possibly with a stable)
1387;Hus (evt. med stald);750;1066;Buildings;House (possibly with a stable)
1387;Bosaettelse, uspec undergruppe;750;1066;Buildings;Settlement, unspecified subgroup
1387;Hus (evt. med stald);1067;1299;Buildings;House (possibly with a stable)
1387;Hegn/gaerde;1067;1299;Buildings;Hedge/fence
114;Bosaettelse, uspec undergruppe;750;1066;Buildings;Settlement, unspecified subgroup
1754;Moentfund;750;1066;Indicators_of_economic_activity;Coin findings
1604;Enkeltfund;750;1066;Not categorized;Not categorized
1290;Gaard;1200;1399;Buildings;Farmstead
1507;Enkeltfund;750;1066;Not categorized;Not categorized
1382;Broend;750;1066;Buildings;Well
1382;Hegn/gaerde;1067;1299;Buildings;Hedge/fence
1382;Hus (evt. med stald);1067;1299;Buildings;House (possibly with a stable)
1382;Moentfund;1400;1499;Indicators_of_economic_activity;Coin findings
273;Hus (evt. med stald);900;1066;Buildings;House (possibly with a stable)
1358;Hus (evt. med stald);1067;1299;Buildings;House (possibly with a stable)
346;Hus (evt. med stald);750;1066;Buildings;House (possibly with a stable)
1370;Hus (evt. med stald);1067;1199;Buildings;House (possibly with a stable)
1370;Broend;1067;1199;Buildings;Well
1374;Hus (evt. med stald);1067;1199;Buildings;House (possibly with a stable)
1374;Grubehus;750;1066;Buildings;Pit-house
1374;Hus (evt. med stald);750;1066;Buildings;House (possibly with a stable)
1374;Bosaettelse, uspec undergruppe;750;1066;Buildings;Settlement, unspecified subgroup
1374;Bosaettelse, uspec undergruppe;1067;1199;Buildings;Settlement, unspecified subgroup
1247;Hus (evt. med stald);750;1066;Buildings;House (possibly with a stable)
1062;Enkeltfund;750;1066;Not categorized;Not categorized
1515;Skibssaetning;750;1066;Not categorized;Not categorized
1029;Plankevej;1067;1199;Not categorized;Not categorized
1407;Bosaettelse, uspec undergruppe;750;1066;Buildings;Settlement, unspecified subgroup
1407;Enkeltfund;750;1066;Not categorized;Not categorized
1699;Enkeltfund;750;1066;Not categorized;Not categorized
1293;Enkeltfund;1067;1199;Not categorized;Not categorized
1335;Bosaettelse, uspec undergruppe;900;1066;Buildings;Settlement, unspecified subgroup
1335;Hus (evt. med stald);750;1066;Buildings;House (possibly with a stable)
1335;Grubehus;750;1066;Buildings;Pit-house
1335;Hegn/gaerde;750;1066;Buildings;Hedge/fence
1335;Grube (uspecificeret funktion);750;1066;Not categorized;Not categorized
1370;Hus (evt. med stald);1100;1350;Buildings;House (possibly with a stable)
1591;Moentfund;1200;1399;Indicators_of_economic_activity;Coin findings
1610;Hus (evt. med stald);750;1066;Buildings;House (possibly with a stable)
205;Enkeltfund;900;1066;Not categorized;Not categorized
1581;Moentfund;1300;1399;Indicators_of_economic_activity;Coin findings
1802;Vrag;1067;1299;Not categorized;Not categorized
363;Hus (evt. med stald);1067;1299;Buildings;House (possibly with a stable)
1755;Enkeltfund;1067;1399;Not categorized;Not categorized
592;Enkeltfund;750;1066;Not categorized;Not categorized
592;Enkeltfund;1067;1299;Not categorized;Not categorized
491;Enkeltfund;750;1066;Not categorized;Not categorized
495;Bosaettelse, uspec undergruppe;750;1066;Buildings;Settlement, unspecified subgroup
4;Stenkiste;900;1066;Not categorized;Not categorized
NA;Kulturlag;750;1066;Not categorized;Not categorized
1664;Hus (evt. med stald);750;1066;Buildings;House (possibly with a stable)
772;Jordfaestegrav;750;1066;Not categorized;Not categorized
1549;Hus (evt. med stald);750;1066;Buildings;House (possibly with a stable)
1549;Hegn/gaerde;750;1066;Buildings;Hedge/fence
1632;Jordfaestegrav;750;1066;Not categorized;Not categorized
623;Bosaettelse, uspec undergruppe;750;1066;Buildings;Settlement, unspecified subgroup
623;Metal;750;1066;Indicators_of_economic_activity;Metal
871;Hus (evt. med stald);750;1066;Buildings;House (possibly with a stable)
1083;Moentfund;750;1066;Indicators_of_economic_activity;Coin findings
1267;Enkeltfund;750;1066;Not categorized;Not categorized
1272;Bosaettelse, uspec undergruppe;750;1066;Buildings;Settlement, unspecified subgroup
1356;Enkeltfund;900;1066;Not categorized;Not categorized
1365;Enkeltfund;750;1066;Not categorized;Not categorized
1381;Kulturlag;750;1066;Not categorized;Not categorized
1381;Metal;750;1066;Indicators_of_economic_activity;Metal
1382;Bosaettelse, uspec undergruppe;1067;1299;Buildings;Settlement, unspecified subgroup
1382;Befaestning;900;1066;Defensive;Fortification
1383;Enkeltfund;750;1066;Not categorized;Not categorized
1383;Enkeltfund;1067;1299;Not categorized;Not categorized
1426;Enkeltfund;750;1066;Not categorized;Not categorized
1794;Groeft (afvanding);1067;1199;Not categorized;Not categorized
21;Moentfund;1200;1299;Indicators_of_economic_activity;Coin findings
21;Moentfund;1300;1399;Indicators_of_economic_activity;Coin findings
21;Moentfund;1400;1499;Indicators_of_economic_activity;Coin findings
1792;Moentfund;1300;1399;Indicators_of_economic_activity;Coin findings
152;Moentfund;1200;1299;Indicators_of_economic_activity;Coin findings
75;Enkeltfund;1400;1499;Not categorized;Not categorized
94;Moentfund;1300;1399;Indicators_of_economic_activity;Coin findings
100;Moentfund;750;899;Indicators_of_economic_activity;Coin findings
100;Moentfund;900;1066;Indicators_of_economic_activity;Coin findings
100;Moentfund;1300;1399;Indicators_of_economic_activity;Coin findings
100;Enkeltfund;900;1066;Not categorized;Not categorized
100;Enkeltfund;750;1066;Not categorized;Not categorized
215;Affaldsgrube;750;1066;Not categorized;Not categorized
215;Enkeltfund;1067;1199;Not categorized;Not categorized
275;Bygning;1067;1299;Not categorized;Not categorized
275;Moentfund;1300;1399;Indicators_of_economic_activity;Coin findings
349;Moentfund;900;1066;Indicators_of_economic_activity;Coin findings
349;Enkeltfund;900;1066;Not categorized;Not categorized
349;Hus (evt. med stald);900;1066;Buildings;House (possibly with a stable)
363;Bosaettelse, uspec undergruppe;1067;1299;Buildings;Settlement, unspecified subgroup
401;Moentfund;1300;1399;Indicators_of_economic_activity;Coin findings
613;Saltudvinding;1400;1499;Not categorized;Not categorized
1540;Moentfund;1300;1399;Indicators_of_economic_activity;Coin findings
746;Moentfund;1200;1299;Indicators_of_economic_activity;Coin findings
746;Enkeltfund;1300;1399;Not categorized;Not categorized
746;Enkeltfund;1400;1499;Not categorized;Not categorized
789;Enkeltfund;1067;1199;Not categorized;Not categorized
789;Enkeltfund;750;899;Not categorized;Not categorized
802;Moentfund;1200;1299;Indicators_of_economic_activity;Coin findings
802;Enkeltfund;1300;1399;Not categorized;Not categorized
865;Moentfund;1400;1499;Indicators_of_economic_activity;Coin findings
888;Moentfund;1067;1299;Indicators_of_economic_activity;Coin findings
1637;Moentfund;1200;1299;Indicators_of_economic_activity;Coin findings
1637;Moentfund;1067;1199;Indicators_of_economic_activity;Coin findings
1693;Moentfund;1200;1299;Indicators_of_economic_activity;Coin findings
1693;Moentfund;1300;1399;Indicators_of_economic_activity;Coin findings
1642;Moentfund;1400;1499;Indicators_of_economic_activity;Coin findings
1055;Affaldsgrube;1067;1299;Not categorized;Not categorized
1081;Affaldsgrube;1067;1299;Not categorized;Not categorized
1569;Hus (evt. med stald);1200;1399;Buildings;House (possibly with a stable)
1333;Moentfund;1300;1399;Indicators_of_economic_activity;Coin findings
1333;Moentfund;1067;1199;Indicators_of_economic_activity;Coin findings
1382;Brandplet;750;899;Not categorized;Not categorized
1382;Befaestning;750;1066;Defensive;Fortification
NA;Enkeltfund;1200;1299;Not categorized;Not categorized
1813;Tro og tradition, uspec undergruppe;1400;1499;Not categorized;Not categorized
1262;Bygning;750;1066;Not categorized;Not categorized
1381;Affaldsgrube;1067;1299;Not categorized;Not categorized
1381;Metal;1067;1299;Indicators_of_economic_activity;Metal
1416;Kirkegaard;1067;1299;Not categorized;Not categorized
1416;Kirke;1067;1299;Religious;Church
1466;Gaard;1200;1399;Buildings;Farmstead
1466;Kulturlag;1200;1399;Not categorized;Not categorized
1466;Broend;750;1066;Buildings;Well
216;Kulturlag;1067;1299;Not categorized;Not categorized
216;Broend;1067;1299;Buildings;Well
216;Bygning;1200;1400;Not categorized;Not categorized
332;Moentfund;750;1066;Indicators_of_economic_activity;Coin findings
332;Moentfund;1067;1299;Indicators_of_economic_activity;Coin findings
336;Hus (evt. med stald);750;1066;Buildings;House (possibly with a stable)
336;Moentfund;750;1066;Indicators_of_economic_activity;Coin findings
336;Moentfund;1067;1299;Indicators_of_economic_activity;Coin findings
336;Hus (evt. med stald);1067;1299;Buildings;House (possibly with a stable)
338;Enkeltfund;750;1066;Not categorized;Not categorized
338;Moentfund;900;1066;Indicators_of_economic_activity;Coin findings
343;Moentfund;1300;1399;Indicators_of_economic_activity;Coin findings
349;Moentfund;1067;1299;Indicators_of_economic_activity;Coin findings
349;Moentfund;750;1066;Indicators_of_economic_activity;Coin findings
715;Depotfund;1067;1299;Distress;Hoard finds
715;Moentfund;1067;1299;Indicators_of_economic_activity;Coin findings
766;Enkeltfund;1067;1299;Not categorized;Not categorized
1227;Vandmoelle;1400;1499;Indicators_of_economic_activity;Water mill
1733;Vindmoelle;1200;1299;Indicators_of_economic_activity;Windmill
1643;Kirkegaard;1067;1299;Not categorized;Not categorized
1643;Kirke;1067;1299;Religious;Church
1643;Oedekirke;1067;1500;Not categorized;Not categorized
1643;Oedekirkegaard;1067;1500;Not categorized;Not categorized
NA;Enkeltfund;750;1066;Not categorized;Not categorized
NA;Moentfund;750;1066;Indicators_of_economic_activity;Coin findings
NA;Moentfund;1067;1199;Indicators_of_economic_activity;Coin findings
1614;Skel (ejendom);1067;1299;Buildings;Boundary (property)
1614;Tegl;1200;1299;Indicators_of_economic_activity;Brick
81;Moentfund;900;1066;Indicators_of_economic_activity;Coin findings
1619;Kulturlag;1067;1199;Not categorized;Not categorized
114;Moentfund;1067;1299;Indicators_of_economic_activity;Coin findings
1756;Enkeltfund;1067;1299;Not categorized;Not categorized
1756;Moentfund;1200;1399;Indicators_of_economic_activity;Coin findings
410;Bosaettelse, uspec undergruppe;750;1066;Buildings;Settlement, unspecified subgroup
410;Enkeltfund;750;1066;Not categorized;Not categorized
1642;Klosteranlaeg;1400;1499;Religious;Monastery complex
297;Enkeltfund;750;1066;Not categorized;Not categorized
319;Kulturlag;750;1066;Not categorized;Not categorized
1624;Jordfaestegrav;900;1066;Not categorized;Not categorized
1624;Begravelsesplads;1300;1399;Not categorized;Not categorized
483;Enkeltfund;1067;1499;Not categorized;Not categorized
1709;Kulturlag;750;1066;Not categorized;Not categorized
1709;Hus (evt. med stald);750;1066;Buildings;House (possibly with a stable)
1709;Tekstil;750;1066;Indicators_of_economic_activity;Textile
497;Enkeltfund;750;1066;Not categorized;Not categorized
81;Enkeltfund;750;1066;Not categorized;Not categorized
103;Hus (evt. med stald);750;1066;Buildings;House (possibly with a stable)
103;Hus (evt. med stald);1067;1299;Buildings;House (possibly with a stable)
103;Hus (evt. med stald);750;1066;Buildings;House (possibly with a stable)
103;Enkeltfund;750;1066;Not categorized;Not categorized
103;Moentfund;1200;1299;Indicators_of_economic_activity;Coin findings
103;Moentfund;1300;1399;Indicators_of_economic_activity;Coin findings
1293;Enkeltfund;750;899;Not categorized;Not categorized
1293;Enkeltfund;1067;1299;Not categorized;Not categorized
419;Enkeltfund;750;899;Not categorized;Not categorized
1642;Enkeltfund;750;1066;Not categorized;Not categorized
420;Enkeltfund;750;1066;Not categorized;Not categorized
420;Enkeltfund;750;1066;Not categorized;Not categorized
877;Hus (evt. med stald);750;1066;Buildings;House (possibly with a stable)
357;Moentfund;1200;1499;Indicators_of_economic_activity;Coin findings
21;Enkeltfund;750;1066;Not categorized;Not categorized
21;Enkeltfund;1067;1299;Not categorized;Not categorized
21;Moentfund;750;1066;Indicators_of_economic_activity;Coin findings
NA;Vrag;1067;1199;Not categorized;Not categorized
1569;Hus (evt. med stald);750;1066;Buildings;House (possibly with a stable)
1569;Raadhus;1200;1399;Not categorized;Not categorized
1271;Begravelsesplads;1067;1299;Not categorized;Not categorized
1271;Oedekirke;900;1000;Not categorized;Not categorized
1271;Oedekirkegaard;900;1000;Not categorized;Not categorized
1271;Jordfaestegrav;750;1066;Not categorized;Not categorized
1272;Jordfaestegrav;750;899;Not categorized;Not categorized
217;Ildsted;1067;1199;Not categorized;Not categorized
217;Hus (evt. med stald);1067;1199;Buildings;House (possibly with a stable)
217;Affaldsgrube;1067;1199;Not categorized;Not categorized
349;Moentfund;900;1066;Indicators_of_economic_activity;Coin findings
349;Hus (evt. med stald);900;1066;Buildings;House (possibly with a stable)
1600;Enkeltfund;1067;1299;Not categorized;Not categorized
NA;Enkeltfund;900;1066;Not categorized;Not categorized
72;Enkeltfund;750;1066;Not categorized;Not categorized
NA;Enkeltfund;1300;1399;Not categorized;Not categorized
90;Enkeltfund;1286;1330;Not categorized;Not categorized
120;Enkeltfund;750;1066;Not categorized;Not categorized
1679;Enkeltfund;900;1066;Not categorized;Not categorized
1679;Enkeltfund;1067;1299;Not categorized;Not categorized
1679;Enkeltfund;1200;1399;Not categorized;Not categorized
1679;Enkeltfund;900;1066;Not categorized;Not categorized
1679;Moentfund;1200;1399;Indicators_of_economic_activity;Coin findings
1685;Moentfund;1400;1499;Indicators_of_economic_activity;Coin findings
1685;Enkeltfund;1067;1199;Not categorized;Not categorized
1685;Moentfund;1200;1499;Indicators_of_economic_activity;Coin findings
1685;Moentfund;1200;1499;Indicators_of_economic_activity;Coin findings
1685;Enkeltfund;1067;1299;Not categorized;Not categorized
1685;Enkeltfund;1300;1399;Not categorized;Not categorized
1685;Enkeltfund;1200;1399;Not categorized;Not categorized
772;Enkeltfund;1067;1299;Not categorized;Not categorized
766;Moentfund;1200;1499;Indicators_of_economic_activity;Coin findings
766;Moentfund;1200;1499;Indicators_of_economic_activity;Coin findings
766;Enkeltfund;900;1066;Not categorized;Not categorized
766;Enkeltfund;1067;1199;Not categorized;Not categorized
766;Moentfund;1200;1399;Indicators_of_economic_activity;Coin findings
766;Enkeltfund;900;1066;Not categorized;Not categorized
766;Enkeltfund;1067;1299;Not categorized;Not categorized
766;Moentfund;1200;1399;Indicators_of_economic_activity;Coin findings
1638;Enkeltfund;1067;1199;Not categorized;Not categorized
1616;Hus (evt. med stald);1200;1299;Buildings;House (possibly with a stable)
1616;Klosteranlaeg;1067;1299;Religious;Monastery complex
419;Moentfund;1067;1299;Indicators_of_economic_activity;Coin findings
1627;Ben/Horn;1067;1299;Not categorized;Not categorized
491;Enkeltfund;750;1066;Not categorized;Not categorized
491;Bosaettelse, uspec undergruppe;1067;1299;Buildings;Settlement, unspecified subgroup
491;Moentfund;1067;1299;Indicators_of_economic_activity;Coin findings
1626;Kirke;1067;1299;Religious;Church
1626;Kirkegaard;1067;1299;Not categorized;Not categorized
1626;Moentfund;1067;1199;Indicators_of_economic_activity;Coin findings
521;Enkeltfund;1067;1299;Not categorized;Not categorized
338;Enkeltfund;1067;1199;Not categorized;Not categorized
275;Affaldsgrube;750;1066;Not categorized;Not categorized
1382;Kirkegaard;1067;1199;Not categorized;Not categorized
1382;Affaldsgrube;1067;1199;Not categorized;Not categorized
1382;Hegn/gaerde;1200;1299;Buildings;Hedge/fence
1382;Kulturlag;1200;1399;Not categorized;Not categorized
604;Enkeltfund;750;1066;Not categorized;Not categorized
857;Enkeltfund;750;1066;Not categorized;Not categorized
541;Laeder/skind;1200;1399;Not categorized;Not categorized
541;Vandledning;1200;1399;Not categorized;Not categorized
1454;Enkeltfund;1067;1199;Not categorized;Not categorized
548;Moentfund;750;899;Indicators_of_economic_activity;Coin findings
548;Enkeltfund;750;1066;Not categorized;Not categorized
NA;Klokkestabel/-taarn;1400;1499;Not categorized;Not categorized
73;Enkeltfund;1067;1199;Not categorized;Not categorized
205;Moentfund;750;1066;Indicators_of_economic_activity;Coin findings
1569;Kulturlag;750;1066;Not categorized;Not categorized
1511;Hus (evt. med stald);1200;1399;Buildings;House (possibly with a stable)
1511;Kulturlag;1200;1399;Not categorized;Not categorized
1511;Levnedsmidler;1300;1399;Not categorized;Not categorized
1511;Keramik;1300;1399;Indicators_of_economic_activity;Pottery
1511;Moentfund;1300;1399;Indicators_of_economic_activity;Coin findings
1754;Enkeltfund;750;1066;Not categorized;Not categorized
1569;Brolaegning;1200;1399;Not categorized;Not categorized
1569;Bygning;1200;1399;Not categorized;Not categorized
1139;Enkeltfund;750;1066;Not categorized;Not categorized
974;Bosaettelse, uspec undergruppe;1067;1299;Buildings;Settlement, unspecified subgroup
NA;Enkeltfund;1300;1399;Not categorized;Not categorized
1457;Enkeltfund;1067;1299;Not categorized;Not categorized
1794;Bosaettelse, uspec undergruppe;750;1066;Buildings;Settlement, unspecified subgroup
1794;Tekstil;750;1066;Indicators_of_economic_activity;Textile
1794;Handel;1067;1299;Indicators_of_economic_activity;Trade
1794;Grubehus;750;1066;Buildings;Pit-house
NA;Enkeltfund;750;1066;Not categorized;Not categorized
NA;Moentfund;1200;1399;Indicators_of_economic_activity;Coin findings
21;Enkeltfund;750;1066;Not categorized;Not categorized
21;Moentfund;1067;1199;Indicators_of_economic_activity;Coin findings
21;Moentfund;1200;1299;Indicators_of_economic_activity;Coin findings
21;Moentfund;1200;1399;Indicators_of_economic_activity;Coin findings
21;Moentfund;1300;1399;Indicators_of_economic_activity;Coin findings
21;Moentfund;1400;1499;Indicators_of_economic_activity;Coin findings
118;Enkeltfund;750;1066;Not categorized;Not categorized
81;Enkeltfund;750;1066;Not categorized;Not categorized
1781;Vragdel;1067;1299;Not categorized;Not categorized
289;Broend;1067;1299;Buildings;Well
1020;Runesten;900;1066;Not categorized;Not categorized
1726;Grubehus;750;1066;Buildings;Pit-house
1726;Tekstil;750;1066;Indicators_of_economic_activity;Textile
92;Moentfund;1200;1299;Indicators_of_economic_activity;Coin findings
100;Moentfund;750;1066;Indicators_of_economic_activity;Coin findings
193;Kirke;1067;1299;Religious;Church
193;Moentfund;1067;1299;Indicators_of_economic_activity;Coin findings
1600;Moentfund;1400;1499;Indicators_of_economic_activity;Coin findings
NA;Moentfund;1300;1399;Indicators_of_economic_activity;Coin findings
313;Moentfund;1067;1299;Indicators_of_economic_activity;Coin findings
205;Depotfund;750;1066;Distress;Hoard finds
205;Moentfund;750;1066;Indicators_of_economic_activity;Coin findings
334;Bosaettelse, uspec undergruppe;1067;1299;Buildings;Settlement, unspecified subgroup
334;Moentfund;1067;1299;Indicators_of_economic_activity;Coin findings
334;Enkeltfund;900;1066;Not categorized;Not categorized
338;Moentfund;750;1066;Indicators_of_economic_activity;Coin findings
626;Bosaettelse, uspec undergruppe;750;1066;Buildings;Settlement, unspecified subgroup
1142;Moentfund;1067;1199;Indicators_of_economic_activity;Coin findings
1142;Moentfund;1400;1499;Indicators_of_economic_activity;Coin findings
1293;Enkeltfund;750;1066;Not categorized;Not categorized
NA;Moentfund;900;1066;Indicators_of_economic_activity;Coin findings
72;Bosaettelse, uspec undergruppe;750;1066;Buildings;Settlement, unspecified subgroup
491;Moentfund;900;1066;Indicators_of_economic_activity;Coin findings
491;Depotfund;900;1066;Distress;Hoard finds
491;Moentfund;750;1066;Indicators_of_economic_activity;Coin findings
541;Baad-/skibsvaerft;1067;1299;Not categorized;Not categorized
766;Moentfund;750;1066;Indicators_of_economic_activity;Coin findings
1382;Bosaettelse, uspec undergruppe;1067;1199;Buildings;Settlement, unspecified subgroup
396;Bosaettelse, uspec undergruppe;1067;1299;Buildings;Settlement, unspecified subgroup
1614;Kulturlag;1400;1499;Not categorized;Not categorized
413;Enkeltfund;750;1066;Not categorized;Not categorized
336;Bosaettelse, uspec undergruppe;900;1066;Buildings;Settlement, unspecified subgroup
336;Moentfund;1200;1399;Indicators_of_economic_activity;Coin findings
1661;Enkeltfund;1067;1299;Not categorized;Not categorized
1661;Kulturlag;1067;1299;Not categorized;Not categorized
1748;Enkeltfund;750;1066;Not categorized;Not categorized
415;Enkeltfund;1067;1199;Not categorized;Not categorized
338;Enkeltfund;900;1066;Not categorized;Not categorized
404;Bosaettelse, uspec undergruppe;750;1066;Buildings;Settlement, unspecified subgroup
404;Bosaettelse, uspec undergruppe;1067;1299;Buildings;Settlement, unspecified subgroup
404;Moentfund;1067;1299;Indicators_of_economic_activity;Coin findings
1458;Transport, uspec undergruppe;1067;1299;Not categorized;Not categorized
391;Begravelsesplads;1200;1399;Not categorized;Not categorized
1620;Affaldsgrube;750;1066;Not categorized;Not categorized
68;Bosaettelse, uspec undergruppe;750;1066;Buildings;Settlement, unspecified subgroup
NA;Moentfund;1067;1299;Indicators_of_economic_activity;Coin findings
1307;Hus (evt. med stald);750;899;Buildings;House (possibly with a stable)
1307;Hus (evt. med stald);900;1066;Buildings;House (possibly with a stable)
1712;Hus (evt. med stald);900;1066;Buildings;House (possibly with a stable)
1712;Hus (evt. med stald);1067;1199;Buildings;House (possibly with a stable)
1712;Kulturlag;1067;1199;Not categorized;Not categorized
1712;Metal;1067;1199;Indicators_of_economic_activity;Metal
1712;Moentfund;1067;1199;Indicators_of_economic_activity;Coin findings
315;Bosaettelse, uspec undergruppe;750;1066;Buildings;Settlement, unspecified subgroup
315;Moentfund;750;1066;Indicators_of_economic_activity;Coin findings
315;Latrin og toilet;775;775;Not categorized;Not categorized
315;Broend;750;1066;Buildings;Well
NA;Kirke;1067;1199;Religious;Church
NA;Klosteranlaeg;1067;1199;Religious;Monastery complex
NA;Enkeltfund;1067;1199;Not categorized;Not categorized
NA;Oedekirke;1100;1172;Not categorized;Not categorized
NA;Jordfaestegrav;750;1066;Not categorized;Not categorized
NA;Jordfaestegrav;750;1066;Not categorized;Not categorized
NA;Jordfaestegrav;750;1066;Not categorized;Not categorized
1521;Vragdel;750;1066;Not categorized;Not categorized
1129;Enkeltfund;1067;1299;Not categorized;Not categorized
1129;Enkeltfund;1200;1399;Not categorized;Not categorized
336;Enkeltfund;750;1066;Not categorized;Not categorized
336;Enkeltfund;750;1066;Not categorized;Not categorized
336;Moentfund;750;1066;Indicators_of_economic_activity;Coin findings
336;Hus (evt. med stald);750;1066;Buildings;House (possibly with a stable)
NA;Skibssaetning;750;1066;Not categorized;Not categorized
NA;Rundhoej;750;1066;Not categorized;Not categorized
NA;Moentfund;750;1066;Indicators_of_economic_activity;Coin findings
1754;Kulturlag;750;1066;Not categorized;Not categorized
1754;Jordfaestegrav;750;1066;Not categorized;Not categorized
169;Enkeltfund;750;899;Not categorized;Not categorized
417;Moentfund;1300;1399;Indicators_of_economic_activity;Coin findings
1381;Vej;1200;1299;Not categorized;Not categorized
1421;Metal;1200;1399;Indicators_of_economic_activity;Metal
334;Moentfund;750;1066;Indicators_of_economic_activity;Coin findings
4;Metal;1067;1299;Indicators_of_economic_activity;Metal
4;Enkeltfund;1067;1299;Not categorized;Not categorized
1494;Hus (evt. med stald);1067;1199;Buildings;House (possibly with a stable)
1494;Hus (evt. med stald);1200;1299;Buildings;House (possibly with a stable)
1494;Dyrkningsspor;1067;1299;Not categorized;Not categorized
1494;Borg/Voldsted;1200;1299;Defensive;Castle/motte-and-bailey
1464;Affaldsgrube;1300;1399;Not categorized;Not categorized
1773;Brolaegning;1200;1299;Not categorized;Not categorized
1773;Affaldsgrube;1300;1399;Not categorized;Not categorized
1773;Moentfund;1300;1399;Indicators_of_economic_activity;Coin findings
1754;Enkeltfund;750;1066;Not categorized;Not categorized
216;Affaldsgrube;1067;1299;Not categorized;Not categorized
216;Ben/Horn;1200;1299;Not categorized;Not categorized
216;Kulturlag;1067;1299;Not categorized;Not categorized
334;Moentfund;750;1066;Indicators_of_economic_activity;Coin findings
422;Enkeltfund;750;1066;Not categorized;Not categorized
422;Jern;750;1066;Indicators_of_economic_activity;Iron
1735;Borg/Voldsted;1067;1299;Defensive;Castle/motte-and-bailey
1735;Herregaardsanlaeg/Slot;1067;1299;Not categorized;Not categorized
1564;Moentfund;1200;1399;Indicators_of_economic_activity;Coin findings
41;Moentfund;1200;1399;Indicators_of_economic_activity;Coin findings
1642;Kulturlag;1067;1299;Not categorized;Not categorized
1642;Hus (evt. med stald);1200;1299;Buildings;House (possibly with a stable)
426;Enkeltfund;750;1066;Not categorized;Not categorized
1581;Enkeltfund;900;1066;Not categorized;Not categorized
1581;Enkeltfund;1067;1299;Not categorized;Not categorized
334;Enkeltfund;1200;1399;Not categorized;Not categorized
342;Bosaettelse, uspec undergruppe;750;899;Buildings;Settlement, unspecified subgroup
342;Bosaettelse, uspec undergruppe;900;1066;Buildings;Settlement, unspecified subgroup
342;Enkeltfund;750;1066;Not categorized;Not categorized
344;Enkeltfund;900;1066;Not categorized;Not categorized
344;Enkeltfund;1067;1299;Not categorized;Not categorized
336;Moentfund;1300;1399;Indicators_of_economic_activity;Coin findings
349;Enkeltfund;750;899;Not categorized;Not categorized
349;Moentfund;750;1066;Indicators_of_economic_activity;Coin findings
349;Moentfund;1200;1399;Indicators_of_economic_activity;Coin findings
350;Moentfund;1300;1399;Indicators_of_economic_activity;Coin findings
350;Moentfund;1200;1299;Indicators_of_economic_activity;Coin findings
350;Depotfund;900;1066;Distress;Hoard finds
350;Moentfund;900;1066;Indicators_of_economic_activity;Coin findings
350;Moentfund;750;1066;Indicators_of_economic_activity;Coin findings
350;Moentfund;1067;1199;Indicators_of_economic_activity;Coin findings
1758;Enkeltfund;1067;1299;Not categorized;Not categorized
1029;Bosaettelse, uspec undergruppe;750;1066;Buildings;Settlement, unspecified subgroup
1029;Moentfund;750;1066;Indicators_of_economic_activity;Coin findings
440;Bosaettelse, uspec undergruppe;1067;1299;Buildings;Settlement, unspecified subgroup
69;Kulturlag;1200;1299;Not categorized;Not categorized
71;Bosaettelse, uspec undergruppe;1067;1299;Buildings;Settlement, unspecified subgroup
71;Groeft (afvanding);1067;1299;Not categorized;Not categorized
71;Moentfund;1200;1399;Indicators_of_economic_activity;Coin findings
73;Jordfaestegrav;750;1066;Not categorized;Not categorized
NA;Hus (evt. med stald);1300;1399;Buildings;House (possibly with a stable)
NA;Hus (evt. med stald);1400;1499;Buildings;House (possibly with a stable)
NA;Vragdel;1067;1299;Not categorized;Not categorized
1624;Moentfund;1200;1399;Indicators_of_economic_activity;Coin findings
50;Enkeltfund;750;1066;Not categorized;Not categorized
350;Enkeltfund;1067;1199;Not categorized;Not categorized
347;Bosaettelse, uspec undergruppe;750;1066;Buildings;Settlement, unspecified subgroup
514;Moentfund;1200;1499;Indicators_of_economic_activity;Coin findings
514;Enkeltfund;900;1066;Not categorized;Not categorized
342;Moentfund;750;1066;Indicators_of_economic_activity;Coin findings
342;Moentfund;1300;1399;Indicators_of_economic_activity;Coin findings
334;Moentfund;750;1066;Indicators_of_economic_activity;Coin findings
334;Moentfund;1200;1299;Indicators_of_economic_activity;Coin findings
1645;Hus (evt. med stald);900;1066;Buildings;House (possibly with a stable)
1645;Hus (evt. med stald);1067;1299;Buildings;House (possibly with a stable)
1645;Bosaettelse, uspec undergruppe;1067;1299;Buildings;Settlement, unspecified subgroup
1645;Hegn/gaerde;900;1066;Buildings;Hedge/fence
53;Hus (evt. med stald);750;899;Buildings;House (possibly with a stable)
53;Moentfund;750;1066;Indicators_of_economic_activity;Coin findings
53;Enkeltfund;750;1066;Not categorized;Not categorized
81;Moentfund;900;1066;Indicators_of_economic_activity;Coin findings
83;Moentfund;750;899;Indicators_of_economic_activity;Coin findings
1615;Enkeltfund;750;1066;Not categorized;Not categorized
1615;Moentfund;900;1066;Indicators_of_economic_activity;Coin findings
90;Moentfund;900;1066;Indicators_of_economic_activity;Coin findings
241;Enkeltfund;900;1066;Not categorized;Not categorized
263;Enkeltfund;750;1066;Not categorized;Not categorized
257;Enkeltfund;750;1066;Not categorized;Not categorized
263;Landingsplads;750;1066;Not categorized;Not categorized
347;Enkeltfund;750;1066;Not categorized;Not categorized
347;Moentfund;1067;1299;Indicators_of_economic_activity;Coin findings
1581;Moentfund;750;1066;Indicators_of_economic_activity;Coin findings
332;Moentfund;750;1066;Indicators_of_economic_activity;Coin findings
332;Enkeltfund;750;1066;Not categorized;Not categorized
342;Hus (evt. med stald);900;1066;Buildings;House (possibly with a stable)
342;Moentfund;900;1066;Indicators_of_economic_activity;Coin findings
342;Moentfund;1300;1399;Indicators_of_economic_activity;Coin findings
344;Moentfund;900;1066;Indicators_of_economic_activity;Coin findings
344;Hus (evt. med stald);900;1066;Buildings;House (possibly with a stable)
344;Moentfund;750;1066;Indicators_of_economic_activity;Coin findings
349;Moentfund;750;1066;Indicators_of_economic_activity;Coin findings
NA;Moentfund;1200;1399;Indicators_of_economic_activity;Coin findings
NA;Moentfund;1300;1399;Indicators_of_economic_activity;Coin findings
NA;Moentfund;1400;1499;Indicators_of_economic_activity;Coin findings
10;Depotfund;900;1066;Distress;Hoard finds
10;Moentfund;900;1066;Indicators_of_economic_activity;Coin findings
413;Moentfund;750;1066;Indicators_of_economic_activity;Coin findings
1758;Enkeltfund;750;1066;Not categorized;Not categorized
386;Enkeltfund;750;1066;Not categorized;Not categorized
386;Enkeltfund;750;1066;Not categorized;Not categorized
NA;Enkeltfund;750;1066;Not categorized;Not categorized
485;Bosaettelse, uspec undergruppe;750;1066;Buildings;Settlement, unspecified subgroup
485;Hus (evt. med stald);1067;1299;Buildings;House (possibly with a stable)
NA;Klosteranlaeg;1400;1499;Religious;Monastery complex
497;Enkeltfund;750;1066;Not categorized;Not categorized
401;Bygning;1300;1399;Not categorized;Not categorized
401;Bygning;1200;1399;Not categorized;Not categorized
401;Bygning;1200;1399;Not categorized;Not categorized
401;Moentfund;1200;1399;Indicators_of_economic_activity;Coin findings
4;Moentfund;1200;1399;Indicators_of_economic_activity;Coin findings
4;Moentfund;1200;1399;Indicators_of_economic_activity;Coin findings
4;Enkeltfund;750;1066;Not categorized;Not categorized
1810;Moentfund;1200;1299;Indicators_of_economic_activity;Coin findings
1810;Moentfund;1300;1399;Indicators_of_economic_activity;Coin findings
1336;Borg/Voldsted;1200;1399;Defensive;Castle/motte-and-bailey
769;Moentfund;1300;1499;Indicators_of_economic_activity;Coin findings
1551;Enkeltfund;1067;1299;Not categorized;Not categorized
NA;Moentfund;1024;1066;Indicators_of_economic_activity;Coin findings
1570;Kirkegaard;1067;1199;Not categorized;Not categorized
1239;Moentfund;1200;1399;Indicators_of_economic_activity;Coin findings
1244;Enkeltfund;750;1066;Not categorized;Not categorized
1355;Gaard;1067;1199;Buildings;Farmstead
1355;Hegn/gaerde;1067;1199;Buildings;Hedge/fence
1355;Enkeltfund;1067;1199;Not categorized;Not categorized
1350;Hus (evt. med stald);1067;1199;Buildings;House (possibly with a stable)
1350;Broend;1067;1199;Buildings;Well
1350;Bosaettelse, uspec undergruppe;1067;1199;Buildings;Settlement, unspecified subgroup
438;Enkeltfund;1067;1299;Not categorized;Not categorized
454;Moentfund;750;899;Indicators_of_economic_activity;Coin findings
454;Enkeltfund;1067;1199;Not categorized;Not categorized
664;Enkeltfund;750;1066;Not categorized;Not categorized
1015;Hus (evt. med stald);1200;1399;Buildings;House (possibly with a stable)
1642;Kirke;1067;1199;Religious;Church
1569;Kulturlag;1067;1299;Not categorized;Not categorized
1569;Klosteranlaeg;1067;1299;Religious;Monastery complex
1569;Kulturlag;900;1066;Not categorized;Not categorized
1569;Kirkegaard;1067;1299;Not categorized;Not categorized
1569;Kirke;1067;1199;Religious;Church
1655;Rundhoej;750;1066;Not categorized;Not categorized
1655;Rundhoej;750;1066;Not categorized;Not categorized
1655;Begravelse, uspec undergruppe;750;1066;Not categorized;Not categorized
1642;Kulturlag;1200;1399;Not categorized;Not categorized
1642;Hus (evt. med stald);1200;1399;Buildings;House (possibly with a stable)
1642;Hegn/gaerde;1067;1299;Buildings;Hedge/fence
1642;Kulturlag;1200;1399;Not categorized;Not categorized
1642;Affaldsgrube;1200;1399;Not categorized;Not categorized
1569;Kulturlag;750;1066;Not categorized;Not categorized
1569;Bygning;1400;1499;Not categorized;Not categorized
1569;Bygning;1200;1299;Not categorized;Not categorized
1569;Kulturlag;750;1066;Not categorized;Not categorized
1570;Enkeltfund;750;1066;Not categorized;Not categorized
1570;Enkeltfund;1200;1399;Not categorized;Not categorized
1106;Kirke;900;1066;Religious;Church
1106;Kirke;1067;1299;Religious;Church
1106;Bosaettelse, uspec undergruppe;750;1066;Buildings;Settlement, unspecified subgroup
1574;Enkeltfund;900;1066;Not categorized;Not categorized
1574;Enkeltfund;750;1066;Not categorized;Not categorized
530;Runesten;750;1066;Not categorized;Not categorized
39;Bosaettelse, uspec undergruppe;750;1066;Buildings;Settlement, unspecified subgroup
39;Depotfund;750;1066;Distress;Hoard finds
39;Moentfund;750;1066;Indicators_of_economic_activity;Coin findings
39;Grubehus;750;1066;Buildings;Pit-house
1266;Enkeltfund;900;1066;Not categorized;Not categorized
1165;Enkeltfund;750;1066;Not categorized;Not categorized
1272;Grubehus;750;1066;Buildings;Pit-house
1578;Enkeltfund;1200;1299;Not categorized;Not categorized
1275;Hus (evt. med stald);1067;1299;Buildings;House (possibly with a stable)
1278;Bosaettelse, uspec undergruppe;750;1066;Buildings;Settlement, unspecified subgroup
1293;Enkeltfund;1067;1299;Not categorized;Not categorized
1293;Enkeltfund;1400;1499;Not categorized;Not categorized
1293;Enkeltfund;750;1066;Not categorized;Not categorized
1317;Hus (evt. med stald);900;1066;Buildings;House (possibly with a stable)
1333;Enkeltfund;1067;1299;Not categorized;Not categorized
1359;Hus (evt. med stald);1200;1399;Buildings;House (possibly with a stable)
1359;Affaldsgrube;1200;1399;Not categorized;Not categorized
1374;Enkeltfund;750;1066;Not categorized;Not categorized
1383;Hulvej;750;1066;Not categorized;Not categorized
1182;Bosaettelse, uspec undergruppe;750;1066;Buildings;Settlement, unspecified subgroup
36;Enkeltfund;750;1066;Not categorized;Not categorized
36;Moentfund;1300;1399;Indicators_of_economic_activity;Coin findings
1533;Enkeltfund;1067;1299;Not categorized;Not categorized
347;Moentfund;750;1066;Indicators_of_economic_activity;Coin findings
189;Moentfund;1067;1299;Indicators_of_economic_activity;Coin findings
NA;Enkeltfund;1200;1399;Not categorized;Not categorized
NA;Enkeltfund;1200;1399;Not categorized;Not categorized
1718;Enkeltfund;1300;1399;Not categorized;Not categorized
NA;Skelet;1400;1499;Not categorized;Not categorized
216;Kulturlag;1067;1299;Not categorized;Not categorized
216;Stolpehul m. uvis funktion;1067;1299;Buildings;Posthole with unknown function
54;Bosaettelse, uspec undergruppe;1067;1299;Buildings;Settlement, unspecified subgroup
1619;Tegl;1200;1299;Indicators_of_economic_activity;Brick
97;Bosaettelse, uspec undergruppe;1067;1299;Buildings;Settlement, unspecified subgroup
97;Moentfund;1400;1499;Indicators_of_economic_activity;Coin findings
104;Enkeltfund;750;1066;Not categorized;Not categorized
289;Handel;750;1066;Indicators_of_economic_activity;Trade
289;Metal;750;1066;Indicators_of_economic_activity;Metal
289;Tekstil;750;1066;Indicators_of_economic_activity;Textile
289;Ben/Horn;750;1066;Not categorized;Not categorized
289;Moentfund;750;1066;Indicators_of_economic_activity;Coin findings
344;Enkeltfund;750;1066;Not categorized;Not categorized
338;Moentfund;750;1066;Indicators_of_economic_activity;Coin findings
1382;Affaldsgrube;1067;1199;Not categorized;Not categorized
1382;Hus (evt. med stald);1200;1299;Buildings;House (possibly with a stable)
256;Moentfund;1200;1299;Indicators_of_economic_activity;Coin findings
1745;Gravgenstand;750;1066;Not categorized;Not categorized
1745;Jordfaestegrav;750;1066;Not categorized;Not categorized
443;Klosteranlaeg;1400;1499;Religious;Monastery complex
541;Moentfund;1067;1299;Indicators_of_economic_activity;Coin findings
1626;Affaldsgrube;1200;1299;Not categorized;Not categorized
635;Hus (evt. med stald);1200;1299;Buildings;House (possibly with a stable)
1679;Moentfund;1200;1399;Indicators_of_economic_activity;Coin findings
1679;Moentfund;1300;1399;Indicators_of_economic_activity;Coin findings
1581;Enkeltfund;1200;1399;Not categorized;Not categorized
396;Kulturlag;1067;1299;Not categorized;Not categorized
396;Metal;1200;1299;Indicators_of_economic_activity;Metal
396;Kirke;1100;1259;Religious;Church
626;Moentfund;1200;1399;Indicators_of_economic_activity;Coin findings
1533;Befaestning;1300;1399;Defensive;Fortification
1551;Bosaettelse, uspec undergruppe;750;1066;Buildings;Settlement, unspecified subgroup
1551;Kulturlag;1067;1299;Not categorized;Not categorized
1551;Klosteranlaeg;1067;1199;Religious;Monastery complex
1554;Enkeltfund;1067;1199;Not categorized;Not categorized
765;Enkeltfund;1067;1199;Not categorized;Not categorized
765;Enkeltfund;1067;1299;Not categorized;Not categorized
895;Moentfund;1200;1299;Indicators_of_economic_activity;Coin findings
895;Moentfund;1300;1399;Indicators_of_economic_activity;Coin findings
977;Kulturlag;1400;1499;Not categorized;Not categorized
1642;Kulturlag;1300;1399;Not categorized;Not categorized
1129;Moentfund;1200;1399;Indicators_of_economic_activity;Coin findings
1729;Kirke;1067;1299;Religious;Church
1729;Kirkegaard;1067;1299;Not categorized;Not categorized
1729;Bosaettelse, uspec undergruppe;1067;1299;Buildings;Settlement, unspecified subgroup
1729;Borg/Voldsted;1067;1299;Defensive;Castle/motte-and-bailey
1174;Tegl;1300;1399;Indicators_of_economic_activity;Brick
1648;Bosaettelse, uspec undergruppe;1300;1399;Buildings;Settlement, unspecified subgroup
1381;Bygning;1067;1299;Not categorized;Not categorized
1381;Broend;1067;1299;Buildings;Well
1381;Dyrkningsspor;1067;1299;Not categorized;Not categorized
1381;Groeft (afvanding);1067;1299;Not categorized;Not categorized
1381;Bygning;1200;1299;Not categorized;Not categorized
1381;Broend;1200;1399;Buildings;Well
1381;Ben/Horn;1200;1399;Not categorized;Not categorized
1381;Metal;1200;1399;Indicators_of_economic_activity;Metal
1381;Moentfund;1200;1399;Indicators_of_economic_activity;Coin findings
1381;Moentfund;1200;1399;Indicators_of_economic_activity;Coin findings
1382;Befaestning;750;1066;Defensive;Fortification
42;Keramik;1200;1399;Indicators_of_economic_activity;Pottery
42;Tegl;1200;1399;Indicators_of_economic_activity;Brick
541;Moentfund;1300;1399;Indicators_of_economic_activity;Coin findings
1384;Grubehus;750;1066;Buildings;Pit-house
1384;Hus (evt. med stald);1067;1299;Buildings;House (possibly with a stable)
1384;Broend;751;751;Buildings;Well
1384;Hus (evt. med stald);750;899;Buildings;House (possibly with a stable)
58;Enkeltfund;750;1066;Not categorized;Not categorized
1614;Latrin og toilet;1400;1499;Not categorized;Not categorized
77;Moentfund;1200;1399;Indicators_of_economic_activity;Coin findings
58;Enkeltfund;750;1066;Not categorized;Not categorized
1617;Kulturlag;1067;1199;Not categorized;Not categorized
1617;Afloebsrende;1200;1299;Not categorized;Not categorized
1617;Kulturlag;900;1066;Not categorized;Not categorized
1616;Vrag;1067;1299;Not categorized;Not categorized
1616;Vrag;1067;1199;Not categorized;Not categorized
1616;Vrag;1067;1299;Not categorized;Not categorized
1616;Vrag;1067;1199;Not categorized;Not categorized
1616;Vrag;1067;1199;Not categorized;Not categorized
95;Enkeltfund;1200;1399;Not categorized;Not categorized
1773;Klosteranlaeg;1200;1299;Religious;Monastery complex
1773;Befaestning;1300;1399;Defensive;Fortification
288;Bolvaerk;1067;1299;Not categorized;Not categorized
1581;Enkeltfund;750;1066;Not categorized;Not categorized
82;Enkeltfund;1067;1299;Not categorized;Not categorized
334;Moentfund;900;1066;Indicators_of_economic_activity;Coin findings
334;Depotfund;900;1066;Distress;Hoard finds
1840;Enkeltfund;1400;1499;Not categorized;Not categorized
338;Enkeltfund;900;1066;Not categorized;Not categorized
1621;Moentfund;1200;1299;Indicators_of_economic_activity;Coin findings
1621;Grus;1200;1299;Not categorized;Not categorized
1621;Affaldsgrube;1200;1399;Not categorized;Not categorized
1621;Kulturlag;1200;1399;Not categorized;Not categorized
1730;Enkeltfund;1067;1299;Not categorized;Not categorized
1721;Enkeltfund;1067;1199;Not categorized;Not categorized
199;Moentfund;1300;1399;Indicators_of_economic_activity;Coin findings
303;Moentfund;1300;1399;Indicators_of_economic_activity;Coin findings
765;Moentfund;1300;1399;Indicators_of_economic_activity;Coin findings
1626;Brolaegning;1200;1299;Not categorized;Not categorized
563;Enkeltfund;750;1066;Not categorized;Not categorized
541;Befaestning;1200;1399;Defensive;Fortification
541;Enkeltfund;1200;1399;Not categorized;Not categorized
1748;Moentfund;750;1066;Indicators_of_economic_activity;Coin findings
763;Enkeltfund;1067;1299;Not categorized;Not categorized
766;Enkeltfund;1067;1299;Not categorized;Not categorized
216;Kulturlag;1067;1299;Not categorized;Not categorized
216;Hus (evt. med stald);1200;1299;Buildings;House (possibly with a stable)
216;Vej;1200;1299;Not categorized;Not categorized
216;Hus (evt. med stald);1300;1399;Buildings;House (possibly with a stable)
216;Broend;1300;1399;Buildings;Well
216;Hus (evt. med stald);1400;1499;Buildings;House (possibly with a stable)
NA;Forsvarsvold;1067;1299;Defensive;Rampart
NA;Bygning;1067;1299;Not categorized;Not categorized
NA;Jordfaestegrav;750;1066;Not categorized;Not categorized
1619;Hus (evt. med stald);1067;1299;Buildings;House (possibly with a stable)
1619;Brolaegning;1200;1299;Not categorized;Not categorized
1600;Moentfund;1200;1299;Indicators_of_economic_activity;Coin findings
894;Kirkegaard;1067;1299;Not categorized;Not categorized
894;Kirke;1067;1299;Religious;Church
894;Kirke;1067;1299;Religious;Church
1126;Metal;1200;1399;Indicators_of_economic_activity;Metal
1134;Grube (uspecificeret funktion);750;1066;Not categorized;Not categorized
976;Moentfund;1200;1399;Indicators_of_economic_activity;Coin findings
995;Enkeltfund;750;1066;Not categorized;Not categorized
1648;Moentfund;1200;1399;Indicators_of_economic_activity;Coin findings
1648;Moentfund;1067;1299;Indicators_of_economic_activity;Coin findings
1648;Moentfund;1200;1399;Indicators_of_economic_activity;Coin findings
1198;Enkeltfund;1067;1299;Not categorized;Not categorized
1203;Moentfund;1067;1299;Indicators_of_economic_activity;Coin findings
1203;Moentfund;1200;1399;Indicators_of_economic_activity;Coin findings
1245;Moentfund;1200;1399;Indicators_of_economic_activity;Coin findings
NA;Moentfund;1200;1399;Indicators_of_economic_activity;Coin findings
1351;Bygning;1067;1299;Not categorized;Not categorized
1381;Bosaettelse, uspec undergruppe;1067;1299;Buildings;Settlement, unspecified subgroup
1381;Kirkegaard;1200;1399;Not categorized;Not categorized
1773;Moentfund;1200;1399;Indicators_of_economic_activity;Coin findings
118;Enkeltfund;750;1066;Not categorized;Not categorized
1604;Moentfund;1200;1399;Indicators_of_economic_activity;Coin findings
169;Moentfund;1200;1399;Indicators_of_economic_activity;Coin findings
217;Moentfund;1200;1399;Indicators_of_economic_activity;Coin findings
82;Moentfund;1200;1399;Indicators_of_economic_activity;Coin findings
255;Hus (evt. med stald);1067;1299;Buildings;House (possibly with a stable)
258;Hus (evt. med stald);1067;1299;Buildings;House (possibly with a stable)
305;Hus (evt. med stald);1200;1299;Buildings;House (possibly with a stable)
51;Gaard;1200;1399;Buildings;Farmstead
349;Moentfund;750;1066;Indicators_of_economic_activity;Coin findings
349;Moentfund;1067;1299;Indicators_of_economic_activity;Coin findings
1812;Moentfund;1300;1399;Indicators_of_economic_activity;Coin findings
NA;Moentfund;1200;1299;Indicators_of_economic_activity;Coin findings
1626;Kulturlag;1067;1299;Not categorized;Not categorized
1626;Handel;1200;1299;Indicators_of_economic_activity;Trade
1626;Brolaegning;1067;1299;Not categorized;Not categorized
1626;Hus (evt. med stald);1067;1199;Buildings;House (possibly with a stable)
1626;Klosteranlaeg;1067;1299;Religious;Monastery complex
1626;Kirke;1067;1299;Religious;Church
1626;Kirkegaard;1067;1299;Not categorized;Not categorized
1578;Kulturlag;1200;1299;Not categorized;Not categorized
1578;Moentfund;1200;1299;Indicators_of_economic_activity;Coin findings
433;Enkeltfund;750;1066;Not categorized;Not categorized
433;Enkeltfund;1067;1299;Not categorized;Not categorized
434;Votivfund;750;1066;Not categorized;Not categorized
1743;Moentfund;1067;1299;Indicators_of_economic_activity;Coin findings
508;Kirke;1200;1299;Religious;Church
NA;Bosaettelse, uspec undergruppe;750;1066;Buildings;Settlement, unspecified subgroup
NA;Enkeltfund;750;899;Not categorized;Not categorized
541;Borg/Voldsted;1067;1299;Defensive;Castle/motte-and-bailey
1683;Moentfund;1200;1399;Indicators_of_economic_activity;Coin findings
594;Moentfund;1300;1399;Indicators_of_economic_activity;Coin findings
594;Moentfund;1200;1399;Indicators_of_economic_activity;Coin findings
NA;Moentfund;1300;1399;Indicators_of_economic_activity;Coin findings
635;Moentfund;1300;1399;Indicators_of_economic_activity;Coin findings
763;Enkeltfund;1200;1399;Not categorized;Not categorized
691;Vandmoelle;1300;1399;Indicators_of_economic_activity;Water mill
1564;Vandmoelle;1067;1299;Indicators_of_economic_activity;Water mill
1564;Moelledaemning;1067;1299;Indicators_of_economic_activity;Mill dam
1692;Broend;750;1066;Buildings;Well
1692;Broend;1067;1299;Buildings;Well
1564;Gravgenstand;750;1066;Not categorized;Not categorized
1196;Gaard;750;1066;Buildings;Farmstead
1533;Enkeltfund;750;1066;Not categorized;Not categorized
71;Hus (evt. med stald);750;1066;Buildings;House (possibly with a stable)
73;Kirke;1067;1299;Religious;Church
73;Muret grav;1200;1299;Not categorized;Not categorized
1614;Bolvaerk;1200;1299;Not categorized;Not categorized
82;Moentfund;1200;1399;Indicators_of_economic_activity;Coin findings
82;Moentfund;1400;1499;Indicators_of_economic_activity;Coin findings
1619;Bygning;1200;1399;Not categorized;Not categorized
1619;Moentfund;1067;1299;Indicators_of_economic_activity;Coin findings
1382;Hus (evt. med stald);1067;1199;Buildings;House (possibly with a stable)
1382;Broend;1067;1199;Buildings;Well
1382;Groeft (afvanding);1067;1199;Not categorized;Not categorized
1382;Hus (evt. med stald);1200;1299;Buildings;House (possibly with a stable)
1382;Broend;1200;1299;Buildings;Well
1382;Groeft (afvanding);1200;1299;Not categorized;Not categorized
1382;Sekundaer subsistens/produktion, uspec undergruppe;1200;1299;Not categorized;Not categorized
1382;Hus (evt. med stald);1300;1399;Buildings;House (possibly with a stable)
1382;Hus (evt. med stald);1400;1499;Buildings;House (possibly with a stable)
1382;Ovnanlaeg (uspecificeret);1200;1299;Indicators_of_economic_activity;Furnace (unspecified)
107;Moentfund;1300;1399;Indicators_of_economic_activity;Coin findings
109;Moentfund;1400;1499;Indicators_of_economic_activity;Coin findings
118;Moentfund;750;1066;Indicators_of_economic_activity;Coin findings
118;Diverse anlaeg og genstande, uspec undergruppe;750;1066;Not categorized;Not categorized
141;Moentfund;1300;1399;Indicators_of_economic_activity;Coin findings
141;Moentfund;1400;1499;Indicators_of_economic_activity;Coin findings
104;Moentfund;1200;1399;Indicators_of_economic_activity;Coin findings
185;Gaard;1200;1399;Buildings;Farmstead
1836;Moentfund;1300;1399;Indicators_of_economic_activity;Coin findings
1836;Moentfund;1400;1499;Indicators_of_economic_activity;Coin findings
1838;Moentfund;1200;1299;Indicators_of_economic_activity;Coin findings
1835;Moentfund;1300;1399;Indicators_of_economic_activity;Coin findings
326;Moentfund;1200;1299;Indicators_of_economic_activity;Coin findings
1749;Enkeltfund;750;1066;Not categorized;Not categorized
61;Bygning;1067;1299;Not categorized;Not categorized
61;Affaldsgrube;1300;1399;Not categorized;Not categorized
39;Moentfund;750;1066;Indicators_of_economic_activity;Coin findings
39;Moentfund;1200;1399;Indicators_of_economic_activity;Coin findings
1732;Enkeltfund;1400;1499;Not categorized;Not categorized
1739;Enkeltfund;1067;1299;Not categorized;Not categorized
1739;Jordfaestegrav;750;1066;Not categorized;Not categorized
1739;Kirkegaard;1200;1399;Not categorized;Not categorized
51;Moentfund;1400;1499;Indicators_of_economic_activity;Coin findings
1619;Bosaettelse, uspec undergruppe;1067;1199;Buildings;Settlement, unspecified subgroup
1619;Metal;1200;1299;Indicators_of_economic_activity;Metal
1619;Hus (evt. med stald);1300;1399;Buildings;House (possibly with a stable)
1619;Hus (evt. med stald);1400;1499;Buildings;House (possibly with a stable)
1619;Latrin og toilet;1067;1199;Not categorized;Not categorized
275;Kapel;1067;1199;Religious;Chapel
275;Kirkegaard;1067;1199;Not categorized;Not categorized
275;Kirkegaard;1067;1299;Not categorized;Not categorized
275;Gaard;1067;1199;Buildings;Farmstead
275;Moentfund;1400;1499;Indicators_of_economic_activity;Coin findings
315;Bosaettelse, uspec undergruppe;1067;1299;Buildings;Settlement, unspecified subgroup
315;Diverse anlaeg og genstande, uspec undergruppe;1200;1399;Not categorized;Not categorized
NA;Bygning;1300;1399;Not categorized;Not categorized
166;Hus (evt. med stald);1067;1199;Buildings;House (possibly with a stable)
166;Moentfund;1067;1199;Indicators_of_economic_activity;Coin findings
166;Moentfund;1200;1399;Indicators_of_economic_activity;Coin findings
166;Moentfund;1300;1399;Indicators_of_economic_activity;Coin findings
166;Moentfund;1400;1499;Indicators_of_economic_activity;Coin findings
1536;Metal;1200;1399;Indicators_of_economic_activity;Metal
888;Enkeltfund;1067;1199;Not categorized;Not categorized
1642;Kulturlag;1067;1299;Not categorized;Not categorized
1569;Befaestning;1067;1299;Defensive;Fortification
1569;Hus (evt. med stald);1067;1199;Buildings;House (possibly with a stable)
1569;Hegn/gaerde;1067;1199;Buildings;Hedge/fence
1569;Ovnanlaeg (uspecificeret);1067;1199;Indicators_of_economic_activity;Furnace (unspecified)
1569;Vej;1067;1199;Not categorized;Not categorized
1569;Groeft (afvanding);1067;1199;Not categorized;Not categorized
1569;Hus (evt. med stald);1300;1399;Buildings;House (possibly with a stable)
1569;Affaldsgrube;1300;1399;Not categorized;Not categorized
1569;Broend;1300;1399;Buildings;Well
1569;Brolaegning;1300;1399;Not categorized;Not categorized
1569;Ovnanlaeg (uspecificeret);1300;1399;Indicators_of_economic_activity;Furnace (unspecified)
1569;Vej;1300;1399;Not categorized;Not categorized
1569;Hus (evt. med stald);1400;1499;Buildings;House (possibly with a stable)
1569;Affaldsgrube;1400;1499;Not categorized;Not categorized
1569;Vej;1400;1499;Not categorized;Not categorized
1569;Ovnanlaeg (uspecificeret);1300;1399;Indicators_of_economic_activity;Furnace (unspecified)
1272;Gaard;1200;1299;Buildings;Farmstead
1297;Borg/Voldsted;1400;1499;Defensive;Castle/motte-and-bailey
1616;Hus (evt. med stald);750;1066;Buildings;House (possibly with a stable)
1616;Affaldsgrube;750;1066;Not categorized;Not categorized
60;Bosaettelse, uspec undergruppe;1200;1399;Buildings;Settlement, unspecified subgroup
1165;Bygning;1200;1399;Not categorized;Not categorized
1498;Hus (evt. med stald);1067;1299;Buildings;House (possibly with a stable)
1498;Bygning;1067;1299;Not categorized;Not categorized
NA;Moentfund;1067;1299;Indicators_of_economic_activity;Coin findings
1171;Bygning;1300;1399;Not categorized;Not categorized
1746;Kirkelade;1200;1399;Religious;Church barn
21;Bautasten;750;1066;Not categorized;Not categorized
21;Enkeltfund;750;1066;Not categorized;Not categorized
21;Kultanlaeg;750;1066;Not categorized;Not categorized
71;Hus (evt. med stald);750;1066;Buildings;House (possibly with a stable)
1719;Moentfund;1400;1499;Indicators_of_economic_activity;Coin findings
30;Bygning;1400;1499;Not categorized;Not categorized
30;Moentfund;1400;1499;Indicators_of_economic_activity;Coin findings
1614;Moentfund;1200;1399;Indicators_of_economic_activity;Coin findings
1605;Enkeltfund;1067;1299;Not categorized;Not categorized
1293;Bosaettelse, uspec undergruppe;750;1066;Buildings;Settlement, unspecified subgroup
1581;Moentfund;900;1066;Indicators_of_economic_activity;Coin findings
1522;Hus (evt. med stald);1400;1499;Buildings;House (possibly with a stable)
1614;Kulturlag;1200;1399;Not categorized;Not categorized
1445;Hegn/gaerde;1067;1199;Buildings;Hedge/fence
1445;Vej;1200;1299;Not categorized;Not categorized
1445;Vragdel;1067;1199;Not categorized;Not categorized
1445;Havn;1400;1499;Not categorized;Not categorized
96;Vandmoelle;1200;1399;Indicators_of_economic_activity;Water mill
1382;Bosaettelse, uspec undergruppe;750;1066;Buildings;Settlement, unspecified subgroup
1382;Befaestning;750;1066;Defensive;Fortification
1382;Bosaettelse, uspec undergruppe;1067;1299;Buildings;Settlement, unspecified subgroup
1382;Vej;750;1066;Not categorized;Not categorized
1526;Gravgenstand;750;1066;Not categorized;Not categorized
1526;Rundhoej;750;1066;Not categorized;Not categorized
76;Enkeltfund;750;1066;Not categorized;Not categorized
98;Kulturlag;750;1066;Not categorized;Not categorized
275;Kulturlag;1200;1399;Not categorized;Not categorized
275;Latrin og toilet;1200;1399;Not categorized;Not categorized
275;Befaestning;1067;1299;Defensive;Fortification
275;Brolaegning;1400;1499;Not categorized;Not categorized
115;Kulturlag;750;1066;Not categorized;Not categorized
422;Enkeltfund;750;1066;Not categorized;Not categorized
422;Bygning;750;1066;Not categorized;Not categorized
336;Moentfund;750;1066;Indicators_of_economic_activity;Coin findings
341;Enkeltfund;1067;1299;Not categorized;Not categorized
344;Moentfund;750;1066;Indicators_of_economic_activity;Coin findings
1628;Kirke;1067;1299;Religious;Church
1627;Enkeltfund;750;1066;Not categorized;Not categorized
1470;Enkeltfund;1200;1399;Not categorized;Not categorized
491;Gaard;1067;1299;Buildings;Farmstead
491;Gaard;1200;1299;Buildings;Farmstead
491;Gaard;1067;1299;Buildings;Farmstead
491;Gaard;1200;1299;Buildings;Farmstead
1759;Enkeltfund;1200;1399;Not categorized;Not categorized
1759;Enkeltfund;1200;1499;Not categorized;Not categorized
487;Enkeltfund;750;1066;Not categorized;Not categorized
464;Tekstil;750;1066;Indicators_of_economic_activity;Textile
464;Grubehus;750;1066;Buildings;Pit-house
1088;Kirke;1067;1299;Religious;Church
691;Moentfund;1400;1499;Indicators_of_economic_activity;Coin findings
783;Kirkegaard;1067;1299;Not categorized;Not categorized
783;Groeft (kirkegaard);1067;1299;Not categorized;Not categorized
786;Enkeltfund;750;1066;Not categorized;Not categorized
491;Moentfund;1200;1399;Indicators_of_economic_activity;Coin findings
1764;Enkeltfund;1200;1399;Not categorized;Not categorized
443;Klosteranlaeg;1400;1499;Religious;Monastery complex
521;Enkeltfund;750;1066;Not categorized;Not categorized
521;Moentfund;1300;1399;Indicators_of_economic_activity;Coin findings
4;Moentfund;1200;1399;Indicators_of_economic_activity;Coin findings
485;Grubehus;750;1066;Buildings;Pit-house
485;Affaldsgrube;750;1066;Not categorized;Not categorized
485;Groeft (afvanding);750;1066;Not categorized;Not categorized
485;Runesten;900;950;Not categorized;Not categorized
479;Runesten;750;1066;Not categorized;Not categorized
36;Moentfund;1300;1399;Indicators_of_economic_activity;Coin findings
106;Moentfund;750;1066;Indicators_of_economic_activity;Coin findings
106;Moentfund;750;1066;Indicators_of_economic_activity;Coin findings
440;Jordfaestegrav;900;1066;Not categorized;Not categorized
340;Moentfund;1300;1399;Indicators_of_economic_activity;Coin findings
1626;Kulturlag;1067;1299;Not categorized;Not categorized
1626;Moentfund;1200;1399;Indicators_of_economic_activity;Coin findings
1628;Grubehus;750;1066;Buildings;Pit-house
636;Jordfaestegrav;750;1066;Not categorized;Not categorized
667;Groeft (skel);1067;1300;Buildings;Ditch (boundary)
667;Forraadshus;1067;1300;Not categorized;Not categorized
1642;Affaldsgrube;1067;1299;Not categorized;Not categorized
1569;Vej;1200;1399;Not categorized;Not categorized
1569;Bygning;750;1066;Not categorized;Not categorized
1569;Perlefremstilling;750;1066;Not categorized;Not categorized
1569;Tekstil;750;1066;Indicators_of_economic_activity;Textile
1569;Ben/Horn;750;1066;Not categorized;Not categorized
1569;Jern;750;1066;Indicators_of_economic_activity;Iron
1569;Broend;1400;1499;Buildings;Well
1569;Kulturlag;750;1066;Not categorized;Not categorized
1569;Brolaegning;1200;1399;Not categorized;Not categorized
1569;Kulturlag;1200;1399;Not categorized;Not categorized
1569;Vej;1200;1399;Not categorized;Not categorized
1195;Hus (evt. med stald);900;1066;Buildings;House (possibly with a stable)
487;Enkeltfund;750;1066;Not categorized;Not categorized
487;Kulturlag;750;1066;Not categorized;Not categorized
1228;Hus (evt. med stald);1067;1299;Buildings;House (possibly with a stable)
1228;Kogegrube;1067;1299;Not categorized;Not categorized
1319;Hus (evt. med stald);900;1066;Buildings;House (possibly with a stable)
1319;Enkeltfund;750;1066;Not categorized;Not categorized
1357;Enkeltfund;750;1066;Not categorized;Not categorized
1706;Hus (evt. med stald);1067;1299;Buildings;House (possibly with a stable)
1706;Kulturlag;1067;1299;Not categorized;Not categorized
1706;Hegn/gaerde;1067;1299;Buildings;Hedge/fence
1706;Hjulspor;1067;1299;Not categorized;Not categorized
1521;Bosaettelse, uspec undergruppe;1200;1299;Buildings;Settlement, unspecified subgroup
1370;Hus (evt. med stald);750;1066;Buildings;House (possibly with a stable)
1370;Grubehus;750;1066;Buildings;Pit-house
443;Moentfund;900;1066;Indicators_of_economic_activity;Coin findings
1300;Hus (evt. med stald);1200;1299;Buildings;House (possibly with a stable)
1300;Hegn/gaerde;1200;1299;Buildings;Hedge/fence
1300;Moentfund;1200;1299;Indicators_of_economic_activity;Coin findings
1300;Bygning;1067;1299;Not categorized;Not categorized
1753;Affaldsgrube;1200;1299;Not categorized;Not categorized
36;Enkeltfund;750;1066;Not categorized;Not categorized
36;Moentfund;750;1066;Indicators_of_economic_activity;Coin findings
36;Moentfund;1018;1035;Indicators_of_economic_activity;Coin findings
NA;Vrag;1400;1499;Not categorized;Not categorized
1613;Enkeltfund;750;1066;Not categorized;Not categorized
1266;Enkeltfund;750;1066;Not categorized;Not categorized
1756;Enkeltfund;750;1066;Not categorized;Not categorized
1751;Enkeltfund;750;1066;Not categorized;Not categorized
1483;Vadested;1067;1299;Not categorized;Not categorized
551;Hus (evt. med stald);1067;1299;Buildings;House (possibly with a stable)
551;Groeft (afvanding);1067;1299;Not categorized;Not categorized
551;Enkeltfund;1067;1299;Not categorized;Not categorized
551;Moentfund;1200;1299;Indicators_of_economic_activity;Coin findings
551;Grubehus;750;1066;Buildings;Pit-house
947;Bosaettelse, uspec undergruppe;750;1066;Buildings;Settlement, unspecified subgroup
947;Hus (evt. med stald);750;1066;Buildings;House (possibly with a stable)
947;Hus (evt. med stald);1067;1299;Buildings;House (possibly with a stable)
947;Bosaettelse, uspec undergruppe;1067;1299;Buildings;Settlement, unspecified subgroup
947;Broend;1067;1299;Buildings;Well
947;Hegn/gaerde;750;1066;Buildings;Hedge/fence
1757;Enkeltfund;1067;1299;Not categorized;Not categorized
1430;Gravsten;1300;1399;Not categorized;Not categorized
1456;Enkeltfund;1400;1499;Not categorized;Not categorized
414;Kulturlag;750;1066;Not categorized;Not categorized
1629;Enkeltfund;750;1066;Not categorized;Not categorized
1529;Enkeltfund;750;1066;Not categorized;Not categorized
1750;Moentfund;1400;1499;Indicators_of_economic_activity;Coin findings
454;Enkeltfund;750;1066;Not categorized;Not categorized
1605;Moentfund;1400;1499;Indicators_of_economic_activity;Coin findings
1604;Enkeltfund;750;1066;Not categorized;Not categorized
1404;Hus (evt. med stald);1200;1299;Buildings;House (possibly with a stable)
491;Enkeltfund;750;1066;Not categorized;Not categorized
563;Kulturlag;900;1066;Not categorized;Not categorized
563;Metal;1200;1299;Indicators_of_economic_activity;Metal
491;Moentfund;750;1066;Indicators_of_economic_activity;Coin findings
491;Enkeltfund;750;1066;Not categorized;Not categorized
491;Bosaettelse, uspec undergruppe;750;899;Buildings;Settlement, unspecified subgroup
491;Enkeltfund;750;1066;Not categorized;Not categorized
334;Moentfund;750;1066;Indicators_of_economic_activity;Coin findings
338;Moentfund;1400;1499;Indicators_of_economic_activity;Coin findings
338;Moentfund;750;1066;Indicators_of_economic_activity;Coin findings
623;Enkeltfund;750;1066;Not categorized;Not categorized
626;Enkeltfund;750;1066;Not categorized;Not categorized
709;Moentfund;1300;1399;Indicators_of_economic_activity;Coin findings
37;Moentfund;1300;1399;Indicators_of_economic_activity;Coin findings
37;Moentfund;1200;1399;Indicators_of_economic_activity;Coin findings
37;Moentfund;1300;1399;Indicators_of_economic_activity;Coin findings
1791;Enkeltfund;1200;1299;Not categorized;Not categorized
1637;Metal;750;1066;Indicators_of_economic_activity;Metal
1637;Enkeltfund;1400;1499;Not categorized;Not categorized
1821;Sejlspaerring;1067;1299;Not categorized;Not categorized
1821;Sejlspaerring;750;1066;Not categorized;Not categorized
258;Vej;750;1066;Not categorized;Not categorized
258;Bro;750;1066;Not categorized;Not categorized
1115;Vandmoelle;1067;1299;Indicators_of_economic_activity;Water mill
1115;Moelledam;1067;1299;Not categorized;Not categorized
1115;Vej;1067;1299;Not categorized;Not categorized
1115;Bosaettelse, uspec undergruppe;1067;1299;Buildings;Settlement, unspecified subgroup
1171;Enkeltfund;750;1066;Not categorized;Not categorized
1171;Bro;1067;1299;Not categorized;Not categorized
1821;Vrag;1200;1399;Not categorized;Not categorized
1171;Bro;1200;1299;Not categorized;Not categorized
1171;Vej;1200;1299;Not categorized;Not categorized
NA;Vrag;750;1066;Not categorized;Not categorized
NA;Vrag;750;1066;Not categorized;Not categorized
NA;Vrag;750;1066;Not categorized;Not categorized
1171;Enkeltfund;1200;1399;Not categorized;Not categorized
NA;Landingsplads;750;1066;Not categorized;Not categorized
NA;Landingsplads;1067;1299;Not categorized;Not categorized
NA;Moentfund;750;1066;Indicators_of_economic_activity;Coin findings
NA;Moentfund;1067;1199;Indicators_of_economic_activity;Coin findings
71;Hus (evt. med stald);750;1066;Buildings;House (possibly with a stable)
NA;Enkeltfund;750;1066;Not categorized;Not categorized
10;Moentfund;1200;1399;Indicators_of_economic_activity;Coin findings
10;Moentfund;1400;1499;Indicators_of_economic_activity;Coin findings
NA;Vrag;1200;1399;Not categorized;Not categorized
1129;Moentfund;1200;1399;Indicators_of_economic_activity;Coin findings
1293;Moentfund;750;1066;Indicators_of_economic_activity;Coin findings
1239;Borg/Voldsted;1200;1399;Defensive;Castle/motte-and-bailey
1408;Enkeltfund;750;1066;Not categorized;Not categorized
262;Moentfund;1300;1399;Indicators_of_economic_activity;Coin findings
1695;Moentfund;1300;1399;Indicators_of_economic_activity;Coin findings
344;Depotfund;900;1066;Distress;Hoard finds
344;Moentfund;900;1066;Indicators_of_economic_activity;Coin findings
344;Hus (evt. med stald);900;1066;Buildings;House (possibly with a stable)
344;Moentfund;1067;1299;Indicators_of_economic_activity;Coin findings
344;Moentfund;900;1066;Indicators_of_economic_activity;Coin findings
1803;Hus (evt. med stald);1200;1399;Buildings;House (possibly with a stable)
1803;Affaldsgrube;1200;1399;Not categorized;Not categorized
1803;Broend;1200;1399;Buildings;Well
1803;Brolaegning;1200;1399;Not categorized;Not categorized
1803;Jern;1200;1399;Indicators_of_economic_activity;Iron
1803;Metal;1200;1399;Indicators_of_economic_activity;Metal
1803;Ben/Horn;1200;1399;Not categorized;Not categorized
1823;Enkeltfund;750;1066;Not categorized;Not categorized
832;Klosteranlaeg;1200;1299;Religious;Monastery complex
832;Moentfund;1300;1399;Indicators_of_economic_activity;Coin findings
386;Bosaettelse, uspec undergruppe;1067;1299;Buildings;Settlement, unspecified subgroup
1676;Vej;750;1066;Not categorized;Not categorized
1587;Hus (evt. med stald);1400;1499;Buildings;House (possibly with a stable)
38;Moentfund;1200;1399;Indicators_of_economic_activity;Coin findings
1624;Kulturlag;1067;1199;Not categorized;Not categorized
1624;Kulturlag;1200;1299;Not categorized;Not categorized
218;Enkeltfund;750;1066;Not categorized;Not categorized
1628;Jordfaestegrav;750;1066;Not categorized;Not categorized
338;Moentfund;1067;1199;Indicators_of_economic_activity;Coin findings
338;Moentfund;1300;1399;Indicators_of_economic_activity;Coin findings
342;Bosaettelse, uspec undergruppe;750;1066;Buildings;Settlement, unspecified subgroup
342;Enkeltfund;750;1066;Not categorized;Not categorized
344;Moentfund;750;1066;Indicators_of_economic_activity;Coin findings
481;Enkeltfund;750;1066;Not categorized;Not categorized
502;Jordfaestegrav;750;1066;Not categorized;Not categorized
877;Kulturlag;1300;1399;Not categorized;Not categorized
57;Enkeltfund;750;1066;Not categorized;Not categorized
948;Moentfund;750;1066;Indicators_of_economic_activity;Coin findings
948;Bosaettelse, uspec undergruppe;750;1066;Buildings;Settlement, unspecified subgroup
1375;Enkeltfund;1067;1299;Not categorized;Not categorized
1743;Borg/Voldsted;1300;1399;Defensive;Castle/motte-and-bailey
5;Moentfund;1200;1399;Indicators_of_economic_activity;Coin findings
115;Hus (evt. med stald);750;1066;Buildings;House (possibly with a stable)
121;Bosaettelse, uspec undergruppe;1067;1299;Buildings;Settlement, unspecified subgroup
197;Enkeltfund;750;1066;Not categorized;Not categorized
342;Bosaettelse, uspec undergruppe;750;1066;Buildings;Settlement, unspecified subgroup
344;Moentfund;750;1066;Indicators_of_economic_activity;Coin findings
344;Enkeltfund;750;1066;Not categorized;Not categorized
334;Moentfund;750;1066;Indicators_of_economic_activity;Coin findings
334;Bosaettelse, uspec undergruppe;750;1066;Buildings;Settlement, unspecified subgroup
340;Moentfund;1300;1399;Indicators_of_economic_activity;Coin findings
3;Enkeltfund;1067;1299;Not categorized;Not categorized
4;Enkeltfund;1067;1199;Not categorized;Not categorized
707;Enkeltfund;750;1066;Not categorized;Not categorized
1539;Hus (evt. med stald);750;1066;Buildings;House (possibly with a stable)
8;Hus (evt. med stald);750;1066;Buildings;House (possibly with a stable)
8;Hus (evt. med stald);1067;1299;Buildings;House (possibly with a stable)
1636;Kapel;1200;1299;Religious;Chapel
1636;Kirkegaard;1200;1299;Not categorized;Not categorized
1636;Hospital;1200;1299;State_formation;Hospital
1636;Moentfund;1400;1499;Indicators_of_economic_activity;Coin findings
1177;Enkeltfund;750;1066;Not categorized;Not categorized
1239;Tegl;1200;1399;Indicators_of_economic_activity;Brick
1280;Enkeltfund;1067;1299;Not categorized;Not categorized
1550;Bosaettelse, uspec undergruppe;750;1066;Buildings;Settlement, unspecified subgroup
1293;Moentfund;900;1066;Indicators_of_economic_activity;Coin findings
1297;Enkeltfund;750;1066;Not categorized;Not categorized
1549;Borg/Voldsted;1300;1399;Defensive;Castle/motte-and-bailey
1569;Broend;1300;1399;Buildings;Well
1092;Enkeltfund;1200;1399;Not categorized;Not categorized
1564;Enkeltfund;1400;1499;Not categorized;Not categorized
1153;Hus (evt. med stald);1067;1299;Buildings;House (possibly with a stable)
1153;Affaldsgrube;750;1066;Not categorized;Not categorized
104;Enkeltfund;1200;1399;Not categorized;Not categorized
1624;Kulturlag;1067;1299;Not categorized;Not categorized
1624;Affaldsgrube;1200;1399;Not categorized;Not categorized
1624;Broend;1200;1399;Buildings;Well
676;Hus (evt. med stald);750;1066;Buildings;House (possibly with a stable)
1387;Hus (evt. med stald);750;1066;Buildings;House (possibly with a stable)
1387;Gaard;1200;1399;Buildings;Farmstead
1584;Hus (evt. med stald);750;1066;Buildings;House (possibly with a stable)
253;Depotfund;1200;1299;Distress;Hoard finds
253;Moentfund;1200;1299;Indicators_of_economic_activity;Coin findings
472;Hus (evt. med stald);1067;1299;Buildings;House (possibly with a stable)
472;Affaldsgrube;1067;1299;Not categorized;Not categorized
472;Broend;1067;1299;Buildings;Well
472;Groeft (afvanding);1067;1299;Not categorized;Not categorized
NA;Affaldsgrube;1200;1399;Not categorized;Not categorized
1619;Gaard;1067;1299;Buildings;Farmstead
1619;Ben/Horn;1067;1299;Not categorized;Not categorized
1619;Metal;1067;1299;Indicators_of_economic_activity;Metal
1619;Moentfund;1200;1399;Indicators_of_economic_activity;Coin findings
1619;Enkeltfund;750;1066;Not categorized;Not categorized
1824;Metal;900;1066;Indicators_of_economic_activity;Metal
1824;Baadhus;900;1066;Not categorized;Not categorized
1824;Bosaettelse, uspec undergruppe;1067;1299;Buildings;Settlement, unspecified subgroup
1824;Moentfund;1067;1199;Indicators_of_economic_activity;Coin findings
1824;Enkeltfund;1067;1199;Not categorized;Not categorized
1824;Moentfund;1200;1399;Indicators_of_economic_activity;Coin findings
1824;Enkeltfund;1200;1399;Not categorized;Not categorized
27;Moentfund;750;1066;Indicators_of_economic_activity;Coin findings
1773;Affaldsgrube;1200;1299;Not categorized;Not categorized
1773;Moentfund;1400;1499;Indicators_of_economic_activity;Coin findings
65;Broend;1200;1399;Buildings;Well
1614;Bygning;1400;1500;Not categorized;Not categorized
1614;Moentfund;1400;1499;Indicators_of_economic_activity;Coin findings
1531;Enkeltfund;750;1066;Not categorized;Not categorized
1531;Moentfund;1200;1399;Indicators_of_economic_activity;Coin findings
1531;Enkeltfund;1067;1199;Not categorized;Not categorized
NA;Enkeltfund;750;899;Not categorized;Not categorized
10;Enkeltfund;750;1066;Not categorized;Not categorized
11;Enkeltfund;750;1066;Not categorized;Not categorized
11;Moentfund;750;1066;Indicators_of_economic_activity;Coin findings
1619;Enkeltfund;1067;1199;Not categorized;Not categorized
1619;Moentfund;1200;1299;Indicators_of_economic_activity;Coin findings
1619;Moentfund;1300;1399;Indicators_of_economic_activity;Coin findings
1161;Hus (evt. med stald);1067;1299;Buildings;House (possibly with a stable)
43;Enkeltfund;750;1066;Not categorized;Not categorized
43;Moentfund;750;1066;Indicators_of_economic_activity;Coin findings
43;Enkeltfund;1067;1299;Not categorized;Not categorized
77;Enkeltfund;1200;1399;Not categorized;Not categorized
11;Enkeltfund;750;1066;Not categorized;Not categorized
1747;Enkeltfund;750;1066;Not categorized;Not categorized
1747;Moentfund;1300;1399;Indicators_of_economic_activity;Coin findings
1747;Moentfund;750;1066;Indicators_of_economic_activity;Coin findings
645;Bosaettelse, uspec undergruppe;1067;1299;Buildings;Settlement, unspecified subgroup
645;Kulturlag;1067;1299;Not categorized;Not categorized
645;Groeft (skel);1067;1299;Buildings;Ditch (boundary)
1624;Bygning;1200;1399;Not categorized;Not categorized
1605;Kulturlag;1200;1399;Not categorized;Not categorized
NA;Enkeltfund;1200;1399;Not categorized;Not categorized
440;Jordfaestegrav;750;1066;Not categorized;Not categorized
450;Enkeltfund;750;1066;Not categorized;Not categorized
450;Enkeltfund;1067;1299;Not categorized;Not categorized
450;Enkeltfund;750;1066;Not categorized;Not categorized
450;Enkeltfund;1067;1199;Not categorized;Not categorized
481;Enkeltfund;1067;1299;Not categorized;Not categorized
486;Enkeltfund;750;1066;Not categorized;Not categorized
486;Tekstil;750;1066;Indicators_of_economic_activity;Textile
487;Enkeltfund;750;1066;Not categorized;Not categorized
487;Gaard;1067;1299;Buildings;Farmstead
487;Moentfund;1200;1399;Indicators_of_economic_activity;Coin findings
487;Enkeltfund;1067;1299;Not categorized;Not categorized
194;Enkeltfund;750;1066;Not categorized;Not categorized
194;Moentfund;1300;1399;Indicators_of_economic_activity;Coin findings
194;Moentfund;1200;1399;Indicators_of_economic_activity;Coin findings
194;Moentfund;1200;1399;Indicators_of_economic_activity;Coin findings
48;Enkeltfund;750;1066;Not categorized;Not categorized
48;Enkeltfund;750;1066;Not categorized;Not categorized
82;Enkeltfund;1067;1299;Not categorized;Not categorized
70;Votivfund;750;1066;Not categorized;Not categorized
620;Enkeltfund;750;1066;Not categorized;Not categorized
630;Moentfund;1300;1399;Indicators_of_economic_activity;Coin findings
630;Enkeltfund;750;1066;Not categorized;Not categorized
413;Rundhoej;750;1066;Not categorized;Not categorized
413;Baad-/skibsgrav;750;1066;Not categorized;Not categorized
413;Jordfaestegrav;750;1066;Not categorized;Not categorized
413;Vrag;750;1066;Not categorized;Not categorized
413;Jordfaestegrav;750;1066;Not categorized;Not categorized
413;Anker;750;1066;Not categorized;Not categorized
413;Jordfaestegrav;750;1066;Not categorized;Not categorized
413;Jordfaestegrav;750;1066;Not categorized;Not categorized
413;Votivfund;750;1066;Not categorized;Not categorized
413;Votivfund;750;1066;Not categorized;Not categorized
413;Stenlaegning/Stensamling;750;1066;Not categorized;Not categorized
15;Jordfaestegrav;750;1066;Not categorized;Not categorized
15;Jordfaestegrav;750;1066;Not categorized;Not categorized
109;Gravgenstand;750;1066;Not categorized;Not categorized
111;Enkeltfund;750;1066;Not categorized;Not categorized
88;Enkeltfund;750;1066;Not categorized;Not categorized
481;Enkeltfund;1067;1299;Not categorized;Not categorized
1335;Enkeltfund;750;1066;Not categorized;Not categorized
1288;Enkeltfund;750;1066;Not categorized;Not categorized
1288;Enkeltfund;750;1066;Not categorized;Not categorized
431;Enkeltfund;1067;1299;Not categorized;Not categorized
431;Enkeltfund;750;1066;Not categorized;Not categorized
1627;Hus (evt. med stald);1067;1299;Buildings;House (possibly with a stable)
548;Borg/Voldsted;1400;1499;Defensive;Castle/motte-and-bailey
548;Hovedbygning;1400;1499;Buildings;Main building
557;Enkeltfund;750;1066;Not categorized;Not categorized
883;Hus (evt. med stald);750;1066;Buildings;House (possibly with a stable)
883;Hegn/gaerde;750;1066;Buildings;Hedge/fence
216;Brolaegning;1200;1399;Not categorized;Not categorized
216;Metal;1200;1399;Indicators_of_economic_activity;Metal
216;Kulturlag;1200;1399;Not categorized;Not categorized
216;Kirkegaard;1200;1399;Not categorized;Not categorized
3;Moentfund;1200;1400;Indicators_of_economic_activity;Coin findings
NA;Borg/Voldsted;1067;1299;Defensive;Castle/motte-and-bailey
1749;Kirke;1067;1299;Religious;Church
1749;Kirkegaard;1067;1299;Not categorized;Not categorized
1083;Vrag;1067;1199;Not categorized;Not categorized
1197;Jordfaestegrav;750;1066;Not categorized;Not categorized
432;Borg/Voldsted;1067;1299;Defensive;Castle/motte-and-bailey
432;Borg/Voldsted;1067;1299;Defensive;Castle/motte-and-bailey
432;Borg/Voldsted;1067;1299;Defensive;Castle/motte-and-bailey
1267;Hus (evt. med stald);900;1066;Buildings;House (possibly with a stable)
1267;Hus (evt. med stald);900;1066;Buildings;House (possibly with a stable)
27;Moentfund;1300;1399;Indicators_of_economic_activity;Coin findings
NA;Vrag;900;1066;Not categorized;Not categorized
1619;Affaldsgrube;1067;1299;Not categorized;Not categorized
1619;Moentfund;1067;1199;Indicators_of_economic_activity;Coin findings
1381;Grube (uspecificeret funktion);1067;1299;Not categorized;Not categorized
1381;Kulturlag;1200;1399;Not categorized;Not categorized
448;Hus (evt. med stald);1067;1299;Buildings;House (possibly with a stable)
448;Affaldsgrube;1067;1299;Not categorized;Not categorized
448;Ildsted;1067;1299;Not categorized;Not categorized
448;Moentfund;1067;1299;Indicators_of_economic_activity;Coin findings
1258;Fiskegaard;1067;1299;Not categorized;Not categorized
1307;Fiskegaard;1067;1299;Not categorized;Not categorized
116;Bosaettelse, uspec undergruppe;750;1066;Buildings;Settlement, unspecified subgroup
288;Herregaardsanlaeg/Slot;1200;1399;Not categorized;Not categorized
334;Bosaettelse, uspec undergruppe;900;1066;Buildings;Settlement, unspecified subgroup
334;Bosaettelse, uspec undergruppe;1067;1299;Buildings;Settlement, unspecified subgroup
350;Handel;1067;1299;Indicators_of_economic_activity;Trade
350;Enkeltfund;1067;1299;Not categorized;Not categorized
350;Metal;1067;1299;Indicators_of_economic_activity;Metal
350;Dyreben;1067;1299;Not categorized;Not categorized
350;Enkeltfund;750;1066;Not categorized;Not categorized
1821;Bosaettelse, uspec undergruppe;750;1066;Buildings;Settlement, unspecified subgroup
1821;Enkeltfund;900;1066;Not categorized;Not categorized
414;Enkeltfund;750;1066;Not categorized;Not categorized
1150;Affaldsgrube;750;1066;Not categorized;Not categorized
880;Hus (evt. med stald);750;1066;Buildings;House (possibly with a stable)
880;Tekstil;750;1066;Indicators_of_economic_activity;Textile
880;Grubehus;750;1066;Buildings;Pit-house
1386;Hus (evt. med stald);750;1066;Buildings;House (possibly with a stable)
1386;Hegn/gaerde;750;1066;Buildings;Hedge/fence
1386;Grubehus;750;1066;Buildings;Pit-house
466;Enkeltfund;750;1066;Not categorized;Not categorized
479;Moentfund;1300;1399;Indicators_of_economic_activity;Coin findings
484;Jordfaestegrav;750;899;Not categorized;Not categorized
514;Enkeltfund;750;1066;Not categorized;Not categorized
508;Moentfund;1067;1299;Indicators_of_economic_activity;Coin findings
508;Enkeltfund;1067;1299;Not categorized;Not categorized
508;Enkeltfund;750;1066;Not categorized;Not categorized
508;Stenraekke;1067;1299;Not categorized;Not categorized
518;Hovedbygning;1400;1499;Buildings;Main building
518;Bygningssten;1067;1299;Not categorized;Not categorized
544;Enkeltfund;750;1066;Not categorized;Not categorized
1384;Hus (evt. med stald);1067;1299;Buildings;House (possibly with a stable)
1724;Gaard;1067;1299;Buildings;Farmstead
1569;Kulturlag;1200;1399;Not categorized;Not categorized
8;Bosaettelse, uspec undergruppe;750;1066;Buildings;Settlement, unspecified subgroup
428;Moentfund;1200;1299;Indicators_of_economic_activity;Coin findings
70;Moentfund;1300;1399;Indicators_of_economic_activity;Coin findings
342;Moentfund;750;1066;Indicators_of_economic_activity;Coin findings
711;Vrag;1200;1299;Not categorized;Not categorized
1207;Affaldsgrube;1067;1299;Not categorized;Not categorized
1531;Moentfund;1400;1499;Indicators_of_economic_activity;Coin findings
11;Moentfund;1400;1499;Indicators_of_economic_activity;Coin findings
354;Moentfund;1200;1299;Indicators_of_economic_activity;Coin findings
338;Enkeltfund;1067;1299;Not categorized;Not categorized
10;Moentfund;1300;1399;Indicators_of_economic_activity;Coin findings
27;Moentfund;1300;1399;Indicators_of_economic_activity;Coin findings
27;Moentfund;1300;1399;Indicators_of_economic_activity;Coin findings
27;Moentfund;1300;1399;Indicators_of_economic_activity;Coin findings
79;Oedekirke;1100;1200;Not categorized;Not categorized
1626;Affaldsgrube;1067;1199;Not categorized;Not categorized
1626;Kaelderanlaeg;1400;1499;Not categorized;Not categorized
1626;Brolaegning;1067;1299;Not categorized;Not categorized
1626;Metal;1400;1499;Indicators_of_economic_activity;Metal
32;Moentfund;1200;1399;Indicators_of_economic_activity;Coin findings
1626;Broend;1400;1499;Buildings;Well
1628;Broend;1200;1399;Buildings;Well
1628;Affaldsgrube;1200;1399;Not categorized;Not categorized
1626;Affaldsgrube;1067;1299;Not categorized;Not categorized
755;Enkeltfund;750;1066;Not categorized;Not categorized
551;Enkeltfund;1067;1299;Not categorized;Not categorized
1783;Enkeltfund;750;1066;Not categorized;Not categorized
764;Enkeltfund;750;1066;Not categorized;Not categorized
764;Plankevej;750;1066;Not categorized;Not categorized
1189;Enkeltfund;1200;1399;Not categorized;Not categorized
1195;Bosaettelse, uspec undergruppe;750;1066;Buildings;Settlement, unspecified subgroup
1278;Hus (evt. med stald);750;1066;Buildings;House (possibly with a stable)
1614;Kulturlag;1200;1399;Not categorized;Not categorized
1614;Bygning;1200;1399;Not categorized;Not categorized
1775;Affaldsgrube;1200;1299;Not categorized;Not categorized
491;Enkeltfund;750;1066;Not categorized;Not categorized
1144;Fiskegaard;1067;1299;Not categorized;Not categorized
1271;Hus (evt. med stald);750;1066;Buildings;House (possibly with a stable)
1271;Brandgrav (uspecificeret type);750;1066;Not categorized;Not categorized
1271;Jordfaestegrav;750;1066;Not categorized;Not categorized
670;Affaldsgrube;750;1066;Not categorized;Not categorized
670;Kulturlag;750;1066;Not categorized;Not categorized
1564;Vandmoelle;1200;1299;Indicators_of_economic_activity;Water mill
1261;Enkeltfund;750;1066;Not categorized;Not categorized
443;Kirke;1067;1299;Religious;Church
443;Kirkegaard;1067;1299;Not categorized;Not categorized
443;Kirkelade;1067;1299;Religious;Church barn
443;Moentfund;1067;1299;Indicators_of_economic_activity;Coin findings
707;Hus (evt. med stald);750;1066;Buildings;House (possibly with a stable)
707;Kulturlag;1200;1399;Not categorized;Not categorized
707;Hoertoerringsanlaeg;1067;1299;Not categorized;Not categorized
558;Runesten;750;899;Not categorized;Not categorized
1273;Bosaettelse, uspec undergruppe;1067;1299;Buildings;Settlement, unspecified subgroup
608;Enkeltfund;750;1066;Not categorized;Not categorized
608;Tekstil;750;1066;Indicators_of_economic_activity;Textile
1821;Kulturlag;750;1066;Not categorized;Not categorized
1616;Hus (evt. med stald);750;1066;Buildings;House (possibly with a stable)
541;Vragdel;1300;1399;Not categorized;Not categorized
1370;Hus (evt. med stald);1067;1299;Buildings;House (possibly with a stable)
1370;Bosaettelse, uspec undergruppe;1067;1299;Buildings;Settlement, unspecified subgroup
1370;Hegn/gaerde;1067;1299;Buildings;Hedge/fence
1197;Jordfaestegrav;750;899;Not categorized;Not categorized
1584;Hus (evt. med stald);1200;1299;Buildings;House (possibly with a stable)
1584;Groeft (afvanding);1200;1299;Not categorized;Not categorized
NA;Enkeltfund;750;1066;Not categorized;Not categorized
1627;Jordfaestegrav;900;1066;Not categorized;Not categorized
1627;Kammergrav;750;1066;Not categorized;Not categorized
580;Enkeltfund;750;1066;Not categorized;Not categorized
NA;Enkeltfund;1067;1299;Not categorized;Not categorized
1382;Enkeltfund;750;1066;Not categorized;Not categorized
1382;Moentfund;1200;1299;Indicators_of_economic_activity;Coin findings
989;Forsvarsvold;1300;1399;Defensive;Rampart
55;Hus (evt. med stald);1067;1299;Buildings;House (possibly with a stable)
1628;Kulturlag;1067;1299;Not categorized;Not categorized
8;Enkeltfund;1067;1199;Not categorized;Not categorized
8;Moentfund;1400;1499;Indicators_of_economic_activity;Coin findings
1756;Hus (evt. med stald);1067;1299;Buildings;House (possibly with a stable)
1671;Moentfund;900;1066;Indicators_of_economic_activity;Coin findings
1671;Moentfund;1300;1399;Indicators_of_economic_activity;Coin findings
1718;Hus (evt. med stald);1200;1399;Buildings;House (possibly with a stable)
205;Affaldsgrube;1200;1299;Not categorized;Not categorized
205;Enkeltfund;1200;1299;Not categorized;Not categorized
205;Jern;1200;1299;Indicators_of_economic_activity;Iron
205;Hus (evt. med stald);1200;1299;Buildings;House (possibly with a stable)
276;Moentfund;1200;1399;Indicators_of_economic_activity;Coin findings
608;Moentfund;1067;1299;Indicators_of_economic_activity;Coin findings
765;Moentfund;1300;1399;Indicators_of_economic_activity;Coin findings
1397;Hus (evt. med stald);750;1066;Buildings;House (possibly with a stable)
1397;Enkeltfund;750;1066;Not categorized;Not categorized
1382;Muret grav;1225;1300;Not categorized;Not categorized
1382;Gaardsplads;1350;1500;Not categorized;Not categorized
1382;Klosteranlaeg;1145;1225;Religious;Monastery complex
1382;Begravelsesplads;1225;1450;Not categorized;Not categorized
1382;Dige (kirkegaard);1217;1425;Not categorized;Not categorized
1628;Kulturlag;1067;1299;Not categorized;Not categorized
511;Borg/Voldsted;1400;1499;Defensive;Castle/motte-and-bailey
569;Enkeltfund;750;1066;Not categorized;Not categorized
1631;Bro;900;1066;Not categorized;Not categorized
1821;Bosaettelse, uspec undergruppe;750;1066;Buildings;Settlement, unspecified subgroup
1821;Moentfund;1200;1399;Indicators_of_economic_activity;Coin findings
1821;Moentfund;1400;1499;Indicators_of_economic_activity;Coin findings
NA;Enkeltfund;750;1066;Not categorized;Not categorized
NA;Keramik;1300;1399;Indicators_of_economic_activity;Pottery
NA;Tekstil;1300;1399;Indicators_of_economic_activity;Textile
1579;Metal;750;1066;Indicators_of_economic_activity;Metal
1579;Metal;750;1066;Indicators_of_economic_activity;Metal
1579;Moentfund;750;1066;Indicators_of_economic_activity;Coin findings
382;Enkeltfund;750;1066;Not categorized;Not categorized
382;Moentfund;750;1066;Indicators_of_economic_activity;Coin findings
1817;Enkeltfund;750;1066;Not categorized;Not categorized
1808;Enkeltfund;1200;1399;Not categorized;Not categorized
1808;Moentfund;1200;1399;Indicators_of_economic_activity;Coin findings
1382;Moentfund;1200;1299;Indicators_of_economic_activity;Coin findings
1205;Bygning;1067;1299;Not categorized;Not categorized
1299;Kulturlag;1400;1499;Not categorized;Not categorized
1773;Moentfund;1200;1299;Indicators_of_economic_activity;Coin findings
1774;Moentfund;1300;1399;Indicators_of_economic_activity;Coin findings
148;Moentfund;1200;1399;Indicators_of_economic_activity;Coin findings
148;Moentfund;1300;1399;Indicators_of_economic_activity;Coin findings
148;Moentfund;1400;1499;Indicators_of_economic_activity;Coin findings
148;Moentfund;1200;1499;Indicators_of_economic_activity;Coin findings
148;Moentfund;1200;1399;Indicators_of_economic_activity;Coin findings
148;Bygning;1200;1500;Not categorized;Not categorized
236;Moentfund;1200;1299;Indicators_of_economic_activity;Coin findings
315;Hus (evt. med stald);750;1066;Buildings;House (possibly with a stable)
315;Affaldsgrube;750;1066;Not categorized;Not categorized
315;Kulturlag;750;1066;Not categorized;Not categorized
315;Moentfund;750;1066;Indicators_of_economic_activity;Coin findings
315;Moentfund;1067;1199;Indicators_of_economic_activity;Coin findings
315;Moentfund;1200;1299;Indicators_of_economic_activity;Coin findings
315;Moentfund;1200;1399;Indicators_of_economic_activity;Coin findings
1386;Gaard;1067;1299;Buildings;Farmstead
1386;Hulvej;1067;1299;Not categorized;Not categorized
1181;Borg/Voldsted;1200;1399;Defensive;Castle/motte-and-bailey
1312;Moelledaemning;1067;1299;Indicators_of_economic_activity;Mill dam
NA;Laeder/skind;1300;1399;Not categorized;Not categorized
1614;Vrag;1400;1499;Not categorized;Not categorized
1614;Sejlspaerring;1400;1499;Not categorized;Not categorized
1384;Broend;1200;1399;Buildings;Well
NA;Moentfund;1300;1399;Indicators_of_economic_activity;Coin findings
8;Moentfund;1300;1399;Indicators_of_economic_activity;Coin findings
8;Moentfund;1400;1499;Indicators_of_economic_activity;Coin findings
8;Moentfund;1067;1199;Indicators_of_economic_activity;Coin findings
36;Affaldsgrube;1067;1299;Not categorized;Not categorized
1172;Bosaettelse, uspec undergruppe;750;1066;Buildings;Settlement, unspecified subgroup
1375;Enkeltfund;750;1066;Not categorized;Not categorized
1376;Bosaettelse, uspec undergruppe;1067;1299;Buildings;Settlement, unspecified subgroup
1384;Enkeltfund;750;1066;Not categorized;Not categorized
1384;Enkeltfund;1067;1299;Not categorized;Not categorized
1384;Moentfund;1067;1199;Indicators_of_economic_activity;Coin findings
1384;Enkeltfund;1067;1299;Not categorized;Not categorized
1384;Enkeltfund;750;1066;Not categorized;Not categorized
1619;Brolaegning;1300;1399;Not categorized;Not categorized
1626;Affaldsgrube;1067;1299;Not categorized;Not categorized
1626;Metal;1200;1299;Indicators_of_economic_activity;Metal
1626;Broend;1300;1399;Buildings;Well
1626;Moentfund;1067;1299;Indicators_of_economic_activity;Coin findings
NA;Enkeltfund;750;1066;Not categorized;Not categorized
1183;Borg/Voldsted;1200;1399;Defensive;Castle/motte-and-bailey
289;Moentfund;1300;1399;Indicators_of_economic_activity;Coin findings
67;Enkeltfund;900;1066;Not categorized;Not categorized
1376;Bosaettelse, uspec undergruppe;1067;1299;Buildings;Settlement, unspecified subgroup
1502;Borg/Voldsted;1400;1499;Defensive;Castle/motte-and-bailey
1362;Hus (evt. med stald);1200;1399;Buildings;House (possibly with a stable)
1362;Broend;1200;1399;Buildings;Well
1362;Hegn/gaerde;1200;1399;Buildings;Hedge/fence
1643;Enkeltfund;750;1066;Not categorized;Not categorized
112;Enkeltfund;1067;1299;Not categorized;Not categorized
115;Moentfund;750;1066;Indicators_of_economic_activity;Coin findings
115;Moentfund;1200;1399;Indicators_of_economic_activity;Coin findings
1634;Kulturlag;1300;1399;Not categorized;Not categorized
1634;Bageovn;1300;1399;Indicators_of_economic_activity;Bakery oven
1634;Ovnanlaeg (uspecificeret);1300;1399;Indicators_of_economic_activity;Furnace (unspecified)
1634;Moentfund;1300;1399;Indicators_of_economic_activity;Coin findings
1634;Keramik;1300;1399;Indicators_of_economic_activity;Pottery
1569;Hus (evt. med stald);1400;1499;Buildings;House (possibly with a stable)
1569;Kulturlag;750;1066;Not categorized;Not categorized
1569;Forsvarsvold;750;1066;Defensive;Rampart
1569;Vej;1200;1299;Not categorized;Not categorized
1569;Vej;1200;1399;Not categorized;Not categorized
1090;Moentfund;1300;1399;Indicators_of_economic_activity;Coin findings
1381;Kulturlag;1200;1399;Not categorized;Not categorized
1525;Hus (evt. med stald);1067;1199;Buildings;House (possibly with a stable)
118;Hus (evt. med stald);750;1066;Buildings;House (possibly with a stable)
118;Enkeltfund;750;1066;Not categorized;Not categorized
491;Hovedbygning;1400;1499;Buildings;Main building
1446;Sejlspaerring;1067;1199;Not categorized;Not categorized
NA;Luftfartoej;750;1066;Not categorized;Not categorized
866;Vrag;750;1066;Not categorized;Not categorized
595;Vrag;1067;1299;Not categorized;Not categorized
1770;Gaard;1400;1499;Buildings;Farmstead
1747;Landingsplads;1400;1499;Not categorized;Not categorized
247;Borg/Voldsted;1067;1299;Defensive;Castle/motte-and-bailey
1837;Borg/Voldsted;1200;1399;Defensive;Castle/motte-and-bailey
NA;Havn;1200;1299;Not categorized;Not categorized
1445;Havn;1067;1299;Not categorized;Not categorized
NA;Havn;1067;1299;Not categorized;Not categorized
NA;Havn;1400;1499;Not categorized;Not categorized
1009;Havn;1400;1499;Not categorized;Not categorized
NA;Havn;1067;1299;Not categorized;Not categorized
1757;Havn;1067;1299;Not categorized;Not categorized
1739;Havn;1067;1299;Not categorized;Not categorized
NA;Havn;1400;1499;Not categorized;Not categorized
1633;Havn;1067;1299;Not categorized;Not categorized
1239;Havn;1067;1299;Not categorized;Not categorized
1600;Handel;1300;1399;Indicators_of_economic_activity;Trade
1600;Bosaettelse, uspec undergruppe;1300;1399;Buildings;Settlement, unspecified subgroup
1600;Bosaettelse, uspec undergruppe;1300;1399;Buildings;Settlement, unspecified subgroup
NA;Sejlspaerring;1400;1499;Not categorized;Not categorized
NA;Havn;1400;1499;Not categorized;Not categorized
NA;Enkeltfund;1067;1299;Not categorized;Not categorized
1643;Enkeltfund;1067;1299;Not categorized;Not categorized
NA;Enkeltfund;750;1066;Not categorized;Not categorized
357;Vrag;1400;1499;Not categorized;Not categorized
1466;Enkeltfund;1067;1299;Not categorized;Not categorized
1772;Kirkeinventar;900;1066;Not categorized;Not categorized
1551;Marksystem;1067;1299;Not categorized;Not categorized
1247;Moentfund;750;1066;Indicators_of_economic_activity;Coin findings
126;Moentfund;1200;1399;Indicators_of_economic_activity;Coin findings
82;Grubehus;900;1066;Buildings;Pit-house
82;Affaldsgrube;900;1066;Not categorized;Not categorized
82;Tekstil;900;1066;Indicators_of_economic_activity;Textile
82;Hus (evt. med stald);1067;1299;Buildings;House (possibly with a stable)
82;Hegn/gaerde;1067;1299;Buildings;Hedge/fence
82;Affaldsgrube;1067;1299;Not categorized;Not categorized
82;Moentfund;1300;1399;Indicators_of_economic_activity;Coin findings
83;Bosaettelse, uspec undergruppe;1067;1299;Buildings;Settlement, unspecified subgroup
83;Enkeltfund;750;1066;Not categorized;Not categorized
83;Enkeltfund;1067;1299;Not categorized;Not categorized
1619;Affaldsgrube;1067;1299;Not categorized;Not categorized
1619;Metal;1067;1299;Indicators_of_economic_activity;Metal
1619;Ben/Horn;1067;1299;Not categorized;Not categorized
1619;Affaldsgrube;1200;1399;Not categorized;Not categorized
1619;Bygning;1067;1299;Not categorized;Not categorized
3;Enkeltfund;1067;1299;Not categorized;Not categorized
964;Affaldsgrube;750;1066;Not categorized;Not categorized
1614;Kirke;1067;1299;Religious;Church
1127;Jordfaestegrav;750;1066;Not categorized;Not categorized
1297;Moentfund;750;1066;Indicators_of_economic_activity;Coin findings
8;Moentfund;1200;1299;Indicators_of_economic_activity;Coin findings
1653;Moentfund;1200;1399;Indicators_of_economic_activity;Coin findings
610;Moentfund;1200;1399;Indicators_of_economic_activity;Coin findings
541;Kulturlag;750;1066;Not categorized;Not categorized
1619;Bygning;1400;1499;Not categorized;Not categorized
1610;Broend;1400;1499;Buildings;Well
1610;Enkeltfund;1400;1499;Not categorized;Not categorized
1529;Hus (evt. med stald);1200;1399;Buildings;House (possibly with a stable)
868;Moentfund;1200;1299;Indicators_of_economic_activity;Coin findings
NA;Moentfund;1200;1399;Indicators_of_economic_activity;Coin findings
NA;Moentfund;1400;1499;Indicators_of_economic_activity;Coin findings
NA;Moentfund;1200;1299;Indicators_of_economic_activity;Coin findings
1774;Moentfund;1200;1399;Indicators_of_economic_activity;Coin findings
225;Moentfund;1200;1399;Indicators_of_economic_activity;Coin findings
195;Moentfund;1200;1399;Indicators_of_economic_activity;Coin findings
195;Moentfund;1200;1499;Indicators_of_economic_activity;Coin findings
306;Moentfund;1400;1499;Indicators_of_economic_activity;Coin findings
941;Enkeltfund;900;1066;Not categorized;Not categorized
68;Hus (evt. med stald);750;899;Buildings;House (possibly with a stable)
246;Jern;1200;1399;Indicators_of_economic_activity;Iron
292;Enkeltfund;1067;1199;Not categorized;Not categorized
292;Enkeltfund;900;1066;Not categorized;Not categorized
1820;Depotfund;750;899;Distress;Hoard finds
461;Enkeltfund;750;1066;Not categorized;Not categorized
73;Moentfund;1067;1199;Indicators_of_economic_activity;Coin findings
866;Enkeltfund;750;1066;Not categorized;Not categorized
386;Moentfund;1300;1399;Indicators_of_economic_activity;Coin findings
66;Affaldsgrube;1200;1399;Not categorized;Not categorized
1614;Kulturlag;1067;1299;Not categorized;Not categorized
1614;Bygning;1300;1399;Not categorized;Not categorized
1614;Kulturlag;1200;1399;Not categorized;Not categorized
1614;Ben/Horn;1200;1399;Not categorized;Not categorized
81;Enkeltfund;750;1066;Not categorized;Not categorized
81;Moentfund;750;1066;Indicators_of_economic_activity;Coin findings
81;Moentfund;1067;1199;Indicators_of_economic_activity;Coin findings
81;Moentfund;1300;1399;Indicators_of_economic_activity;Coin findings
81;Enkeltfund;1067;1299;Not categorized;Not categorized
1619;Moentfund;1300;1399;Indicators_of_economic_activity;Coin findings
1619;Hus (evt. med stald);1067;1299;Buildings;House (possibly with a stable)
1619;Broend;1067;1299;Buildings;Well
1619;Bageovn;1067;1299;Indicators_of_economic_activity;Bakery oven
491;Bosaettelse, uspec undergruppe;1067;1299;Buildings;Settlement, unspecified subgroup
1488;Moentfund;1400;1499;Indicators_of_economic_activity;Coin findings
494;Enkeltfund;900;1066;Not categorized;Not categorized
472;Enkeltfund;1067;1299;Not categorized;Not categorized
707;Bosaettelse, uspec undergruppe;1067;1299;Buildings;Settlement, unspecified subgroup
707;Enkeltfund;1067;1199;Not categorized;Not categorized
53;Grubehus;750;1066;Buildings;Pit-house
53;Tekstil;750;1066;Indicators_of_economic_activity;Textile
NA;Vragdel;1200;1299;Not categorized;Not categorized
908;Jordfaestegrav;750;1066;Not categorized;Not categorized
908;Gravgenstand;750;1066;Not categorized;Not categorized
908;Kammergrav;750;999;Not categorized;Not categorized
1640;Diverse anlaeg og genstande, uspec undergruppe;1300;1399;Not categorized;Not categorized
1350;Hus (evt. med stald);750;1066;Buildings;House (possibly with a stable)
1422;Bygning;1067;1299;Not categorized;Not categorized
1422;Moentfund;1400;1499;Indicators_of_economic_activity;Coin findings
1619;Bygning;1067;1199;Not categorized;Not categorized
1619;Affaldsgrube;1067;1199;Not categorized;Not categorized
1619;Metal;1067;1199;Indicators_of_economic_activity;Metal
1619;Hus (evt. med stald);1200;1299;Buildings;House (possibly with a stable)
1619;Broend;1200;1299;Buildings;Well
1619;Bageovn;1300;1399;Indicators_of_economic_activity;Bakery oven
421;Moentfund;1200;1499;Indicators_of_economic_activity;Coin findings
421;Moentfund;1200;1499;Indicators_of_economic_activity;Coin findings
421;Kogegrube;750;1066;Not categorized;Not categorized
421;Enkeltfund;1067;1299;Not categorized;Not categorized
421;Enkeltfund;750;1066;Not categorized;Not categorized
1747;Enkeltfund;1067;1299;Not categorized;Not categorized
1747;Moentfund;1200;1399;Indicators_of_economic_activity;Coin findings
431;Enkeltfund;750;1066;Not categorized;Not categorized
422;Enkeltfund;1067;1299;Not categorized;Not categorized
577;Enkeltfund;750;1066;Not categorized;Not categorized
1585;Enkeltfund;750;1066;Not categorized;Not categorized
1615;Moentfund;1200;1399;Indicators_of_economic_activity;Coin findings
1619;Moentfund;1200;1299;Indicators_of_economic_activity;Coin findings
133;Enkeltfund;750;1066;Not categorized;Not categorized
133;Enkeltfund;1300;1399;Not categorized;Not categorized
1821;Grubehus;750;1066;Buildings;Pit-house
1821;Ovnanlaeg (uspecificeret);750;1066;Indicators_of_economic_activity;Furnace (unspecified)
1822;Moentfund;1300;1399;Indicators_of_economic_activity;Coin findings
555;Kirke;1067;1299;Religious;Church
1665;Enkeltfund;1067;1299;Not categorized;Not categorized
1627;Enkeltfund;900;1066;Not categorized;Not categorized
1262;Hus (evt. med stald);1067;1299;Buildings;House (possibly with a stable)
22;Moentfund;1067;1199;Indicators_of_economic_activity;Coin findings
1652;Bosaettelse, uspec undergruppe;750;1066;Buildings;Settlement, unspecified subgroup
1652;Moentfund;1300;1399;Indicators_of_economic_activity;Coin findings
1614;Bygning;1300;1300;Not categorized;Not categorized
677;Hegn/gaerde;750;1066;Buildings;Hedge/fence
1685;Enkeltfund;1067;1299;Not categorized;Not categorized
1685;Enkeltfund;1200;1399;Not categorized;Not categorized
1685;Moentfund;1200;1399;Indicators_of_economic_activity;Coin findings
781;Enkeltfund;1067;1199;Not categorized;Not categorized
781;Enkeltfund;1200;1399;Not categorized;Not categorized
1569;Bygning;1200;1399;Not categorized;Not categorized
1569;Hus (evt. med stald);1300;1499;Buildings;House (possibly with a stable)
1569;Ovnanlaeg (uspecificeret);1300;1499;Indicators_of_economic_activity;Furnace (unspecified)
1569;Metal;1300;1499;Indicators_of_economic_activity;Metal
1569;Kulturlag;1300;1499;Not categorized;Not categorized
1381;Enkeltfund;1300;1399;Not categorized;Not categorized
769;Enkeltfund;1067;1199;Not categorized;Not categorized
769;Enkeltfund;1067;1299;Not categorized;Not categorized
769;Enkeltfund;1200;1299;Not categorized;Not categorized
769;Enkeltfund;1300;1399;Not categorized;Not categorized
1679;Enkeltfund;1200;1299;Not categorized;Not categorized
1679;Enkeltfund;1067;1299;Not categorized;Not categorized
765;Moentfund;1200;1499;Indicators_of_economic_activity;Coin findings
765;Enkeltfund;1200;1399;Not categorized;Not categorized
766;Enkeltfund;750;1066;Not categorized;Not categorized
766;Moentfund;1200;1499;Indicators_of_economic_activity;Coin findings
766;Enkeltfund;1067;1299;Not categorized;Not categorized
766;Enkeltfund;1067;1199;Not categorized;Not categorized
1833;Enkeltfund;750;1066;Not categorized;Not categorized
1838;Bosaettelse, uspec undergruppe;1067;1299;Buildings;Settlement, unspecified subgroup
322;Moentfund;1300;1399;Indicators_of_economic_activity;Coin findings
1431;Vadested;1067;1299;Not categorized;Not categorized
1529;Hus (evt. med stald);750;899;Buildings;House (possibly with a stable)
1529;Hus (evt. med stald);750;899;Buildings;House (possibly with a stable)
1532;Hus (evt. med stald);1300;1399;Buildings;House (possibly with a stable)
1532;Moentfund;1200;1399;Indicators_of_economic_activity;Coin findings
1619;Brolaegning;1067;1299;Not categorized;Not categorized
1619;Risvej;1200;1399;Not categorized;Not categorized
169;Moentfund;750;1066;Indicators_of_economic_activity;Coin findings
422;Enkeltfund;1067;1299;Not categorized;Not categorized
491;Enkeltfund;750;1066;Not categorized;Not categorized
1333;Enkeltfund;1067;1299;Not categorized;Not categorized
1748;Enkeltfund;1067;1299;Not categorized;Not categorized
1554;Enkeltfund;750;1066;Not categorized;Not categorized
1554;Enkeltfund;1300;1450;Not categorized;Not categorized
772;Enkeltfund;750;1066;Not categorized;Not categorized
772;Enkeltfund;1067;1199;Not categorized;Not categorized
1391;Bygning;1067;1299;Not categorized;Not categorized
1391;Have;1067;1299;Buildings;Garden
3;Hus (evt. med stald);750;1066;Buildings;House (possibly with a stable)
3;Bygning;750;1066;Not categorized;Not categorized
3;Kulturlag;750;1066;Not categorized;Not categorized
3;Grubehus;750;1066;Buildings;Pit-house
3;Broend;750;1066;Buildings;Well
1325;Hus (evt. med stald);750;1066;Buildings;House (possibly with a stable)
1438;Vandmoelle;1300;1399;Indicators_of_economic_activity;Water mill
61;Kogegrube;1200;1399;Not categorized;Not categorized
1830;Moentfund;750;899;Indicators_of_economic_activity;Coin findings
1830;Moentfund;1300;1399;Indicators_of_economic_activity;Coin findings
1830;Enkeltfund;750;1066;Not categorized;Not categorized
1831;Enkeltfund;1067;1199;Not categorized;Not categorized
672;Hus (evt. med stald);750;1066;Buildings;House (possibly with a stable)
1090;Enkeltfund;1200;1299;Not categorized;Not categorized
1138;Bygning;750;1066;Not categorized;Not categorized
1138;Plankekiste;750;1066;Not categorized;Not categorized
1619;Kirke;1067;1299;Religious;Church
1619;Broend;1300;1399;Buildings;Well
1619;Enkeltfund;1067;1299;Not categorized;Not categorized
37;Enkeltfund;750;1066;Not categorized;Not categorized
37;Enkeltfund;1300;1399;Not categorized;Not categorized
194;Enkeltfund;750;1066;Not categorized;Not categorized
194;Enkeltfund;1067;1199;Not categorized;Not categorized
1836;Enkeltfund;1067;1199;Not categorized;Not categorized
1836;Enkeltfund;1200;1399;Not categorized;Not categorized
632;Enkeltfund;750;1066;Not categorized;Not categorized
632;Enkeltfund;1067;1299;Not categorized;Not categorized
727;Enkeltfund;1067;1299;Not categorized;Not categorized
732;Enkeltfund;750;1066;Not categorized;Not categorized
782;Enkeltfund;1400;1499;Not categorized;Not categorized
803;Enkeltfund;750;1066;Not categorized;Not categorized
803;Enkeltfund;1200;1399;Not categorized;Not categorized
790;Moentfund;1200;1299;Indicators_of_economic_activity;Coin findings
871;Broend;900;1066;Buildings;Well
1585;Affaldsgrube;1067;1299;Not categorized;Not categorized
1831;Enkeltfund;1067;1299;Not categorized;Not categorized
313;Bygning;900;1066;Not categorized;Not categorized
313;Kulturlag;1067;1299;Not categorized;Not categorized
313;Moentfund;1067;1299;Indicators_of_economic_activity;Coin findings
479;Hus (evt. med stald);1067;1199;Buildings;House (possibly with a stable)
479;Grubehus;1067;1199;Buildings;Pit-house
479;Metal;1067;1199;Indicators_of_economic_activity;Metal
479;Affaldsgrube;1067;1199;Not categorized;Not categorized
479;Enkeltfund;750;1066;Not categorized;Not categorized
479;Moentfund;750;899;Indicators_of_economic_activity;Coin findings
4;Moentfund;1067;1299;Indicators_of_economic_activity;Coin findings
732;Enkeltfund;1067;1299;Not categorized;Not categorized
1699;Enkeltfund;1067;1299;Not categorized;Not categorized
1569;Vej;1200;1299;Not categorized;Not categorized
1266;Enkeltfund;1200;1399;Not categorized;Not categorized
1494;Bygning;1067;1299;Not categorized;Not categorized
1494;Kaelderanlaeg;1300;1399;Not categorized;Not categorized
1494;Broend;1300;1399;Buildings;Well
1494;Bageovn;1300;1399;Indicators_of_economic_activity;Bakery oven
1494;Kulturlag;1300;1399;Not categorized;Not categorized
1619;Enkeltfund;1200;1399;Not categorized;Not categorized
NA;Bosaettelse, uspec undergruppe;750;1066;Buildings;Settlement, unspecified subgroup
NA;Metal;750;1066;Indicators_of_economic_activity;Metal
NA;Enkeltfund;1067;1199;Not categorized;Not categorized
1823;Moentfund;750;1066;Indicators_of_economic_activity;Coin findings
1823;Moentfund;1300;1399;Indicators_of_economic_activity;Coin findings
1831;Enkeltfund;750;1066;Not categorized;Not categorized
1074;Enkeltfund;1300;1399;Not categorized;Not categorized
1569;Broend;1067;1199;Buildings;Well
1569;Metal;1067;1199;Indicators_of_economic_activity;Metal
601;Kulturlag;1300;1399;Not categorized;Not categorized
1614;Kulturlag;1300;1399;Not categorized;Not categorized
1606;Kulturlag;1200;1399;Not categorized;Not categorized
1605;Enkeltfund;1067;1299;Not categorized;Not categorized
1605;Affaldsgrube;1200;1399;Not categorized;Not categorized
1605;Brolaegning;1200;1399;Not categorized;Not categorized
1605;Rettersted;1400;1499;State_formation;Execution site
1605;Brolaegning;1200;1399;Not categorized;Not categorized
465;Enkeltfund;750;1066;Not categorized;Not categorized
1771;Moentfund;1067;1199;Indicators_of_economic_activity;Coin findings
316;Hus (evt. med stald);1067;1299;Buildings;House (possibly with a stable)
316;Broend;1067;1299;Buildings;Well
316;Hus (evt. med stald);1200;1399;Buildings;House (possibly with a stable)
316;Moentfund;1200;1299;Indicators_of_economic_activity;Coin findings
42;Enkeltfund;1067;1299;Not categorized;Not categorized
208;Enkeltfund;750;1066;Not categorized;Not categorized
208;Enkeltfund;1067;1299;Not categorized;Not categorized
1600;Grubehus;750;1066;Buildings;Pit-house
1600;Bygning;750;1066;Not categorized;Not categorized
1600;Tekstil;750;1066;Indicators_of_economic_activity;Textile
672;Hus (evt. med stald);1067;1299;Buildings;House (possibly with a stable)
1624;Hospital;1200;1299;State_formation;Hospital
1624;Klosteranlaeg;1200;1299;Religious;Monastery complex
296;Kirke;1400;1499;Religious;Church
1729;Brolaegning;1300;1399;Not categorized;Not categorized
1729;Enkeltfund;1300;1399;Not categorized;Not categorized
1729;Moentfund;1300;1399;Indicators_of_economic_activity;Coin findings
1729;Brolaegning;1300;1399;Not categorized;Not categorized
1395;Hus (evt. med stald);750;1066;Buildings;House (possibly with a stable)
1395;Enkeltfund;750;1066;Not categorized;Not categorized
1390;Rundhoej;750;1066;Not categorized;Not categorized
1395;Hus (evt. med stald);750;1066;Buildings;House (possibly with a stable)
1395;Enkeltfund;1067;1299;Not categorized;Not categorized
NA;Kirke;1435;1500;Religious;Church
1626;Kirke;1400;1499;Religious;Church
1626;Kirkegaard;1400;1499;Not categorized;Not categorized
1626;Hospital;1400;1499;State_formation;Hospital
1626;Tingsted;1400;1499;State_formation;Thing (assembly site)
601;Oedekirkegaard;1400;1499;Not categorized;Not categorized
707;Kirke;1067;1199;Religious;Church
707;Kirkegaard;1067;1199;Not categorized;Not categorized
1639;Oedekirke;1067;1199;Not categorized;Not categorized
1382;Kulturlag;1067;1299;Not categorized;Not categorized
1632;Oedekirke;1067;1299;Not categorized;Not categorized
75;Hus (evt. med stald);750;899;Buildings;House (possibly with a stable)
661;Hus (evt. med stald);1200;1299;Buildings;House (possibly with a stable)
216;Moentfund;1200;1299;Indicators_of_economic_activity;Coin findings
216;Moentfund;1300;1399;Indicators_of_economic_activity;Coin findings
215;Moentfund;1200;1299;Indicators_of_economic_activity;Coin findings
8;Enkeltfund;1067;1199;Not categorized;Not categorized
1165;Bygning;1200;1399;Not categorized;Not categorized
315;Moentfund;750;1066;Indicators_of_economic_activity;Coin findings
275;Moentfund;1400;1499;Indicators_of_economic_activity;Coin findings
324;Moentfund;1300;1399;Indicators_of_economic_activity;Coin findings
119;Moentfund;1200;1399;Indicators_of_economic_activity;Coin findings
119;Enkeltfund;1067;1199;Not categorized;Not categorized
119;Enkeltfund;1200;1399;Not categorized;Not categorized
1773;Moentfund;1200;1399;Indicators_of_economic_activity;Coin findings
1773;Moentfund;1300;1399;Indicators_of_economic_activity;Coin findings
1773;Moentfund;1400;1499;Indicators_of_economic_activity;Coin findings
341;Moentfund;1300;1399;Indicators_of_economic_activity;Coin findings
341;Moentfund;750;1066;Indicators_of_economic_activity;Coin findings
1820;Enkeltfund;1067;1199;Not categorized;Not categorized
1831;Bosaettelse, uspec undergruppe;1067;1299;Buildings;Settlement, unspecified subgroup
1831;Moentfund;750;1066;Indicators_of_economic_activity;Coin findings
1015;Kirke;1067;1199;Religious;Church
1015;Kirkegaard;1067;1199;Not categorized;Not categorized
1643;Oedekirke;1200;1399;Not categorized;Not categorized
966;Kirke;1200;1399;Religious;Church
1695;Kirke;1200;1399;Religious;Church
1592;Keramik;1300;1399;Indicators_of_economic_activity;Pottery
832;Oedekirke;1100;1300;Not categorized;Not categorized
1564;Kirke;1067;1299;Religious;Church
1564;Kirkegaard;1067;1299;Not categorized;Not categorized
1156;Kirke;1067;1299;Religious;Church
1229;Kirke;1067;1299;Religious;Church
1217;Kirke;1200;1399;Religious;Church
1830;Moentfund;1400;1499;Indicators_of_economic_activity;Coin findings
1336;Oedekirke;1100;1469;Not categorized;Not categorized
1537;Kirkeinventar;1200;1299;Not categorized;Not categorized
1537;Moentfund;1200;1299;Indicators_of_economic_activity;Coin findings
1537;Moentfund;1200;1399;Indicators_of_economic_activity;Coin findings
1537;Oedekirke;1067;1500;Not categorized;Not categorized
1587;Moentfund;1400;1499;Indicators_of_economic_activity;Coin findings
1587;Depotfund;1400;1499;Distress;Hoard finds
1543;Oedekirke;1100;1500;Not categorized;Not categorized
1543;Oedekirkegaard;1100;1500;Not categorized;Not categorized
1263;Kirke;1067;1299;Religious;Church
1263;Kirke;1400;1499;Religious;Church
1280;Oedekirke;1100;1500;Not categorized;Not categorized
1406;Oedekirke;1100;1500;Not categorized;Not categorized
1406;Oedekirkegaard;1100;1500;Not categorized;Not categorized
1587;Moentfund;1067;1199;Indicators_of_economic_activity;Coin findings
1591;Enkeltfund;1200;1299;Not categorized;Not categorized
1408;Oedekirke;1100;1450;Not categorized;Not categorized
1408;Oedekirkegaard;1100;1450;Not categorized;Not categorized
626;Enkeltfund;750;1066;Not categorized;Not categorized
1275;Hus (evt. med stald);1200;1299;Buildings;House (possibly with a stable)
382;Affaldsgrube;1067;1299;Not categorized;Not categorized
255;Bygning;1200;1499;Not categorized;Not categorized
255;Bygning;1067;1499;Not categorized;Not categorized
894;Grus;1300;1399;Not categorized;Not categorized
1593;Moentfund;1400;1499;Indicators_of_economic_activity;Coin findings
33;Moentfund;1400;1499;Indicators_of_economic_activity;Coin findings
1790;Kulturlag;1300;1399;Not categorized;Not categorized
1196;Bygning;1067;1299;Not categorized;Not categorized
1690;Enkeltfund;1400;1499;Not categorized;Not categorized
1554;Enkeltfund;1067;1199;Not categorized;Not categorized
NA;Moentfund;1200;1399;Indicators_of_economic_activity;Coin findings
1790;Moentfund;1200;1299;Indicators_of_economic_activity;Coin findings
1790;Depotfund;1200;1299;Distress;Hoard finds
1790;Kirke;1067;1299;Religious;Church
1362;Enkeltfund;750;1066;Not categorized;Not categorized
1416;Moentfund;1300;1399;Indicators_of_economic_activity;Coin findings
59;Enkeltfund;750;1066;Not categorized;Not categorized
1773;Enkeltfund;1400;1499;Not categorized;Not categorized
1835;Enkeltfund;1300;1399;Not categorized;Not categorized
37;Moentfund;1200;1399;Indicators_of_economic_activity;Coin findings
1275;Hus (evt. med stald);1067;1199;Buildings;House (possibly with a stable)
1299;Affaldsgrube;1300;1399;Not categorized;Not categorized
1020;Jordfaestegrav;750;1066;Not categorized;Not categorized
1533;Bosaettelse, uspec undergruppe;1200;1399;Buildings;Settlement, unspecified subgroup
1381;Kulturlag;1067;1299;Not categorized;Not categorized
1381;Kulturlag;1200;1399;Not categorized;Not categorized
1388;Bygning;1067;1299;Not categorized;Not categorized
1388;Gadekaer;1067;1299;Not categorized;Not categorized
1483;Hus (evt. med stald);1300;1399;Buildings;House (possibly with a stable)
1483;Broend;1200;1399;Buildings;Well
1706;Bosaettelse, uspec undergruppe;750;1066;Buildings;Settlement, unspecified subgroup
1706;Metal;750;1066;Indicators_of_economic_activity;Metal
1706;Handel;750;1066;Indicators_of_economic_activity;Trade
1706;Vej;750;1066;Not categorized;Not categorized
1706;Enkeltfund;750;1066;Not categorized;Not categorized
1706;Glas;750;1066;Indicators_of_economic_activity;Glas
1706;Grubehus;750;1066;Buildings;Pit-house
1706;Hus (evt. med stald);750;1066;Buildings;House (possibly with a stable)
1706;Hegn/gaerde;750;1066;Buildings;Hedge/fence
1706;Grubehus;750;1066;Buildings;Pit-house
1706;Grube (uspecificeret funktion);750;1066;Not categorized;Not categorized
1748;Moentfund;1300;1399;Indicators_of_economic_activity;Coin findings
1569;Dyrkningsspor;750;1066;Not categorized;Not categorized
1569;Kulturlag;1200;1399;Not categorized;Not categorized
1129;Hus (evt. med stald);750;1066;Buildings;House (possibly with a stable)
712;Enkeltfund;1067;1199;Not categorized;Not categorized
712;Moentfund;1200;1399;Indicators_of_economic_activity;Coin findings
761;Moentfund;1300;1399;Indicators_of_economic_activity;Coin findings
837;Bygning;750;1066;Not categorized;Not categorized
183;Bosaettelse, uspec undergruppe;1067;1299;Buildings;Settlement, unspecified subgroup
260;Moentfund;1200;1399;Indicators_of_economic_activity;Coin findings
245;Klosteranlaeg;1067;1199;Religious;Monastery complex
296;Klosteranlaeg;1400;1499;Religious;Monastery complex
296;Kirke;1400;1499;Religious;Church
1367;Gaard;900;1066;Buildings;Farmstead
1049;Bosaettelse, uspec undergruppe;1067;1299;Buildings;Settlement, unspecified subgroup
1572;Hjulspor;1067;1299;Not categorized;Not categorized
1572;Groeft (afvanding);1067;1299;Not categorized;Not categorized
766;Enkeltfund;1300;1399;Not categorized;Not categorized
772;Enkeltfund;1200;1299;Not categorized;Not categorized
1293;Enkeltfund;750;1066;Not categorized;Not categorized
1293;Enkeltfund;1067;1299;Not categorized;Not categorized
1304;Bosaettelse, uspec undergruppe;1067;1299;Buildings;Settlement, unspecified subgroup
1843;Affaldsgrube;1300;1399;Not categorized;Not categorized
NA;Hus (evt. med stald);750;1066;Buildings;House (possibly with a stable)
NA;Grubehus;750;1066;Buildings;Pit-house
NA;Tekstil;750;1066;Indicators_of_economic_activity;Textile
NA;Grubehus;750;1066;Buildings;Pit-house
58;Affaldsgrube;750;1066;Not categorized;Not categorized
29;Moentfund;1200;1499;Indicators_of_economic_activity;Coin findings
413;Enkeltfund;750;1066;Not categorized;Not categorized
413;Landingsplads;750;1066;Not categorized;Not categorized
NA;Kulturlag;750;1066;Not categorized;Not categorized
1437;Bygning;1200;1399;Not categorized;Not categorized
1437;Enkeltfund;1067;1299;Not categorized;Not categorized
1381;Bosaettelse, uspec undergruppe;1067;1299;Buildings;Settlement, unspecified subgroup
1381;Enkeltfund;750;1066;Not categorized;Not categorized
490;Affaldsgrube;750;1066;Not categorized;Not categorized
490;Kulturlag;750;1066;Not categorized;Not categorized
43;Enkeltfund;750;1066;Not categorized;Not categorized
67;Enkeltfund;750;1066;Not categorized;Not categorized
1619;Kulturlag;1200;1299;Not categorized;Not categorized
1619;Kulturlag;1300;1399;Not categorized;Not categorized
1619;Affaldsgrube;1067;1199;Not categorized;Not categorized
1619;Affaldsgrube;1200;1299;Not categorized;Not categorized
1208;Metal;1067;1299;Indicators_of_economic_activity;Metal
947;Moentfund;1300;1399;Indicators_of_economic_activity;Coin findings
1698;Hus (evt. med stald);750;899;Buildings;House (possibly with a stable)
1698;Grubehus;750;899;Buildings;Pit-house
1698;Brandgrav (uspecificeret type);750;899;Not categorized;Not categorized
1698;Bosaettelse, uspec undergruppe;750;899;Buildings;Settlement, unspecified subgroup
1033;Kogegrube;750;1066;Not categorized;Not categorized
1088;Enkeltfund;750;1066;Not categorized;Not categorized
1661;Enkeltfund;1067;1299;Not categorized;Not categorized
894;Groeft (afvanding);1067;1299;Not categorized;Not categorized
1779;Affaldsgrube;1300;1399;Not categorized;Not categorized
1150;Jordfaestegrav;900;1066;Not categorized;Not categorized
1150;Vogndel;900;1066;Not categorized;Not categorized
907;Kirke;1400;1499;Religious;Church
806;Hus (evt. med stald);750;1066;Buildings;House (possibly with a stable)
1433;Gaard;1067;1299;Buildings;Farmstead
1382;Kulturlag;750;1066;Not categorized;Not categorized
1382;Hus (evt. med stald);750;1066;Buildings;House (possibly with a stable)
331;Enkeltfund;1200;1299;Not categorized;Not categorized
338;Hus (evt. med stald);750;1066;Buildings;House (possibly with a stable)
1551;Moentfund;1067;1299;Indicators_of_economic_activity;Coin findings
228;Enkeltfund;750;1066;Not categorized;Not categorized
1747;Affaldsgrube;1067;1299;Not categorized;Not categorized
1673;Hegn/gaerde;750;1066;Buildings;Hedge/fence
1541;Bosaettelse, uspec undergruppe;750;1066;Buildings;Settlement, unspecified subgroup
809;Enkeltfund;1067;1199;Not categorized;Not categorized
1356;Hus (evt. med stald);750;1066;Buildings;House (possibly with a stable)
1356;Grubehus;750;1066;Buildings;Pit-house
1356;Tekstil;750;1066;Indicators_of_economic_activity;Textile
1356;Grubehus;750;1066;Buildings;Pit-house
1292;Bygning;1200;1399;Not categorized;Not categorized
664;Hus (evt. med stald);1067;1299;Buildings;House (possibly with a stable)
664;Groeft (afvanding);1067;1299;Not categorized;Not categorized
NA;Klosteranlaeg;1400;1499;Religious;Monastery complex
1018;Hus (evt. med stald);1400;1499;Buildings;House (possibly with a stable)
1045;Gaard;850;1050;Buildings;Farmstead
1045;Kulturlag;850;1050;Not categorized;Not categorized
1045;Broend;850;1050;Buildings;Well
1843;Enkeltfund;1067;1199;Not categorized;Not categorized
68;Kulturlag;1300;1399;Not categorized;Not categorized
68;Affaldsgrube;1300;1399;Not categorized;Not categorized
68;Moentfund;1300;1399;Indicators_of_economic_activity;Coin findings
68;Hus (evt. med stald);1200;1399;Buildings;House (possibly with a stable)
1249;Grubehus;750;1066;Buildings;Pit-house
1667;Bosaettelse, uspec undergruppe;1067;1299;Buildings;Settlement, unspecified subgroup
841;Bosaettelse, uspec undergruppe;1200;1399;Buildings;Settlement, unspecified subgroup
841;Kapel;1067;1299;Religious;Chapel
677;Hus (evt. med stald);750;1066;Buildings;House (possibly with a stable)
677;Hus (evt. med stald);1067;1299;Buildings;House (possibly with a stable)
661;Moentfund;1200;1499;Indicators_of_economic_activity;Coin findings
26;Moentfund;1400;1499;Indicators_of_economic_activity;Coin findings
252;Enkeltfund;1067;1199;Not categorized;Not categorized
1624;Moentfund;1400;1499;Indicators_of_economic_activity;Coin findings
688;Moentfund;750;1066;Indicators_of_economic_activity;Coin findings
510;Moentfund;900;1066;Indicators_of_economic_activity;Coin findings
1202;Hus (evt. med stald);750;1066;Buildings;House (possibly with a stable)
1307;Hus (evt. med stald);750;1066;Buildings;House (possibly with a stable)
120;Groeft (afvanding);1067;1299;Not categorized;Not categorized
894;Borg/Voldsted;1313;1500;Defensive;Castle/motte-and-bailey
894;Kulturlag;1067;1299;Not categorized;Not categorized
894;Herregaardsanlaeg/Slot;1067;1299;Not categorized;Not categorized
531;Hus (evt. med stald);750;1066;Buildings;House (possibly with a stable)
531;Jordfaestegrav;750;1066;Not categorized;Not categorized
531;Bosaettelse, uspec undergruppe;750;1066;Buildings;Settlement, unspecified subgroup
NA;Enkeltfund;750;1066;Not categorized;Not categorized
1569;Kulturlag;1200;1299;Not categorized;Not categorized
1692;Runesten;750;1066;Not categorized;Not categorized
1688;Borg/Voldsted;1067;1500;Defensive;Castle/motte-and-bailey
1551;Bygning;1200;1299;Not categorized;Not categorized
1373;Hus (evt. med stald);1100;1400;Buildings;House (possibly with a stable)
21;Enkeltfund;750;1066;Not categorized;Not categorized
122;Enkeltfund;750;1066;Not categorized;Not categorized
871;Enkeltfund;1067;1199;Not categorized;Not categorized
1758;Sekundaer subsistens/produktion, uspec undergruppe;1200;1399;Not categorized;Not categorized
1606;Havn;1400;1499;Not categorized;Not categorized
1606;Enkeltfund;1200;1299;Not categorized;Not categorized
69;Hus (evt. med stald);750;899;Buildings;House (possibly with a stable)
521;Enkeltfund;1067;1299;Not categorized;Not categorized
713;Enkeltfund;1200;1399;Not categorized;Not categorized
194;Enkeltfund;1067;1199;Not categorized;Not categorized
1750;Enkeltfund;750;899;Not categorized;Not categorized
1619;Affaldsgrube;1067;1299;Not categorized;Not categorized
1619;Hus (evt. med stald);750;1066;Buildings;House (possibly with a stable)
1614;Broend;1100;1299;Buildings;Well
1614;Enkeltfund;1400;1499;Not categorized;Not categorized
1619;Enkeltfund;1067;1299;Not categorized;Not categorized
1621;Hus (evt. med stald);1067;1299;Buildings;House (possibly with a stable)
320;Moentfund;1300;1399;Indicators_of_economic_activity;Coin findings
320;Moentfund;1300;1399;Indicators_of_economic_activity;Coin findings
534;Gaard;1200;1399;Buildings;Farmstead
1642;Gaard;1300;1499;Buildings;Farmstead
1176;Gaard;1067;1299;Buildings;Farmstead
1638;Moentfund;1420;1440;Indicators_of_economic_activity;Coin findings
947;Moentfund;1300;1399;Indicators_of_economic_activity;Coin findings
11;Grubehus;750;1066;Buildings;Pit-house
1835;Affaldsgrube;1067;1299;Not categorized;Not categorized
668;Bosaettelse, uspec undergruppe;1067;1299;Buildings;Settlement, unspecified subgroup
949;Enkeltfund;750;1066;Not categorized;Not categorized
1495;Hus (evt. med stald);900;1066;Buildings;House (possibly with a stable)
1495;Bygning;1067;1299;Not categorized;Not categorized
1491;Vandmoelle;1067;1299;Indicators_of_economic_activity;Water mill
894;Affaldsgrube;1200;1299;Not categorized;Not categorized
1599;Enkeltfund;750;1066;Not categorized;Not categorized
1624;Kulturlag;1067;1299;Not categorized;Not categorized
1247;Enkeltfund;1300;1399;Not categorized;Not categorized
1583;Moentfund;750;1066;Indicators_of_economic_activity;Coin findings
1704;Enkeltfund;1067;1199;Not categorized;Not categorized
1704;Moentfund;750;1066;Indicators_of_economic_activity;Coin findings
485;Grubehus;750;1066;Buildings;Pit-house
1504;Gaard;1200;1299;Buildings;Farmstead
750;Grus;1200;1399;Not categorized;Not categorized
750;Grube (uspecificeret funktion);1200;1399;Not categorized;Not categorized
1356;Moentfund;811;812;Indicators_of_economic_activity;Coin findings
1605;Enkeltfund;1400;1499;Not categorized;Not categorized
467;Hus (evt. med stald);1067;1299;Buildings;House (possibly with a stable)
467;Hus (evt. med stald);750;1066;Buildings;House (possibly with a stable)
1637;Moentfund;1200;1299;Indicators_of_economic_activity;Coin findings
1650;Hus (evt. med stald);1067;1299;Buildings;House (possibly with a stable)
1650;Gaard;1067;1299;Buildings;Farmstead
94;Hus (evt. med stald);750;899;Buildings;House (possibly with a stable)
91;Hus (evt. med stald);750;1066;Buildings;House (possibly with a stable)
NA;Hus (evt. med stald);1200;1399;Buildings;House (possibly with a stable)
NA;Broend;1200;1399;Buildings;Well
NA;Hus (evt. med stald);1200;1399;Buildings;House (possibly with a stable)
NA;Affaldsgrube;1200;1399;Not categorized;Not categorized
NA;Hus (evt. med stald);1200;1399;Buildings;House (possibly with a stable)
342;Moentfund;1200;1399;Indicators_of_economic_activity;Coin findings
342;Enkeltfund;750;1066;Not categorized;Not categorized
342;Enkeltfund;1067;1499;Not categorized;Not categorized
344;Moentfund;1067;1299;Indicators_of_economic_activity;Coin findings
344;Enkeltfund;900;1066;Not categorized;Not categorized
347;Moentfund;750;1066;Indicators_of_economic_activity;Coin findings
336;Moentfund;750;1066;Indicators_of_economic_activity;Coin findings
338;Moentfund;1300;1399;Indicators_of_economic_activity;Coin findings
1801;Moentfund;1200;1399;Indicators_of_economic_activity;Coin findings
1801;Bosaettelse, uspec undergruppe;1067;1299;Buildings;Settlement, unspecified subgroup
1801;Sekundaer subsistens/produktion, uspec undergruppe;1067;1299;Not categorized;Not categorized
455;Enkeltfund;750;899;Not categorized;Not categorized
338;Moentfund;750;1066;Indicators_of_economic_activity;Coin findings
347;Enkeltfund;750;1066;Not categorized;Not categorized
347;Moentfund;750;1066;Indicators_of_economic_activity;Coin findings
347;Enkeltfund;1067;1299;Not categorized;Not categorized
297;Moentfund;1400;1499;Indicators_of_economic_activity;Coin findings
297;Moentfund;1400;1499;Indicators_of_economic_activity;Coin findings
1299;Kulturlag;1200;1299;Not categorized;Not categorized
1381;Plankevej;1067;1299;Not categorized;Not categorized
1381;Hjulspor;1067;1199;Not categorized;Not categorized
1381;Risvej;1067;1199;Not categorized;Not categorized
894;Grubehus;900;1066;Buildings;Pit-house
1569;Kulturlag;1300;1499;Not categorized;Not categorized
1102;Enkeltfund;1300;1399;Not categorized;Not categorized
1102;Kulturlag;1300;1399;Not categorized;Not categorized
1657;Moentfund;1067;1299;Indicators_of_economic_activity;Coin findings
NA;Skibsbro;1300;1399;Not categorized;Not categorized
NA;Grubehus;750;1066;Buildings;Pit-house
1529;Bageovn;1200;1400;Indicators_of_economic_activity;Bakery oven
1529;Hus (evt. med stald);1067;1199;Buildings;House (possibly with a stable)
1601;Bygning;1067;1299;Not categorized;Not categorized
1247;Enkeltfund;750;1066;Not categorized;Not categorized
216;Broend;1067;1299;Buildings;Well
216;Affaldsgrube;1067;1299;Not categorized;Not categorized
22;Depotfund;750;899;Distress;Hoard finds
1619;Affaldsgrube;1067;1299;Not categorized;Not categorized
1730;Enkeltfund;1300;1399;Not categorized;Not categorized
724;Enkeltfund;750;1066;Not categorized;Not categorized
732;Enkeltfund;750;1066;Not categorized;Not categorized
320;Moentfund;1400;1499;Indicators_of_economic_activity;Coin findings
329;Moentfund;1200;1399;Indicators_of_economic_activity;Coin findings
329;Moentfund;1067;1399;Indicators_of_economic_activity;Coin findings
1125;Jordfaestegrav;750;1066;Not categorized;Not categorized
81;Moentfund;750;1066;Indicators_of_economic_activity;Coin findings
1699;Enkeltfund;750;1066;Not categorized;Not categorized
1509;Kulturlag;1067;1299;Not categorized;Not categorized
205;Enkeltfund;750;1066;Not categorized;Not categorized
53;Enkeltfund;900;1066;Not categorized;Not categorized
53;Vindmoelle;1067;1299;Indicators_of_economic_activity;Windmill
340;Moentfund;750;1066;Indicators_of_economic_activity;Coin findings
344;Moentfund;1300;1399;Indicators_of_economic_activity;Coin findings
344;Enkeltfund;750;1066;Not categorized;Not categorized
344;Moentfund;750;1066;Indicators_of_economic_activity;Coin findings
347;Moentfund;750;1066;Indicators_of_economic_activity;Coin findings
491;Enkeltfund;1200;1399;Not categorized;Not categorized
789;Enkeltfund;750;1066;Not categorized;Not categorized
789;Enkeltfund;1067;1199;Not categorized;Not categorized
789;Moentfund;1200;1499;Indicators_of_economic_activity;Coin findings
789;Moentfund;1200;1499;Indicators_of_economic_activity;Coin findings
789;Moentfund;1200;1499;Indicators_of_economic_activity;Coin findings
171;Moentfund;1200;1399;Indicators_of_economic_activity;Coin findings
171;Moentfund;1300;1399;Indicators_of_economic_activity;Coin findings
171;Moentfund;750;1066;Indicators_of_economic_activity;Coin findings
171;Enkeltfund;750;1066;Not categorized;Not categorized
184;Moentfund;1300;1399;Indicators_of_economic_activity;Coin findings
1836;Enkeltfund;750;1066;Not categorized;Not categorized
1836;Moentfund;750;899;Indicators_of_economic_activity;Coin findings
182;Moentfund;1300;1399;Indicators_of_economic_activity;Coin findings
208;Moentfund;750;1066;Indicators_of_economic_activity;Coin findings
1397;Gaard;1200;1399;Buildings;Farmstead
55;Hus (evt. med stald);750;1066;Buildings;House (possibly with a stable)
1758;Enkeltfund;750;1066;Not categorized;Not categorized
1758;Enkeltfund;1067;1299;Not categorized;Not categorized
1758;Moentfund;1200;1399;Indicators_of_economic_activity;Coin findings
1758;Moentfund;750;1066;Indicators_of_economic_activity;Coin findings
496;Hus (evt. med stald);750;1066;Buildings;House (possibly with a stable)
496;Hus (evt. med stald);1067;1299;Buildings;House (possibly with a stable)
1698;Enkeltfund;1400;1499;Not categorized;Not categorized
1466;Moentfund;750;1066;Indicators_of_economic_activity;Coin findings
190;Enkeltfund;1067;1299;Not categorized;Not categorized
1801;Enkeltfund;750;1066;Not categorized;Not categorized
1801;Enkeltfund;1067;1299;Not categorized;Not categorized
216;Hus (evt. med stald);1067;1199;Buildings;House (possibly with a stable)
216;Affaldsgrube;1067;1299;Not categorized;Not categorized
216;Kulturlag;1067;1299;Not categorized;Not categorized
279;Enkeltfund;1200;1299;Not categorized;Not categorized
NA;Broend;1300;1399;Buildings;Well
NA;Hus (evt. med stald);1300;1399;Buildings;House (possibly with a stable)
1538;Broend;750;1066;Buildings;Well
894;Kulturlag;1300;1399;Not categorized;Not categorized
1564;Enkeltfund;750;1066;Not categorized;Not categorized
1125;Kirke;1067;1299;Religious;Church
1125;Kirkegaard;1067;1299;Not categorized;Not categorized
1125;Oedekirke;1100;1500;Not categorized;Not categorized
1456;Hus (evt. med stald);1200;1299;Buildings;House (possibly with a stable)
1394;Bosaettelse, uspec undergruppe;750;1066;Buildings;Settlement, unspecified subgroup
41;Enkeltfund;750;1066;Not categorized;Not categorized
41;Gaard;1067;1299;Buildings;Farmstead
541;Bygning;1067;1299;Not categorized;Not categorized
541;Bosaettelse, uspec undergruppe;1067;1299;Buildings;Settlement, unspecified subgroup
541;Hegn/gaerde;1067;1299;Buildings;Hedge/fence
1634;Kulturlag;1300;1499;Not categorized;Not categorized
974;Bygning;1067;1299;Not categorized;Not categorized
73;Brandgrav (uspecificeret type);750;1066;Not categorized;Not categorized
153;Enkeltfund;750;1066;Not categorized;Not categorized
222;Bosaettelse, uspec undergruppe;1067;1299;Buildings;Settlement, unspecified subgroup
222;Grube (uspecificeret funktion);1067;1299;Not categorized;Not categorized
222;Stolpehul m. uvis funktion;1067;1299;Buildings;Posthole with unknown function
338;Moentfund;900;1066;Indicators_of_economic_activity;Coin findings
338;Hus (evt. med stald);750;1066;Buildings;House (possibly with a stable)
541;Klosteranlaeg;1400;1499;Religious;Monastery complex
939;Hus (evt. med stald);1067;1299;Buildings;House (possibly with a stable)
939;Bosaettelse, uspec undergruppe;750;1066;Buildings;Settlement, unspecified subgroup
1429;Runesten;750;899;Not categorized;Not categorized
601;Vrag;1067;1299;Not categorized;Not categorized
365;Moentfund;750;899;Indicators_of_economic_activity;Coin findings
1166;Brandgrav (uspecificeret type);750;1066;Not categorized;Not categorized
1166;Jordfaestegrav;750;1066;Not categorized;Not categorized
1166;Kammergrav;750;1066;Not categorized;Not categorized
1166;Skibssaetning;750;1066;Not categorized;Not categorized
1228;Bosaettelse, uspec undergruppe;1067;1199;Buildings;Settlement, unspecified subgroup
1228;Hus (evt. med stald);1067;1199;Buildings;House (possibly with a stable)
1228;Affaldsgrube;1067;1199;Not categorized;Not categorized
1228;Ildsted;1067;1199;Not categorized;Not categorized
1228;Groeft (skel);1067;1199;Buildings;Ditch (boundary)
1546;Hus (evt. med stald);1067;1299;Buildings;House (possibly with a stable)
1546;Groeft (afvanding);1067;1299;Not categorized;Not categorized
1546;Bosaettelse, uspec undergruppe;1067;1299;Buildings;Settlement, unspecified subgroup
1546;Broend;1067;1299;Buildings;Well
1509;Hus (evt. med stald);1067;1299;Buildings;House (possibly with a stable)
1723;Affaldsgrube;1067;1299;Not categorized;Not categorized
1723;Stenlaegning/Stensamling;1100;1350;Not categorized;Not categorized
1648;Moentfund;1200;1499;Indicators_of_economic_activity;Coin findings
1648;Moentfund;1200;1399;Indicators_of_economic_activity;Coin findings
4;Bosaettelse, uspec undergruppe;1067;1299;Buildings;Settlement, unspecified subgroup
1398;Hus (evt. med stald);750;1066;Buildings;House (possibly with a stable)
1422;Enkeltfund;750;1066;Not categorized;Not categorized
1423;Broend;750;899;Buildings;Well
456;Enkeltfund;750;1066;Not categorized;Not categorized
548;Enkeltfund;750;1066;Not categorized;Not categorized
948;Moentfund;1400;1499;Indicators_of_economic_activity;Coin findings
1119;Hulvej;1200;1299;Not categorized;Not categorized
883;Kirke;1200;1299;Religious;Church
347;Enkeltfund;750;1066;Not categorized;Not categorized
1217;Bro;900;1066;Not categorized;Not categorized
1521;Hus (evt. med stald);750;1066;Buildings;House (possibly with a stable)
1521;Bosaettelse, uspec undergruppe;1067;1299;Buildings;Settlement, unspecified subgroup
82;Moentfund;750;1066;Indicators_of_economic_activity;Coin findings
1773;Affaldsgrube;1200;1399;Not categorized;Not categorized
125;Bosaettelse, uspec undergruppe;1067;1299;Buildings;Settlement, unspecified subgroup
194;Hus (evt. med stald);1200;1299;Buildings;House (possibly with a stable)
194;Broend;1200;1299;Buildings;Well
1138;Hus (evt. med stald);1067;1299;Buildings;House (possibly with a stable)
1708;Hus (evt. med stald);750;1066;Buildings;House (possibly with a stable)
1708;Grubehus;750;1066;Buildings;Pit-house
1708;Jern;900;1066;Indicators_of_economic_activity;Iron
488;Enkeltfund;750;1066;Not categorized;Not categorized
404;Affaldsgrube;1067;1299;Not categorized;Not categorized
707;Enkeltfund;1067;1299;Not categorized;Not categorized
707;Moentfund;1067;1299;Indicators_of_economic_activity;Coin findings
865;Grubehus;750;1066;Buildings;Pit-house
865;Affaldsgrube;750;1066;Not categorized;Not categorized
11;Brandgrav (uspecificeret type);750;1066;Not categorized;Not categorized
1619;Grubehus;1067;1299;Buildings;Pit-house
1619;Affaldsgrube;1067;1299;Not categorized;Not categorized
216;Brolaegning;1200;1299;Not categorized;Not categorized
216;Kulturlag;1067;1299;Not categorized;Not categorized
216;Vej;1067;1299;Not categorized;Not categorized
216;Ben/Horn;1067;1299;Not categorized;Not categorized
216;Laeder/skind;1067;1299;Not categorized;Not categorized
673;Moentfund;1300;1399;Indicators_of_economic_activity;Coin findings
673;Moentfund;1200;1299;Indicators_of_economic_activity;Coin findings
688;Enkeltfund;750;1066;Not categorized;Not categorized
688;Enkeltfund;750;1066;Not categorized;Not categorized
688;Enkeltfund;750;1066;Not categorized;Not categorized
NA;Enkeltfund;750;1066;Not categorized;Not categorized
1614;Havn;1400;1499;Not categorized;Not categorized
1614;Kulturlag;750;1066;Not categorized;Not categorized
1614;Havn;1300;1399;Not categorized;Not categorized
1374;Hus (evt. med stald);1067;1199;Buildings;House (possibly with a stable)
939;Depotfund;900;1066;Distress;Hoard finds
1162;Bygning;1067;1299;Not categorized;Not categorized
464;Ildsted;1067;1299;Not categorized;Not categorized
773;Moentfund;1400;1499;Indicators_of_economic_activity;Coin findings
773;Enkeltfund;1420;1440;Not categorized;Not categorized
1382;Plankevej;1067;1299;Not categorized;Not categorized
1619;Bolvaerk;1067;1299;Not categorized;Not categorized
1619;Kulturlag;1067;1299;Not categorized;Not categorized
1382;Plankevej;1067;1299;Not categorized;Not categorized
1382;Plankevej;1100;1275;Not categorized;Not categorized
1382;Brolaegning;1300;1399;Not categorized;Not categorized
1382;Broend;1300;1399;Buildings;Well
1382;Brolaegning;1067;1199;Not categorized;Not categorized
1382;Risvej;1067;1199;Not categorized;Not categorized
1382;Plankevej;1067;1299;Not categorized;Not categorized
1577;Enkeltfund;750;1066;Not categorized;Not categorized
712;Enkeltfund;1200;1399;Not categorized;Not categorized
1194;Hus (evt. med stald);750;1066;Buildings;House (possibly with a stable)
1194;Hus (evt. med stald);750;1066;Buildings;House (possibly with a stable)
1194;Hus (evt. med stald);1067;1199;Buildings;House (possibly with a stable)
1194;Hus (evt. med stald);1200;1299;Buildings;House (possibly with a stable)
1194;Vaerksted;1200;1299;Not categorized;Not categorized
570;Enkeltfund;750;1066;Not categorized;Not categorized
570;Votivfund;750;1066;Not categorized;Not categorized
288;Moentfund;1400;1499;Indicators_of_economic_activity;Coin findings
1182;Grubehus;750;1066;Buildings;Pit-house
649;Hus (evt. med stald);750;1066;Buildings;House (possibly with a stable)
649;Kulturlag;750;1066;Not categorized;Not categorized
649;Hus (evt. med stald);1067;1199;Buildings;House (possibly with a stable)
649;Kulturlag;1067;1199;Not categorized;Not categorized
780;Enkeltfund;750;1066;Not categorized;Not categorized
1628;Vej;1200;1299;Not categorized;Not categorized
1537;Bosaettelse, uspec undergruppe;750;1066;Buildings;Settlement, unspecified subgroup
1537;Bosaettelse, uspec undergruppe;1067;1299;Buildings;Settlement, unspecified subgroup
1816;Affaldsgrube;1067;1299;Not categorized;Not categorized
500;Borg/Voldsted;1067;1299;Defensive;Castle/motte-and-bailey
500;Stenlaegning/Stensamling;1067;1299;Not categorized;Not categorized
1742;Borg/Voldsted;1200;1399;Defensive;Castle/motte-and-bailey
1741;Enkeltfund;1067;1299;Not categorized;Not categorized
1741;Borg/Voldsted;1067;1299;Defensive;Castle/motte-and-bailey
1619;Enkeltfund;750;1066;Not categorized;Not categorized
184;Enkeltfund;750;1066;Not categorized;Not categorized
216;Kulturlag;1200;1299;Not categorized;Not categorized
216;Ben/Horn;1200;1299;Not categorized;Not categorized
1450;Hus (evt. med stald);1067;1299;Buildings;House (possibly with a stable)
1450;Broend;1200;1399;Buildings;Well
1510;Jern;1067;1299;Indicators_of_economic_activity;Iron
1748;Enkeltfund;900;1066;Not categorized;Not categorized
1717;Kulturlag;1300;1399;Not categorized;Not categorized
1717;Kulturlag;1400;1499;Not categorized;Not categorized
193;Moentfund;1300;1399;Indicators_of_economic_activity;Coin findings
193;Moentfund;1300;1399;Indicators_of_economic_activity;Coin findings
57;Enkeltfund;1200;1399;Not categorized;Not categorized
1838;Hus (evt. med stald);1067;1299;Buildings;House (possibly with a stable)
1630;Enkeltfund;750;1066;Not categorized;Not categorized
577;Stensaetning;750;1066;Not categorized;Not categorized
57;Enkeltfund;1067;1299;Not categorized;Not categorized
57;Enkeltfund;900;1066;Not categorized;Not categorized
102;Affaldsgrube;1200;1399;Not categorized;Not categorized
894;Bosaettelse, uspec undergruppe;750;1066;Buildings;Settlement, unspecified subgroup
894;Hus (evt. med stald);750;1066;Buildings;House (possibly with a stable)
894;Hegn/gaerde;750;1066;Buildings;Hedge/fence
1822;Bosaettelse, uspec undergruppe;750;1066;Buildings;Settlement, unspecified subgroup
1822;Affaldsgrube;1067;1299;Not categorized;Not categorized
1822;Ovnanlaeg (uspecificeret);1067;1299;Indicators_of_economic_activity;Furnace (unspecified)
1822;Groeft (afvanding);1067;1299;Not categorized;Not categorized
1750;Bosaettelse, uspec undergruppe;750;1066;Buildings;Settlement, unspecified subgroup
652;Hus (evt. med stald);1300;1399;Buildings;House (possibly with a stable)
841;Begravelsesplads;750;899;Not categorized;Not categorized
841;Jordfaestegrav;750;899;Not categorized;Not categorized
841;Jordfaestegrav;750;899;Not categorized;Not categorized
841;Jordfaestegrav;750;899;Not categorized;Not categorized
1569;Bygning;750;1066;Not categorized;Not categorized
1569;Grube (uspecificeret funktion);800;850;Not categorized;Not categorized
1569;Grubehus;850;900;Buildings;Pit-house
1569;Hus (evt. med stald);850;934;Buildings;House (possibly with a stable)
1569;Broend;1067;1299;Buildings;Well
432;Enkeltfund;1067;1199;Not categorized;Not categorized
1383;Vandmoelle;1067;1299;Indicators_of_economic_activity;Water mill
473;Depotfund;1067;1299;Distress;Hoard finds
48;Groeft (skel);1067;1499;Buildings;Ditch (boundary)
90;Diverse anlaeg og genstande, uspec undergruppe;1067;1199;Not categorized;Not categorized
1551;Bygning;1200;1500;Not categorized;Not categorized
206;Moentfund;1067;1199;Indicators_of_economic_activity;Coin findings
382;Enkeltfund;1200;1399;Not categorized;Not categorized
485;Grubehus;750;1066;Buildings;Pit-house
485;Bosaettelse, uspec undergruppe;750;1066;Buildings;Settlement, unspecified subgroup
371;Enkeltfund;1200;1399;Not categorized;Not categorized
1822;Enkeltfund;750;1066;Not categorized;Not categorized
NA;Enkeltfund;750;1066;Not categorized;Not categorized
1823;Moentfund;750;1066;Indicators_of_economic_activity;Coin findings
381;Moentfund;1200;1399;Indicators_of_economic_activity;Coin findings
381;Enkeltfund;1200;1399;Not categorized;Not categorized
1814;Moentfund;1200;1399;Indicators_of_economic_activity;Coin findings
1202;Bosaettelse, uspec undergruppe;1067;1299;Buildings;Settlement, unspecified subgroup
1672;Kulturlag;750;1066;Not categorized;Not categorized
1672;Dyrkningsspor;750;1066;Not categorized;Not categorized
1183;Hus (evt. med stald);750;1066;Buildings;House (possibly with a stable)
208;Enkeltfund;750;1066;Not categorized;Not categorized
1619;Befaestning;1067;1299;Defensive;Fortification
210;Enkeltfund;900;1066;Not categorized;Not categorized
1836;Enkeltfund;750;1066;Not categorized;Not categorized
1836;Enkeltfund;1067;1299;Not categorized;Not categorized
123;Moentfund;1200;1399;Indicators_of_economic_activity;Coin findings
1836;Moentfund;1200;1399;Indicators_of_economic_activity;Coin findings
1374;Bosaettelse, uspec undergruppe;750;1066;Buildings;Settlement, unspecified subgroup
1374;Hus (evt. med stald);750;950;Buildings;House (possibly with a stable)
1374;Grubehus;750;950;Buildings;Pit-house
1374;Moentfund;800;800;Indicators_of_economic_activity;Coin findings
33;Moentfund;1300;1399;Indicators_of_economic_activity;Coin findings
1266;Bosaettelse, uspec undergruppe;750;1066;Buildings;Settlement, unspecified subgroup
309;Bosaettelse, uspec undergruppe;1067;1299;Buildings;Settlement, unspecified subgroup
309;Groeft (afvanding);1067;1299;Not categorized;Not categorized
277;Moentfund;1300;1399;Indicators_of_economic_activity;Coin findings
494;Hus (evt. med stald);1200;1400;Buildings;House (possibly with a stable)
542;Affaldsgrube;1200;1499;Not categorized;Not categorized
344;Enkeltfund;1067;1199;Not categorized;Not categorized
336;Enkeltfund;1067;1199;Not categorized;Not categorized
1435;Marksystem;1300;1399;Not categorized;Not categorized
1404;Hus (evt. med stald);1067;1299;Buildings;House (possibly with a stable)
1572;Enkeltfund;1300;1399;Not categorized;Not categorized
1565;Enkeltfund;1200;1399;Not categorized;Not categorized
66;Hus (evt. med stald);900;1066;Buildings;House (possibly with a stable)
66;Groeft (skel);1200;1399;Buildings;Ditch (boundary)
1194;Hus (evt. med stald);1200;1399;Buildings;House (possibly with a stable)
1194;Affaldsgrube;1200;1399;Not categorized;Not categorized
1194;Bosaettelse, uspec undergruppe;1200;1399;Buildings;Settlement, unspecified subgroup
1210;Bosaettelse, uspec undergruppe;750;1066;Buildings;Settlement, unspecified subgroup
1210;Hus (evt. med stald);750;1066;Buildings;House (possibly with a stable)
1509;Enkeltfund;1067;1299;Not categorized;Not categorized
38;Kirkeinventar;1200;1299;Not categorized;Not categorized
1839;Enkeltfund;1067;1299;Not categorized;Not categorized
1494;Moentfund;1200;1299;Indicators_of_economic_activity;Coin findings
880;Enkeltfund;1067;1299;Not categorized;Not categorized
494;Kulturlag;750;1066;Not categorized;Not categorized
1619;Hus (evt. med stald);1067;1299;Buildings;House (possibly with a stable)
1375;Broend;1200;1399;Buildings;Well
1569;Kulturlag;1067;1299;Not categorized;Not categorized
536;Bosaettelse, uspec undergruppe;750;1066;Buildings;Settlement, unspecified subgroup
1307;Hus (evt. med stald);750;1066;Buildings;House (possibly with a stable)
1307;Grubehus;750;1066;Buildings;Pit-house
1307;Bosaettelse, uspec undergruppe;750;1066;Buildings;Settlement, unspecified subgroup
1307;Bosaettelse, uspec undergruppe;1067;1299;Buildings;Settlement, unspecified subgroup
443;Moentfund;1200;1499;Indicators_of_economic_activity;Coin findings
153;Bosaettelse, uspec undergruppe;750;1066;Buildings;Settlement, unspecified subgroup
153;Jern;750;1066;Indicators_of_economic_activity;Iron
153;Hus (evt. med stald);750;899;Buildings;House (possibly with a stable)
153;Grube (uspecificeret funktion);750;1066;Not categorized;Not categorized
1718;Enkeltfund;1300;1399;Not categorized;Not categorized
1669;Hus (evt. med stald);750;1066;Buildings;House (possibly with a stable)
1669;Grubehus;750;1066;Buildings;Pit-house
1669;Stolpehul m. uvis funktion;750;1066;Buildings;Posthole with unknown function
69;Jordfaestegrav;750;899;Not categorized;Not categorized
69;Brandplet;750;899;Not categorized;Not categorized
NA;Hospital;1200;1399;State_formation;Hospital
1648;Vandmoelle;1200;1399;Indicators_of_economic_activity;Water mill
707;Bygning;900;1066;Not categorized;Not categorized
707;Kulturlag;1067;1299;Not categorized;Not categorized
707;Affaldsgrube;1067;1299;Not categorized;Not categorized
271;Moentfund;1400;1499;Indicators_of_economic_activity;Coin findings
1260;Enkeltfund;750;1066;Not categorized;Not categorized
225;Moentfund;1200;1499;Indicators_of_economic_activity;Coin findings
1756;Moentfund;1400;1499;Indicators_of_economic_activity;Coin findings
1619;Kulturlag;1067;1299;Not categorized;Not categorized
1619;Ildsted;1200;1399;Not categorized;Not categorized
1483;Hus (evt. med stald);750;1066;Buildings;House (possibly with a stable)
1421;Enkeltfund;750;1066;Not categorized;Not categorized
1390;Hus (evt. med stald);1067;1299;Buildings;House (possibly with a stable)
1390;Jern;1070;1245;Indicators_of_economic_activity;Iron
1390;Groeft (skel);1067;1299;Buildings;Ditch (boundary)
232;Enkeltfund;1400;1499;Not categorized;Not categorized
232;Moentfund;1400;1499;Indicators_of_economic_activity;Coin findings
1340;Enkeltfund;750;1066;Not categorized;Not categorized
762;Enkeltfund;750;1066;Not categorized;Not categorized
1382;Plankevej;1200;1299;Not categorized;Not categorized
1382;Affaldsgrube;1067;1199;Not categorized;Not categorized
209;Enkeltfund;750;1066;Not categorized;Not categorized
1381;Hus (evt. med stald);1200;1399;Buildings;House (possibly with a stable)
1381;Plankevej;1200;1299;Not categorized;Not categorized
1308;Enkeltfund;750;1066;Not categorized;Not categorized
1838;Moentfund;1300;1399;Indicators_of_economic_activity;Coin findings
1838;Enkeltfund;1067;1199;Not categorized;Not categorized
1382;Plankevej;1200;1299;Not categorized;Not categorized
1286;Hus (evt. med stald);1300;1399;Buildings;House (possibly with a stable)
1286;Groeft (skel);1300;1399;Buildings;Ditch (boundary)
34;Bygning;1300;1399;Not categorized;Not categorized
1285;Bosaettelse, uspec undergruppe;750;1066;Buildings;Settlement, unspecified subgroup
1642;Skel (ejendom);1200;1399;Buildings;Boundary (property)
1776;Enkeltfund;1200;1399;Not categorized;Not categorized
24;Enkeltfund;750;1066;Not categorized;Not categorized
24;Enkeltfund;750;1066;Not categorized;Not categorized
350;Depotfund;900;1066;Distress;Hoard finds
350;Moentfund;900;1066;Indicators_of_economic_activity;Coin findings
534;Hus (evt. med stald);1067;1299;Buildings;House (possibly with a stable)
1270;Vandmoelle;750;1066;Indicators_of_economic_activity;Water mill
1672;Enkeltfund;750;1066;Not categorized;Not categorized
1671;Enkeltfund;1067;1299;Not categorized;Not categorized
1671;Enkeltfund;1067;1199;Not categorized;Not categorized
1284;Vandmoelle;750;1066;Indicators_of_economic_activity;Water mill
1335;Enkeltfund;750;899;Not categorized;Not categorized
1509;Hus (evt. med stald);1067;1299;Buildings;House (possibly with a stable)
1194;Hus (evt. med stald);1067;1299;Buildings;House (possibly with a stable)
1543;Enkeltfund;750;1066;Not categorized;Not categorized
1266;Enkeltfund;750;1066;Not categorized;Not categorized
1676;Enkeltfund;750;1066;Not categorized;Not categorized
1254;Enkeltfund;750;899;Not categorized;Not categorized
1258;Enkeltfund;750;1066;Not categorized;Not categorized
1776;Moentfund;1067;1399;Indicators_of_economic_activity;Coin findings
313;Borg/Voldsted;1200;1399;Defensive;Castle/motte-and-bailey
969;Hus (evt. med stald);900;1066;Buildings;House (possibly with a stable)
1195;Hus (evt. med stald);750;1066;Buildings;House (possibly with a stable)
1416;Bygning;1200;1299;Not categorized;Not categorized
1669;Enkeltfund;750;1066;Not categorized;Not categorized
1266;Bosaettelse, uspec undergruppe;900;1066;Buildings;Settlement, unspecified subgroup
1267;Enkeltfund;750;1066;Not categorized;Not categorized
349;Enkeltfund;1067;1299;Not categorized;Not categorized
1498;Enkeltfund;750;1066;Not categorized;Not categorized
1266;Enkeltfund;1067;1199;Not categorized;Not categorized
1719;Enkeltfund;1300;1399;Not categorized;Not categorized
1348;Kirke;1067;1299;Religious;Church
1614;Kulturlag;1067;1199;Not categorized;Not categorized
896;Moentfund;1400;1499;Indicators_of_economic_activity;Coin findings
1628;Moelledaemning;1067;1299;Indicators_of_economic_activity;Mill dam
1382;Moelledaemning;1200;1399;Indicators_of_economic_activity;Mill dam
1632;Moentfund;1300;1399;Indicators_of_economic_activity;Coin findings
1796;Grubehus;750;1066;Buildings;Pit-house
1632;Bosaettelse, uspec undergruppe;750;1066;Buildings;Settlement, unspecified subgroup
534;Hus (evt. med stald);1067;1299;Buildings;House (possibly with a stable)
1498;Ildsted;1300;1399;Not categorized;Not categorized
216;Stolpehul m. uvis funktion;1067;1299;Buildings;Posthole with unknown function
216;Vej;1200;1299;Not categorized;Not categorized
350;Runesten;1067;1299;Not categorized;Not categorized
350;Runesten;1067;1299;Not categorized;Not categorized
350;Runesten;1067;1299;Not categorized;Not categorized
1581;Runesten;1067;1299;Not categorized;Not categorized
1581;Runesten;1067;1299;Not categorized;Not categorized
1581;Runesten;1067;1299;Not categorized;Not categorized
1581;Runesten;1067;1299;Not categorized;Not categorized
344;Runesten;1067;1299;Not categorized;Not categorized
344;Runesten;1067;1299;Not categorized;Not categorized
344;Runesten;750;1066;Not categorized;Not categorized
344;Runesten;750;1066;Not categorized;Not categorized
344;Runesten;1067;1299;Not categorized;Not categorized
943;Runesten;750;1066;Not categorized;Not categorized
872;Runesten;750;1066;Not categorized;Not categorized
1247;Runesten;900;1066;Not categorized;Not categorized
1138;Grubehus;750;1066;Buildings;Pit-house
1377;Moentfund;1200;1400;Indicators_of_economic_activity;Coin findings
1362;Jordfaestegrav;750;1066;Not categorized;Not categorized
1822;Enkeltfund;1067;1299;Not categorized;Not categorized
121;Hus (evt. med stald);750;1066;Buildings;House (possibly with a stable)
121;Hegn/gaerde;750;1066;Buildings;Hedge/fence
1499;Enkeltfund;750;1066;Not categorized;Not categorized
1499;Enkeltfund;900;1066;Not categorized;Not categorized
1708;Enkeltfund;1067;1299;Not categorized;Not categorized
16;Moentfund;1400;1499;Indicators_of_economic_activity;Coin findings
1011;Begravelse, uspec undergruppe;750;1066;Not categorized;Not categorized
991;Borg/Voldsted;1200;1399;Defensive;Castle/motte-and-bailey
1527;Enkeltfund;750;1066;Not categorized;Not categorized
642;Hus (evt. med stald);900;1066;Buildings;House (possibly with a stable)
1783;Affaldsgrube;900;1066;Not categorized;Not categorized
63;Bygning;1067;1199;Not categorized;Not categorized
63;Broend;1067;1299;Buildings;Well
63;Affaldsgrube;1067;1299;Not categorized;Not categorized
NA;Bygning;1200;1399;Not categorized;Not categorized
NA;Broend;1067;1299;Buildings;Well
NA;Kulturlag;1067;1299;Not categorized;Not categorized
909;Enkeltfund;1067;1199;Not categorized;Not categorized
1285;Jordfaestegrav;750;1066;Not categorized;Not categorized
1614;Kulturlag;1400;1499;Not categorized;Not categorized
1619;Brolaegning;1200;1399;Not categorized;Not categorized
1619;Kulturlag;1200;1399;Not categorized;Not categorized
1319;Enkeltfund;750;1066;Not categorized;Not categorized
1614;Kirkegaard;1067;1199;Not categorized;Not categorized
1614;Kirkegaard;1067;1299;Not categorized;Not categorized
665;Bygning;1200;1299;Not categorized;Not categorized
1319;Klosteranlaeg;1200;1499;Religious;Monastery complex
495;Broend;750;1066;Buildings;Well
1489;Enkeltfund;1067;1299;Not categorized;Not categorized
421;Bosaettelse, uspec undergruppe;1067;1299;Buildings;Settlement, unspecified subgroup
1063;Brolaegning;750;899;Not categorized;Not categorized
780;Hus (evt. med stald);1067;1299;Buildings;House (possibly with a stable)
110;Enkeltfund;1067;1299;Not categorized;Not categorized
338;Enkeltfund;1067;1299;Not categorized;Not categorized
601;Enkeltfund;1300;1399;Not categorized;Not categorized
818;Enkeltfund;750;1066;Not categorized;Not categorized
1615;Enkeltfund;1200;1299;Not categorized;Not categorized
1615;Moentfund;1200;1399;Indicators_of_economic_activity;Coin findings
103;Hus (evt. med stald);750;1066;Buildings;House (possibly with a stable)
103;Affaldsgrube;750;1066;Not categorized;Not categorized
691;Grubehus;750;1066;Buildings;Pit-house
691;Hegn/gaerde;750;1066;Buildings;Hedge/fence
1528;Gaard;1067;1400;Buildings;Farmstead
1569;Vrag;1400;1499;Not categorized;Not categorized
1471;Enkeltfund;1067;1299;Not categorized;Not categorized
350;Enkeltfund;1067;1299;Not categorized;Not categorized
342;Enkeltfund;750;1066;Not categorized;Not categorized
342;Enkeltfund;1067;1299;Not categorized;Not categorized
337;Enkeltfund;750;1066;Not categorized;Not categorized
1825;Enkeltfund;1400;1499;Not categorized;Not categorized
1551;Grubehus;750;900;Buildings;Pit-house
1551;Voldgrav;800;1000;Defensive;Moat
1551;Kirkegaard;1250;1350;Not categorized;Not categorized
429;Broend;1067;1199;Buildings;Well
429;Hus (evt. med stald);1200;1399;Buildings;House (possibly with a stable)
557;Hus (evt. med stald);1067;1299;Buildings;House (possibly with a stable)
557;Hus (evt. med stald);1067;1199;Buildings;House (possibly with a stable)
1619;Enkeltfund;1067;1299;Not categorized;Not categorized
821;Broend;1216;1216;Buildings;Well
475;Hus (evt. med stald);1067;1200;Buildings;House (possibly with a stable)
1530;Gaard;1067;1299;Buildings;Farmstead
33;Borg/Voldsted;1200;1399;Defensive;Castle/motte-and-bailey
1236;Grubehus;750;1066;Buildings;Pit-house
NA;Runesten;750;1066;Not categorized;Not categorized
1530;Hus (evt. med stald);1067;1199;Buildings;House (possibly with a stable)
1648;Borg/Voldsted;1200;1299;Defensive;Castle/motte-and-bailey
691;Hus (evt. med stald);750;1066;Buildings;House (possibly with a stable)
1194;Hus (evt. med stald);1067;1299;Buildings;House (possibly with a stable)
1194;Grubehus;750;1066;Buildings;Pit-house
1194;Ovnanlaeg (uspecificeret);1200;1200;Indicators_of_economic_activity;Furnace (unspecified)
1194;Kulturlag;1100;1400;Not categorized;Not categorized
170;Diverse anlaeg og genstande, uspec undergruppe;1400;1499;Not categorized;Not categorized
1015;Runesten;750;1066;Not categorized;Not categorized
1030;Bosaettelse, uspec undergruppe;750;1066;Buildings;Settlement, unspecified subgroup
1144;Kogegrube;750;1066;Not categorized;Not categorized
1144;Brandgrav (uspecificeret type);750;1066;Not categorized;Not categorized
1407;Hus (evt. med stald);750;1066;Buildings;House (possibly with a stable)
1407;Begravelse, uspec undergruppe;750;1066;Not categorized;Not categorized
340;Hus (evt. med stald);900;1066;Buildings;House (possibly with a stable)
1152;Moentfund;1300;1399;Indicators_of_economic_activity;Coin findings
1502;Hus (evt. med stald);1067;1299;Buildings;House (possibly with a stable)
1439;Hus (evt. med stald);1067;1299;Buildings;House (possibly with a stable)
1439;Hegn/gaerde;1067;1299;Buildings;Hedge/fence
56;Enkeltfund;1200;1399;Not categorized;Not categorized
1619;Kulturlag;1067;1299;Not categorized;Not categorized
1655;Rundhoej;750;1066;Not categorized;Not categorized
1404;Gaard;1067;1199;Buildings;Farmstead
244;Groeft (afvanding);1200;1399;Not categorized;Not categorized
1615;Hegn/gaerde;1200;1299;Buildings;Hedge/fence
1619;Enkeltfund;1067;1299;Not categorized;Not categorized
1254;Hus (evt. med stald);750;899;Buildings;House (possibly with a stable)
1254;Hegn/gaerde;750;1066;Buildings;Hedge/fence
1464;Bygning;1067;1299;Not categorized;Not categorized
205;Enkeltfund;750;1066;Not categorized;Not categorized
205;Enkeltfund;750;1066;Not categorized;Not categorized
205;Enkeltfund;750;1066;Not categorized;Not categorized
1756;Hus (evt. med stald);1067;1299;Buildings;House (possibly with a stable)
1683;Enkeltfund;1300;1399;Not categorized;Not categorized
1112;Gaard;1200;1399;Buildings;Farmstead
1112;Affaldsgrube;1200;1399;Not categorized;Not categorized
1112;Broend;1200;1399;Buildings;Well
1112;Groeft (skel);1200;1399;Buildings;Ditch (boundary)
894;Oedekirke;1100;1313;Not categorized;Not categorized
90;Moentfund;1200;1399;Indicators_of_economic_activity;Coin findings
1719;Enkeltfund;1400;1499;Not categorized;Not categorized
106;Enkeltfund;1067;1299;Not categorized;Not categorized
106;Enkeltfund;1200;1399;Not categorized;Not categorized
859;Gaard;1300;1399;Buildings;Farmstead
1757;Hus (evt. med stald);1067;1299;Buildings;House (possibly with a stable)
1757;Bygning;1067;1299;Not categorized;Not categorized
NA;Baadhus;750;1066;Not categorized;Not categorized
846;Runesten;970;1020;Not categorized;Not categorized
115;Enkeltfund;750;1066;Not categorized;Not categorized
115;Enkeltfund;900;1066;Not categorized;Not categorized
115;Enkeltfund;1200;1299;Not categorized;Not categorized
126;Enkeltfund;1067;1399;Not categorized;Not categorized
118;Moentfund;750;1066;Indicators_of_economic_activity;Coin findings
1466;Enkeltfund;1067;1299;Not categorized;Not categorized
NA;Skibssaetning;750;1066;Not categorized;Not categorized
NA;Skibssaetning;750;1066;Not categorized;Not categorized
NA;Skibssaetning;750;1066;Not categorized;Not categorized
1553;Jordfaestegrav;750;1066;Not categorized;Not categorized
1553;Skibssaetning;750;1066;Not categorized;Not categorized
29;Moentfund;1400;1499;Indicators_of_economic_activity;Coin findings
122;Enkeltfund;750;1066;Not categorized;Not categorized
122;Enkeltfund;1067;1299;Not categorized;Not categorized
122;Moentfund;750;1066;Indicators_of_economic_activity;Coin findings
125;Moentfund;750;1066;Indicators_of_economic_activity;Coin findings
1108;Grubehus;750;1066;Buildings;Pit-house
1108;Broend;750;1066;Buildings;Well
1108;Hus (evt. med stald);750;1066;Buildings;House (possibly with a stable)
335;Depotfund;750;1066;Distress;Hoard finds
335;Moentfund;750;1066;Indicators_of_economic_activity;Coin findings
335;Hus (evt. med stald);750;1066;Buildings;House (possibly with a stable)
335;Hus (evt. med stald);750;1066;Buildings;House (possibly with a stable)
969;Enkeltfund;750;1066;Not categorized;Not categorized
NA;Skibssaetning;750;1066;Not categorized;Not categorized
NA;Skibssaetning;750;1066;Not categorized;Not categorized
NA;Skibssaetning;750;1066;Not categorized;Not categorized
456;Langhoej;750;1066;Not categorized;Not categorized
1533;Enkeltfund;750;1066;Not categorized;Not categorized
NA;Handel;750;1066;Indicators_of_economic_activity;Trade
NA;Enkeltfund;750;1066;Not categorized;Not categorized
1569;Grubehus;750;1066;Buildings;Pit-house
1569;Diverse anlaeg og genstande, uspec undergruppe;750;1066;Not categorized;Not categorized
1569;Grubehus;750;1066;Buildings;Pit-house
NA;Moentfund;1200;1399;Indicators_of_economic_activity;Coin findings
879;Enkeltfund;1200;1399;Not categorized;Not categorized
61;Hus (evt. med stald);750;899;Buildings;House (possibly with a stable)
384;Enkeltfund;1200;1399;Not categorized;Not categorized
384;Moentfund;1200;1399;Indicators_of_economic_activity;Coin findings
1831;Enkeltfund;750;1066;Not categorized;Not categorized
1831;Moentfund;750;1066;Indicators_of_economic_activity;Coin findings
125;Affaldsgrube;1200;1399;Not categorized;Not categorized
1720;Moentfund;1200;1299;Indicators_of_economic_activity;Coin findings
1720;Enkeltfund;1300;1399;Not categorized;Not categorized
1830;Moentfund;1300;1399;Indicators_of_economic_activity;Coin findings
1830;Diverse anlaeg og genstande, uspec undergruppe;1067;1299;Not categorized;Not categorized
1721;Enkeltfund;750;1066;Not categorized;Not categorized
1721;Enkeltfund;1067;1299;Not categorized;Not categorized
1082;Bosaettelse, uspec undergruppe;750;1066;Buildings;Settlement, unspecified subgroup
1082;Hus (evt. med stald);900;1066;Buildings;House (possibly with a stable)
1082;Grubehus;900;1066;Buildings;Pit-house
1082;Broend;900;1066;Buildings;Well
105;Vandmoelle;1300;1399;Indicators_of_economic_activity;Water mill
631;Enkeltfund;750;1066;Not categorized;Not categorized
114;Vej;1300;1399;Not categorized;Not categorized
245;Vandmoelle;1200;1299;Indicators_of_economic_activity;Water mill
1811;Bosaettelse, uspec undergruppe;1067;1299;Buildings;Settlement, unspecified subgroup
543;Hus (evt. med stald);1067;1299;Buildings;House (possibly with a stable)
1614;Hus (evt. med stald);1300;1399;Buildings;House (possibly with a stable)
1626;Kulturlag;1100;1500;Not categorized;Not categorized
1626;Broend;1100;1500;Buildings;Well
82;Enkeltfund;900;1066;Not categorized;Not categorized
1064;Enkeltfund;750;1066;Not categorized;Not categorized
1540;Jordfaestegrav;750;1066;Not categorized;Not categorized
581;Depotfund;750;1066;Distress;Hoard finds
1514;Enkeltfund;750;899;Not categorized;Not categorized
1319;Moentfund;1400;1499;Indicators_of_economic_activity;Coin findings
581;Enkeltfund;750;1066;Not categorized;Not categorized
1194;Hus (evt. med stald);1067;1399;Buildings;House (possibly with a stable)
577;Enkeltfund;1167;1191;Not categorized;Not categorized
577;Enkeltfund;750;899;Not categorized;Not categorized
577;Enkeltfund;750;1066;Not categorized;Not categorized
69;Diverse anlaeg og genstande, uspec undergruppe;1400;1499;Not categorized;Not categorized
1729;Hus (evt. med stald);1400;1499;Buildings;House (possibly with a stable)
877;Enkeltfund;750;1066;Not categorized;Not categorized
1466;Enkeltfund;1400;1499;Not categorized;Not categorized
1466;Moentfund;1400;1499;Indicators_of_economic_activity;Coin findings
NA;Enkeltfund;1400;1499;Not categorized;Not categorized
927;Moentfund;1448;1481;Indicators_of_economic_activity;Coin findings
1643;Broend;1067;1199;Buildings;Well
1829;Enkeltfund;1200;1399;Not categorized;Not categorized
1830;Moentfund;1200;1399;Indicators_of_economic_activity;Coin findings
1831;Moentfund;1200;1399;Indicators_of_economic_activity;Coin findings
387;Moentfund;1200;1399;Indicators_of_economic_activity;Coin findings
110;Enkeltfund;750;1066;Not categorized;Not categorized
894;Bosaettelse, uspec undergruppe;1067;1299;Buildings;Settlement, unspecified subgroup
169;Moentfund;1300;1399;Indicators_of_economic_activity;Coin findings
1829;Enkeltfund;1200;1399;Not categorized;Not categorized
1721;Enkeltfund;1200;1399;Not categorized;Not categorized
399;Moentfund;1200;1399;Indicators_of_economic_activity;Coin findings
399;Moentfund;1400;1499;Indicators_of_economic_activity;Coin findings
1126;Moentfund;1200;1299;Indicators_of_economic_activity;Coin findings
1126;Moentfund;1241;1375;Indicators_of_economic_activity;Coin findings
1718;Enkeltfund;1200;1399;Not categorized;Not categorized
1587;Kogegrube;1067;1299;Not categorized;Not categorized
1719;Broend;1067;1199;Buildings;Well
24;Moentfund;1300;1399;Indicators_of_economic_activity;Coin findings
495;Diverse anlaeg og genstande, uspec undergruppe;1300;1399;Not categorized;Not categorized
121;Bosaettelse, uspec undergruppe;1067;1199;Buildings;Settlement, unspecified subgroup
1407;Enkeltfund;750;1066;Not categorized;Not categorized
1830;Moentfund;750;1066;Indicators_of_economic_activity;Coin findings
682;Moentfund;750;1066;Indicators_of_economic_activity;Coin findings
337;Enkeltfund;1067;1299;Not categorized;Not categorized
513;Enkeltfund;900;1066;Not categorized;Not categorized
513;Enkeltfund;1067;1299;Not categorized;Not categorized
475;Groeft (skel);1100;1500;Buildings;Ditch (boundary)
475;Hus (evt. med stald);800;1000;Buildings;House (possibly with a stable)
242;Kirke;1067;1299;Religious;Church
242;Jordfaestegrav;1067;1299;Not categorized;Not categorized
983;Enkeltfund;900;1066;Not categorized;Not categorized
1221;Hus (evt. med stald);1067;1299;Buildings;House (possibly with a stable)
1221;Hegn/gaerde;1067;1299;Buildings;Hedge/fence
1221;Affaldsgrube;1067;1299;Not categorized;Not categorized
1221;Broend;1067;1299;Buildings;Well
1221;Kogegrube;1067;1299;Not categorized;Not categorized
1244;Enkeltfund;1067;1299;Not categorized;Not categorized
798;Runesten;970;1020;Not categorized;Not categorized
1614;Borg/Voldsted;1067;1299;Defensive;Castle/motte-and-bailey
513;Gaard;1067;1299;Buildings;Farmstead
513;Transport, uspec undergruppe;1067;1299;Not categorized;Not categorized
1712;Hus (evt. med stald);1067;1299;Buildings;House (possibly with a stable)
1712;Kulturlag;750;1066;Not categorized;Not categorized
1712;Kulturlag;1067;1299;Not categorized;Not categorized
1712;Grubehus;750;1066;Buildings;Pit-house
1712;Ildsted;1067;1299;Not categorized;Not categorized
1729;Bygning;1200;1399;Not categorized;Not categorized
1729;Kulturlag;1200;1399;Not categorized;Not categorized
126;Runesten;970;1020;Not categorized;Not categorized
166;Moentfund;1300;1399;Indicators_of_economic_activity;Coin findings
344;Moentfund;750;1066;Indicators_of_economic_activity;Coin findings
344;Enkeltfund;1067;1299;Not categorized;Not categorized
344;Moentfund;1067;1299;Indicators_of_economic_activity;Coin findings
344;Enkeltfund;1067;1299;Not categorized;Not categorized
344;Moentfund;1067;1299;Indicators_of_economic_activity;Coin findings
350;Enkeltfund;1067;1299;Not categorized;Not categorized
350;Moentfund;1067;1299;Indicators_of_economic_activity;Coin findings
1528;Bygning;1200;1399;Not categorized;Not categorized
1250;Enkeltfund;1067;1299;Not categorized;Not categorized
1247;Enkeltfund;900;1066;Not categorized;Not categorized
803;Vej;1200;1300;Not categorized;Not categorized
347;Bosaettelse, uspec undergruppe;750;899;Buildings;Settlement, unspecified subgroup
347;Moentfund;750;899;Indicators_of_economic_activity;Coin findings
1626;Vej;1200;1399;Not categorized;Not categorized
1551;Kulturlag;900;1066;Not categorized;Not categorized
1435;Affaldsgrube;1250;1399;Not categorized;Not categorized
1435;Hus (evt. med stald);1250;1399;Buildings;House (possibly with a stable)
1432;Enkeltfund;750;1066;Not categorized;Not categorized
1432;Enkeltfund;750;1066;Not categorized;Not categorized
41;Moentfund;1200;1299;Indicators_of_economic_activity;Coin findings
889;Hus (evt. med stald);750;1066;Buildings;House (possibly with a stable)
889;Grubehus;750;1066;Buildings;Pit-house
112;Enkeltfund;750;1066;Not categorized;Not categorized
1247;Enkeltfund;1067;1299;Not categorized;Not categorized
1614;Kulturlag;1067;1299;Not categorized;Not categorized
1011;Vragdel;750;1066;Not categorized;Not categorized
1174;Kirkeinventar;1067;1299;Not categorized;Not categorized
1129;Moentfund;1400;1499;Indicators_of_economic_activity;Coin findings
NA;Kulturlag;1200;1399;Not categorized;Not categorized
303;Bygningssten;1067;1299;Not categorized;Not categorized
1625;Moentfund;1200;1399;Indicators_of_economic_activity;Coin findings
287;Moentfund;750;1066;Indicators_of_economic_activity;Coin findings
1129;Moentfund;1400;1499;Indicators_of_economic_activity;Coin findings
33;Kulturlag;1420;1450;Not categorized;Not categorized
766;Moentfund;1300;1399;Indicators_of_economic_activity;Coin findings
337;Moentfund;900;1066;Indicators_of_economic_activity;Coin findings
337;Bosaettelse, uspec undergruppe;750;1066;Buildings;Settlement, unspecified subgroup
337;Moentfund;900;1066;Indicators_of_economic_activity;Coin findings
1302;Enkeltfund;750;1066;Not categorized;Not categorized
1302;Enkeltfund;1067;1299;Not categorized;Not categorized
387;Moentfund;900;1066;Indicators_of_economic_activity;Coin findings
1527;Bosaettelse, uspec undergruppe;1067;1299;Buildings;Settlement, unspecified subgroup
1527;Hus (evt. med stald);1150;1250;Buildings;House (possibly with a stable)
194;Moentfund;1400;1499;Indicators_of_economic_activity;Coin findings
508;Moentfund;1200;1399;Indicators_of_economic_activity;Coin findings
NA;Moentfund;1200;1299;Indicators_of_economic_activity;Coin findings
NA;Moentfund;1200;1399;Indicators_of_economic_activity;Coin findings
1670;Moentfund;1200;1399;Indicators_of_economic_activity;Coin findings
1300;Hus (evt. med stald);1067;1299;Buildings;House (possibly with a stable)
1300;Bosaettelse, uspec undergruppe;1067;1299;Buildings;Settlement, unspecified subgroup
1300;Hus (evt. med stald);1067;1299;Buildings;House (possibly with a stable)
1390;Hus (evt. med stald);1067;1299;Buildings;House (possibly with a stable)
1390;Jern;1067;1299;Indicators_of_economic_activity;Iron
1390;Groeft (skel);1067;1299;Buildings;Ditch (boundary)
967;Enkeltfund;750;1066;Not categorized;Not categorized
386;Enkeltfund;1200;1399;Not categorized;Not categorized
1624;Enkeltfund;1400;1499;Not categorized;Not categorized
240;Moentfund;1200;1499;Indicators_of_economic_activity;Coin findings
273;Enkeltfund;750;1066;Not categorized;Not categorized
1624;Enkeltfund;1400;1499;Not categorized;Not categorized
NA;Enkeltfund;1300;1399;Not categorized;Not categorized
485;Enkeltfund;1200;1399;Not categorized;Not categorized
485;Marksystem;1067;1299;Not categorized;Not categorized
1421;Bygning;900;1066;Not categorized;Not categorized
362;Enkeltfund;750;1066;Not categorized;Not categorized
242;Diverse anlaeg og genstande, uspec undergruppe;1067;1199;Not categorized;Not categorized
355;Enkeltfund;750;1066;Not categorized;Not categorized
1792;Moentfund;1268;1314;Indicators_of_economic_activity;Coin findings
NA;Enkeltfund;1067;1199;Not categorized;Not categorized
1581;Moentfund;750;1066;Indicators_of_economic_activity;Coin findings
1581;Affaldsgrube;750;1066;Not categorized;Not categorized
275;Borg/Voldsted;1300;1399;Defensive;Castle/motte-and-bailey
347;Enkeltfund;1067;1299;Not categorized;Not categorized
1782;Enkeltfund;750;1066;Not categorized;Not categorized
339;Moentfund;1027;1039;Indicators_of_economic_activity;Coin findings
593;Vrag;1430;1430;Not categorized;Not categorized
579;Hoertoerringsanlaeg;750;899;Not categorized;Not categorized
344;Moentfund;900;1066;Indicators_of_economic_activity;Coin findings
1581;Moentfund;900;1066;Indicators_of_economic_activity;Coin findings
347;Enkeltfund;750;1066;Not categorized;Not categorized
1115;Bygning;1300;1399;Not categorized;Not categorized
1115;Grube (uspecificeret funktion);1250;1350;Not categorized;Not categorized
637;Moentfund;1000;1000;Indicators_of_economic_activity;Coin findings
1804;Kanal;1067;1500;Not categorized;Not categorized
1381;Paeleraekke (uspecificeret);1070;1411;Not categorized;Not categorized
NA;Hus (evt. med stald);1067;1299;Buildings;House (possibly with a stable)
1130;Husmandssted;1100;1300;Not categorized;Not categorized
331;Hulvej;1067;1500;Not categorized;Not categorized
1805;Moentfund;1259;1360;Indicators_of_economic_activity;Coin findings
1581;Moentfund;900;1066;Indicators_of_economic_activity;Coin findings
351;Enkeltfund;750;1066;Not categorized;Not categorized
106;Hus (evt. med stald);750;1066;Buildings;House (possibly with a stable)
106;Grubehus;750;1066;Buildings;Pit-house
1374;Gaard;1067;1299;Buildings;Farmstead
1374;Bosaettelse, uspec undergruppe;1067;1299;Buildings;Settlement, unspecified subgroup
1374;Hus (evt. med stald);1100;1350;Buildings;House (possibly with a stable)
1374;Broend;1067;1350;Buildings;Well
1374;Hegn/gaerde;1067;1299;Buildings;Hedge/fence
1374;Affaldsgrube;1067;1299;Not categorized;Not categorized
1374;Skel (ejendom);1067;1299;Buildings;Boundary (property)
1843;Enkeltfund;1480;1481;Not categorized;Not categorized
102;Enkeltfund;1280;1330;Not categorized;Not categorized
81;Enkeltfund;1067;1299;Not categorized;Not categorized
338;Moentfund;1200;1499;Indicators_of_economic_activity;Coin findings
338;Enkeltfund;1067;1499;Not categorized;Not categorized
338;Indskrift;1067;1499;Not categorized;Not categorized
82;Enkeltfund;1200;1299;Not categorized;Not categorized
110;Enkeltfund;1280;1399;Not categorized;Not categorized
110;Enkeltfund;1067;1199;Not categorized;Not categorized
332;Enkeltfund;750;1066;Not categorized;Not categorized
485;Enkeltfund;1067;1299;Not categorized;Not categorized
1619;Hus (evt. med stald);750;1066;Buildings;House (possibly with a stable)
1619;Grubehus;750;1066;Buildings;Pit-house
1619;Broend;750;1066;Buildings;Well
1619;Grube (uspecificeret funktion);750;1066;Not categorized;Not categorized
1619;Grubehus;750;1066;Buildings;Pit-house
1619;Affaldsgrube;750;1066;Not categorized;Not categorized
1619;Broend;750;1066;Buildings;Well
1619;Hus (evt. med stald);1067;1299;Buildings;House (possibly with a stable)
1619;Diverse anlaeg og genstande, uspec undergruppe;900;1066;Not categorized;Not categorized
1619;Skel (uspecificeret);1067;1399;Buildings;Boundary (unspecified)
1115;Bygning;1200;1499;Not categorized;Not categorized
1197;Grubehus;750;1066;Buildings;Pit-house
1581;Moentfund;900;1066;Indicators_of_economic_activity;Coin findings
1581;Affaldsgrube;750;1066;Not categorized;Not categorized
1581;Stolpehul m. uvis funktion;750;1066;Buildings;Posthole with unknown function
1581;Enkeltfund;750;1066;Not categorized;Not categorized
1619;Groeft (afvanding);1067;1300;Not categorized;Not categorized
420;Enkeltfund;750;1066;Not categorized;Not categorized
3;Moentfund;1200;1399;Indicators_of_economic_activity;Coin findings
765;Hus (evt. med stald);1200;1450;Buildings;House (possibly with a stable)
338;Moentfund;750;1066;Indicators_of_economic_activity;Coin findings
431;Enkeltfund;750;1066;Not categorized;Not categorized
514;Enkeltfund;750;1066;Not categorized;Not categorized
486;Enkeltfund;750;1066;Not categorized;Not categorized
514;Enkeltfund;750;1066;Not categorized;Not categorized
514;Moentfund;1200;1399;Indicators_of_economic_activity;Coin findings
369;Bosaettelse, uspec undergruppe;1067;1299;Buildings;Settlement, unspecified subgroup
1141;Enkeltfund;1200;1399;Not categorized;Not categorized
NA;Moentfund;1420;1440;Indicators_of_economic_activity;Coin findings
1419;Bro;1340;1340;Not categorized;Not categorized
1051;Diverse anlaeg og genstande, uspec undergruppe;1300;1499;Not categorized;Not categorized
1409;Hus (evt. med stald);1067;1399;Buildings;House (possibly with a stable)
492;Enkeltfund;750;1066;Not categorized;Not categorized
1284;Hus (evt. med stald);1067;1399;Buildings;House (possibly with a stable)
112;Enkeltfund;1400;1440;Not categorized;Not categorized
492;Enkeltfund;1067;1299;Not categorized;Not categorized
1548;Grubehus;750;899;Buildings;Pit-house
1548;Hoertoerringsanlaeg;750;899;Not categorized;Not categorized
1270;Hus (evt. med stald);1067;1299;Buildings;House (possibly with a stable)
1754;Borg/Voldsted;1067;1399;Defensive;Castle/motte-and-bailey
338;Enkeltfund;750;1066;Not categorized;Not categorized
338;Moentfund;750;1066;Indicators_of_economic_activity;Coin findings
1674;Moentfund;1300;1499;Indicators_of_economic_activity;Coin findings
1234;Hus (evt. med stald);1200;1299;Buildings;House (possibly with a stable)
1234;Hus (evt. med stald);1300;1399;Buildings;House (possibly with a stable)
NA;Moentfund;1400;1500;Indicators_of_economic_activity;Coin findings
1132;Moentfund;900;1066;Indicators_of_economic_activity;Coin findings
1202;Kirke;1067;1299;Religious;Church
338;Moentfund;800;950;Indicators_of_economic_activity;Coin findings
347;Moentfund;800;1000;Indicators_of_economic_activity;Coin findings
1429;Bygning;1067;1299;Not categorized;Not categorized
1718;Enkeltfund;1300;1399;Not categorized;Not categorized
1360;Hus (evt. med stald);1200;1499;Buildings;House (possibly with a stable)
337;Enkeltfund;1200;1399;Not categorized;Not categorized
112;Enkeltfund;1200;1499;Not categorized;Not categorized
NA;Enkeltfund;1200;1499;Not categorized;Not categorized
1247;Groeft (skel);750;1066;Buildings;Ditch (boundary)
NA;Grubehus;750;1066;Buildings;Pit-house
1614;Kulturlag;1298;1372;Not categorized;Not categorized
514;Moentfund;1200;1399;Indicators_of_economic_activity;Coin findings
514;Enkeltfund;750;1066;Not categorized;Not categorized
514;Moentfund;750;1066;Indicators_of_economic_activity;Coin findings
514;Enkeltfund;1067;1299;Not categorized;Not categorized
1823;Moentfund;1200;1399;Indicators_of_economic_activity;Coin findings
1721;Moentfund;1067;1199;Indicators_of_economic_activity;Coin findings
1721;Moentfund;1300;1499;Indicators_of_economic_activity;Coin findings
1579;Moentfund;1200;1399;Indicators_of_economic_activity;Coin findings
378;Moentfund;1200;1399;Indicators_of_economic_activity;Coin findings
378;Enkeltfund;750;1066;Not categorized;Not categorized
378;Moentfund;1200;1399;Indicators_of_economic_activity;Coin findings
1122;Bygning;1067;1199;Not categorized;Not categorized
317;Moentfund;1200;1399;Indicators_of_economic_activity;Coin findings
667;Hus (evt. med stald);1067;1299;Buildings;House (possibly with a stable)
667;Bageovn;1067;1299;Indicators_of_economic_activity;Bakery oven
1618;Grubehus;750;1066;Buildings;Pit-house
1618;Hus (evt. med stald);750;1066;Buildings;House (possibly with a stable)
814;Hus (evt. med stald);750;1066;Buildings;House (possibly with a stable)
1678;Broend;1067;1299;Buildings;Well
1678;Kulturlag;1067;1299;Not categorized;Not categorized
163;Moentfund;1200;1399;Indicators_of_economic_activity;Coin findings
146;Moentfund;1200;1399;Indicators_of_economic_activity;Coin findings
1282;Gaard;750;899;Buildings;Farmstead
1750;Moentfund;750;1066;Indicators_of_economic_activity;Coin findings
416;Enkeltfund;750;1066;Not categorized;Not categorized
416;Enkeltfund;1067;1299;Not categorized;Not categorized
242;Moentfund;1200;1399;Indicators_of_economic_activity;Coin findings
411;Enkeltfund;1067;1399;Not categorized;Not categorized
411;Enkeltfund;750;1066;Not categorized;Not categorized
411;Moentfund;750;1066;Indicators_of_economic_activity;Coin findings
416;Enkeltfund;750;1066;Not categorized;Not categorized
288;Moentfund;1200;1499;Indicators_of_economic_activity;Coin findings
216;Brolaegning;1250;1499;Not categorized;Not categorized
216;Broend;1067;1299;Buildings;Well
216;Affaldsgrube;1067;1299;Not categorized;Not categorized
216;Groeft (afvanding);1200;1499;Not categorized;Not categorized
216;Bygning;1200;1499;Not categorized;Not categorized
216;Hegn/gaerde;1200;1425;Buildings;Hedge/fence
216;Brolaegning;1200;1425;Not categorized;Not categorized
216;Paeleraekke (uspecificeret);1200;1499;Not categorized;Not categorized
1108;Enkeltfund;750;1066;Not categorized;Not categorized
1814;Enkeltfund;750;1066;Not categorized;Not categorized
1788;Enkeltfund;750;1066;Not categorized;Not categorized
216;Bosaettelse, uspec undergruppe;1067;1299;Buildings;Settlement, unspecified subgroup
216;Bygning;1067;1299;Not categorized;Not categorized
385;Moentfund;900;1066;Indicators_of_economic_activity;Coin findings
385;Enkeltfund;750;1066;Not categorized;Not categorized
320;Moentfund;1200;1499;Indicators_of_economic_activity;Coin findings
1569;Grubehus;750;1066;Buildings;Pit-house
329;Moentfund;1400;1499;Indicators_of_economic_activity;Coin findings
329;Moentfund;900;1066;Indicators_of_economic_activity;Coin findings
329;Moentfund;1200;1399;Indicators_of_economic_activity;Coin findings
329;Moentfund;1200;1399;Indicators_of_economic_activity;Coin findings
329;Moentfund;1400;1499;Indicators_of_economic_activity;Coin findings
135;Moentfund;1200;1399;Indicators_of_economic_activity;Coin findings
1721;Moentfund;1200;1399;Indicators_of_economic_activity;Coin findings
1643;Kirkeinventar;1125;1125;Not categorized;Not categorized
322;Moentfund;1200;1399;Indicators_of_economic_activity;Coin findings
322;Moentfund;900;1066;Indicators_of_economic_activity;Coin findings
322;Moentfund;1400;1499;Indicators_of_economic_activity;Coin findings
1125;Kammergrav;887;993;Not categorized;Not categorized
1125;Jordfaestegrav;750;1000;Not categorized;Not categorized
1125;Kammergrav;850;980;Not categorized;Not categorized
1125;Kammergrav;850;980;Not categorized;Not categorized
1125;Kammergrav;850;980;Not categorized;Not categorized
1125;Jordfaestegrav;870;990;Not categorized;Not categorized
1125;Jordfaestegrav;891;996;Not categorized;Not categorized
1125;Baad-/skibsgrav;750;1066;Not categorized;Not categorized
1125;Plankekiste;750;1000;Not categorized;Not categorized
1821;Moentfund;750;1066;Indicators_of_economic_activity;Coin findings
245;Moentfund;1200;1399;Indicators_of_economic_activity;Coin findings
297;Moentfund;1200;1399;Indicators_of_economic_activity;Coin findings
340;Enkeltfund;750;1066;Not categorized;Not categorized
1448;Enkeltfund;1067;1299;Not categorized;Not categorized
1609;Moentfund;1300;1399;Indicators_of_economic_activity;Coin findings
1609;Moentfund;1200;1399;Indicators_of_economic_activity;Coin findings
1503;Gaard;1067;1299;Buildings;Farmstead
1503;Hus (evt. med stald);1067;1299;Buildings;House (possibly with a stable)
1503;Forraadshus;1067;1299;Not categorized;Not categorized
1503;Broend;1067;1299;Buildings;Well
1356;Enkeltfund;750;1066;Not categorized;Not categorized
385;Moentfund;1200;1399;Indicators_of_economic_activity;Coin findings
1356;Enkeltfund;750;1066;Not categorized;Not categorized
163;Moentfund;1200;1399;Indicators_of_economic_activity;Coin findings
1447;Gaard;1067;1399;Buildings;Farmstead
1356;Enkeltfund;750;1066;Not categorized;Not categorized
1356;Enkeltfund;750;1066;Not categorized;Not categorized
NA;Enkeltfund;1067;1199;Not categorized;Not categorized
33;Kulturlag;1400;1499;Not categorized;Not categorized
33;Kulturlag;1480;1500;Not categorized;Not categorized
1433;Enkeltfund;1300;1499;Not categorized;Not categorized
1432;Enkeltfund;750;1066;Not categorized;Not categorized
13;Diverse anlaeg og genstande, uspec undergruppe;1200;1299;Not categorized;Not categorized
13;Ler;1200;1399;Not categorized;Not categorized
78;Groeft (skel);1067;1399;Buildings;Ditch (boundary)
78;Affaldsgrube;1067;1299;Not categorized;Not categorized
1394;Bosaettelse, uspec undergruppe;1067;1299;Buildings;Settlement, unspecified subgroup
1387;Hus (evt. med stald);750;1066;Buildings;House (possibly with a stable)
342;Enkeltfund;900;1066;Not categorized;Not categorized
1718;Enkeltfund;900;1066;Not categorized;Not categorized
1588;Enkeltfund;1100;1200;Not categorized;Not categorized
1729;Bygning;1300;1499;Not categorized;Not categorized
1729;Brolaegning;1400;1499;Not categorized;Not categorized
1569;Voldgrav;1067;1299;Defensive;Moat
1492;Hus (evt. med stald);1200;1399;Buildings;House (possibly with a stable)
1324;Enkeltfund;1067;1299;Not categorized;Not categorized
1324;Enkeltfund;750;1066;Not categorized;Not categorized
1324;Enkeltfund;750;899;Not categorized;Not categorized
337;Moentfund;1200;1399;Indicators_of_economic_activity;Coin findings
1266;Enkeltfund;1067;1299;Not categorized;Not categorized
1266;Moentfund;1400;1499;Indicators_of_economic_activity;Coin findings
1266;Moentfund;1200;1399;Indicators_of_economic_activity;Coin findings
1569;Kulturlag;750;1066;Not categorized;Not categorized
1316;Enkeltfund;750;1066;Not categorized;Not categorized
1319;Enkeltfund;1067;1199;Not categorized;Not categorized
NA;Borg/Voldsted;1300;1399;Defensive;Castle/motte-and-bailey
1621;Kulturlag;1250;1350;Not categorized;Not categorized
1621;Affaldsgrube;1250;1350;Not categorized;Not categorized
1621;Stenlaegning/Stensamling;1250;1350;Not categorized;Not categorized
1533;Kulturlag;1200;1499;Not categorized;Not categorized
1533;Brolaegning;1200;1499;Not categorized;Not categorized
29;Enkeltfund;1067;1399;Not categorized;Not categorized
1393;Bygning;1067;1299;Not categorized;Not categorized
1614;Voldgrav;1067;1299;Defensive;Moat
1619;Broend;1200;1399;Buildings;Well
303;Bygningssten;1067;1299;Not categorized;Not categorized
16;Enkeltfund;1067;1399;Not categorized;Not categorized
1706;Hus (evt. med stald);750;1066;Buildings;House (possibly with a stable)
1706;Grubehus;750;1066;Buildings;Pit-house
1706;Grubehus;750;1066;Buildings;Pit-house
423;Enkeltfund;750;1066;Not categorized;Not categorized
1834;Moentfund;1300;1399;Indicators_of_economic_activity;Coin findings
423;Enkeltfund;750;1066;Not categorized;Not categorized
277;Enkeltfund;750;1066;Not categorized;Not categorized
277;Enkeltfund;1200;1299;Not categorized;Not categorized
1729;Enkeltfund;1067;1299;Not categorized;Not categorized
872;Hus (evt. med stald);1200;1499;Buildings;House (possibly with a stable)
17;Enkeltfund;1200;1499;Not categorized;Not categorized
29;Enkeltfund;750;1066;Not categorized;Not categorized
29;Enkeltfund;1067;1499;Not categorized;Not categorized
1285;Hus (evt. med stald);750;1066;Buildings;House (possibly with a stable)
1137;Enkeltfund;1200;1499;Not categorized;Not categorized
1141;Enkeltfund;1200;1399;Not categorized;Not categorized
1648;Bygning;1200;1399;Not categorized;Not categorized
1648;Klokkestabel/-taarn;1200;1399;Not categorized;Not categorized
29;Enkeltfund;1067;1399;Not categorized;Not categorized
385;Enkeltfund;750;1066;Not categorized;Not categorized
1201;Bygning;900;1066;Not categorized;Not categorized
1201;Grubehus;900;1066;Buildings;Pit-house
1201;Grubehus;900;1066;Buildings;Pit-house
1201;Hus (evt. med stald);1200;1399;Buildings;House (possibly with a stable)
1244;Hus (evt. med stald);900;1066;Buildings;House (possibly with a stable)
1244;Hegn/gaerde;750;1066;Buildings;Hedge/fence
1244;Grube (uspecificeret funktion);750;1066;Not categorized;Not categorized
332;Enkeltfund;1200;1499;Not categorized;Not categorized
1840;Enkeltfund;900;1066;Not categorized;Not categorized
337;Moentfund;750;1066;Indicators_of_economic_activity;Coin findings
1718;Tegl;1200;1399;Indicators_of_economic_activity;Brick
1137;Enkeltfund;1400;1499;Not categorized;Not categorized
391;Moentfund;1200;1399;Indicators_of_economic_activity;Coin findings
391;Moentfund;1200;1399;Indicators_of_economic_activity;Coin findings
338;Enkeltfund;900;1066;Not categorized;Not categorized
1136;Enkeltfund;1300;1499;Not categorized;Not categorized
1757;Moentfund;1200;1399;Indicators_of_economic_activity;Coin findings
1757;Hus (evt. med stald);1200;1400;Buildings;House (possibly with a stable)
1757;Hus (evt. med stald);1400;1500;Buildings;House (possibly with a stable)
NA;Diverse anlaeg og genstande, uspec undergruppe;900;900;Not categorized;Not categorized
121;Enkeltfund;1200;1399;Not categorized;Not categorized
1647;Enkeltfund;750;1066;Not categorized;Not categorized
1247;Affaldsgrube;750;1066;Not categorized;Not categorized
1247;Enkeltfund;750;1066;Not categorized;Not categorized
1247;Hegn/gaerde;958;985;Buildings;Hedge/fence
1390;Hus (evt. med stald);1200;1350;Buildings;House (possibly with a stable)
225;Enkeltfund;1250;1250;Not categorized;Not categorized
239;Moentfund;1250;1350;Indicators_of_economic_activity;Coin findings
228;Enkeltfund;800;1050;Not categorized;Not categorized
1338;Hovedbygning;750;1066;Buildings;Main building
1338;Hegn/gaerde;750;1066;Buildings;Hedge/fence
334;Moentfund;933;941;Indicators_of_economic_activity;Coin findings
1338;Broend;1067;1299;Buildings;Well
1338;Hovedbygning;1067;1299;Buildings;Main building
344;Enkeltfund;1067;1299;Not categorized;Not categorized
358;Jordfaestegrav;750;1066;Not categorized;Not categorized
3;Enkeltfund;750;1066;Not categorized;Not categorized
3;Enkeltfund;1067;1299;Not categorized;Not categorized
1247;Faestningsanlaeg;750;1066;Not categorized;Not categorized
1247;Faestningsanlaeg;750;1066;Not categorized;Not categorized
424;Moentfund;1200;1499;Indicators_of_economic_activity;Coin findings
1751;Enkeltfund;750;1066;Not categorized;Not categorized
384;Enkeltfund;750;1066;Not categorized;Not categorized
384;Moentfund;750;1066;Indicators_of_economic_activity;Coin findings
1352;Hus (evt. med stald);1067;1299;Buildings;House (possibly with a stable)
41;Enkeltfund;750;1066;Not categorized;Not categorized
1585;Affaldsgrube;1067;1299;Not categorized;Not categorized
1162;Bosaettelse, uspec undergruppe;750;1066;Buildings;Settlement, unspecified subgroup
1382;Voldgrav;1100;1250;Defensive;Moat
33;Enkeltfund;1286;1319;Not categorized;Not categorized
1350;Hus (evt. med stald);1067;1299;Buildings;House (possibly with a stable)
435;Enkeltfund;750;1066;Not categorized;Not categorized
1357;Hus (evt. med stald);1280;1380;Buildings;House (possibly with a stable)
1438;Jern;1250;1350;Indicators_of_economic_activity;Iron
1438;Broend;1250;1350;Buildings;Well
1438;Groeft (skel);1250;1350;Buildings;Ditch (boundary)
1830;Affaldsgrube;1067;1199;Not categorized;Not categorized
514;Enkeltfund;750;1066;Not categorized;Not categorized
1137;Enkeltfund;1200;1499;Not categorized;Not categorized
NA;Affaldsgrube;1200;1399;Not categorized;Not categorized
37;Enkeltfund;1200;1399;Not categorized;Not categorized
1464;Moentfund;1300;1399;Indicators_of_economic_activity;Coin findings
1493;Enkeltfund;750;1066;Not categorized;Not categorized
1798;Enkeltfund;1200;1299;Not categorized;Not categorized
1477;Enkeltfund;1067;1299;Not categorized;Not categorized
1477;Enkeltfund;1067;1299;Not categorized;Not categorized
1507;Moentfund;1067;1299;Indicators_of_economic_activity;Coin findings
1222;Diverse anlaeg og genstande, uspec undergruppe;1067;1499;Not categorized;Not categorized
1493;Moentfund;1200;1399;Indicators_of_economic_activity;Coin findings
341;Enkeltfund;900;1066;Not categorized;Not categorized
21;Enkeltfund;1067;1199;Not categorized;Not categorized
24;Enkeltfund;1067;1199;Not categorized;Not categorized
17;Enkeltfund;1067;1399;Not categorized;Not categorized
342;Enkeltfund;900;1066;Not categorized;Not categorized
1290;Grubehus;750;1066;Buildings;Pit-house
1290;Hus (evt. med stald);750;1066;Buildings;House (possibly with a stable)
1137;Enkeltfund;1200;1399;Not categorized;Not categorized
342;Enkeltfund;900;1066;Not categorized;Not categorized
1282;Hus (evt. med stald);750;899;Buildings;House (possibly with a stable)
1382;Voldgrav;800;900;Defensive;Moat
1382;Voldgrav;900;1000;Defensive;Moat
1382;Voldgrav;1200;1300;Defensive;Moat
1382;Kirkegaard;1100;1500;Not categorized;Not categorized
433;Enkeltfund;750;1066;Not categorized;Not categorized
433;Enkeltfund;750;899;Not categorized;Not categorized
1569;Grube (uspecificeret funktion);750;1066;Not categorized;Not categorized
1219;Grubehus;750;1066;Buildings;Pit-house
2;Kogegrube;900;1066;Not categorized;Not categorized
1247;Befaestning;900;1066;Defensive;Fortification
1247;Hus (evt. med stald);900;1066;Buildings;House (possibly with a stable)
1247;Befaestning;900;1066;Defensive;Fortification
1382;Voldgrav;900;1066;Defensive;Moat
895;Depotfund;750;1066;Distress;Hoard finds
481;Hus (evt. med stald);750;1066;Buildings;House (possibly with a stable)
349;Runesten;1075;1125;Not categorized;Not categorized
1115;Bygning;1200;1400;Not categorized;Not categorized
1115;Bygning;1200;1400;Not categorized;Not categorized
1115;Dige (ejerlav);1200;1400;Not categorized;Not categorized
1115;Broend;1200;1400;Buildings;Well
1115;Moentfund;1319;1332;Indicators_of_economic_activity;Coin findings
1569;Kulturlag;1200;1399;Not categorized;Not categorized
1569;Bageovn;1200;1399;Indicators_of_economic_activity;Bakery oven
1569;Brolaegning;1200;1399;Not categorized;Not categorized
1569;Affaldsgrube;1200;1399;Not categorized;Not categorized
1569;Moentfund;1300;1499;Indicators_of_economic_activity;Coin findings
61;Brandplet;750;899;Not categorized;Not categorized
350;Enkeltfund;900;1066;Not categorized;Not categorized
434;Enkeltfund;1067;1299;Not categorized;Not categorized
1576;Kulturlag;1067;1299;Not categorized;Not categorized
1105;Enkeltfund;750;1066;Not categorized;Not categorized
1514;Hus (evt. med stald);1067;1299;Buildings;House (possibly with a stable)
1614;Bygning;1300;1399;Not categorized;Not categorized
1614;Kulturlag;1067;1399;Not categorized;Not categorized
1792;Enkeltfund;1300;1399;Not categorized;Not categorized
605;Enkeltfund;750;1066;Not categorized;Not categorized
514;Enkeltfund;750;1066;Not categorized;Not categorized
1514;Hus (evt. med stald);1067;1299;Buildings;House (possibly with a stable)
1757;Enkeltfund;1067;1299;Not categorized;Not categorized
894;Jordfaestegrav;750;1066;Not categorized;Not categorized
410;Enkeltfund;750;1066;Not categorized;Not categorized
410;Moentfund;1200;1399;Indicators_of_economic_activity;Coin findings
821;Enkeltfund;750;1066;Not categorized;Not categorized
480;Enkeltfund;750;1066;Not categorized;Not categorized
480;Enkeltfund;1067;1299;Not categorized;Not categorized
1047;Enkeltfund;1300;1399;Not categorized;Not categorized
1577;Enkeltfund;750;899;Not categorized;Not categorized
1729;Jordfaestegrav;1300;1399;Not categorized;Not categorized
1729;Groeft (skel);1200;1499;Buildings;Ditch (boundary)
1729;Broend;1300;1399;Buildings;Well
1729;Kulturlag;1300;1399;Not categorized;Not categorized
410;Enkeltfund;750;1066;Not categorized;Not categorized
350;Enkeltfund;900;1066;Not categorized;Not categorized
1798;Enkeltfund;750;1066;Not categorized;Not categorized
1798;Diverse anlaeg og genstande, uspec undergruppe;750;1066;Not categorized;Not categorized
1798;Diverse anlaeg og genstande, uspec undergruppe;750;1066;Not categorized;Not categorized
146;Enkeltfund;1200;1399;Not categorized;Not categorized
146;Moentfund;1200;1399;Indicators_of_economic_activity;Coin findings
1384;Enkeltfund;1200;1399;Not categorized;Not categorized
1066;Diverse anlaeg og genstande, uspec undergruppe;750;1066;Not categorized;Not categorized
1119;Enkeltfund;900;1066;Not categorized;Not categorized
1210;Moentfund;1200;1499;Indicators_of_economic_activity;Coin findings
410;Moentfund;1200;1399;Indicators_of_economic_activity;Coin findings
410;Enkeltfund;750;1066;Not categorized;Not categorized
410;Enkeltfund;1067;1299;Not categorized;Not categorized
410;Moentfund;900;1066;Indicators_of_economic_activity;Coin findings
410;Moentfund;1200;1499;Indicators_of_economic_activity;Coin findings
410;Enkeltfund;750;1066;Not categorized;Not categorized
410;Enkeltfund;1067;1299;Not categorized;Not categorized
431;Enkeltfund;900;1066;Not categorized;Not categorized
1719;Enkeltfund;1200;1499;Not categorized;Not categorized
1386;Hus (evt. med stald);750;1066;Buildings;House (possibly with a stable)
1639;Enkeltfund;1150;1225;Not categorized;Not categorized
1132;Enkeltfund;750;1066;Not categorized;Not categorized
NA;Bosaettelse, uspec undergruppe;1100;1450;Buildings;Settlement, unspecified subgroup
292;Bygning;1400;1499;Not categorized;Not categorized
1382;Vej;1150;1300;Not categorized;Not categorized
1551;Vandmoelle;1067;1299;Indicators_of_economic_activity;Water mill
444;Moentfund;750;1066;Indicators_of_economic_activity;Coin findings
909;Enkeltfund;1067;1499;Not categorized;Not categorized
1751;Enkeltfund;1067;1299;Not categorized;Not categorized
1587;Enkeltfund;1400;1500;Not categorized;Not categorized
1587;Enkeltfund;1100;1500;Not categorized;Not categorized
NA;Enkeltfund;1067;1399;Not categorized;Not categorized
NA;Grubehus;750;1066;Buildings;Pit-house
1525;Forraadshus;1067;1199;Not categorized;Not categorized
1540;Moentfund;750;1066;Indicators_of_economic_activity;Coin findings
1507;Moentfund;1441;1493;Indicators_of_economic_activity;Coin findings
NA;Enkeltfund;750;1066;Not categorized;Not categorized
1285;Bygning;750;899;Not categorized;Not categorized
1285;Bygning;900;1066;Not categorized;Not categorized
413;Enkeltfund;1200;1399;Not categorized;Not categorized
1623;Enkeltfund;750;899;Not categorized;Not categorized
1247;Befaestning;750;1066;Defensive;Fortification
1588;Moentfund;1200;1300;Indicators_of_economic_activity;Coin findings
107;Enkeltfund;800;1000;Not categorized;Not categorized
1757;Bygning;750;1066;Not categorized;Not categorized
1404;Enkeltfund;750;1066;Not categorized;Not categorized
1095;Enkeltfund;750;1066;Not categorized;Not categorized
1252;Hus (evt. med stald);1067;1299;Buildings;House (possibly with a stable)
434;Enkeltfund;1067;1299;Not categorized;Not categorized
1390;Enkeltfund;750;1066;Not categorized;Not categorized
NA;Enkeltfund;750;1066;Not categorized;Not categorized
976;Diverse anlaeg og genstande, uspec undergruppe;1067;1399;Not categorized;Not categorized
1126;Moentfund;1285;1314;Indicators_of_economic_activity;Coin findings
1792;Enkeltfund;1300;1400;Not categorized;Not categorized
1136;Diverse anlaeg og genstande, uspec undergruppe;750;1066;Not categorized;Not categorized
1843;Diverse anlaeg og genstande, uspec undergruppe;750;1066;Not categorized;Not categorized
1370;Hus (evt. med stald);1067;1299;Buildings;House (possibly with a stable)
1370;Hus (evt. med stald);900;1066;Buildings;House (possibly with a stable)
1370;Bosaettelse, uspec undergruppe;1067;1299;Buildings;Settlement, unspecified subgroup
1656;Sejlloeb;750;1066;Not categorized;Not categorized
185;Moentfund;1300;1399;Indicators_of_economic_activity;Coin findings
185;Moentfund;1400;1499;Indicators_of_economic_activity;Coin findings
1505;Gaard;1067;1299;Buildings;Farmstead
413;Enkeltfund;750;1066;Not categorized;Not categorized
214;Brandgrav (uspecificeret type);750;1066;Not categorized;Not categorized
1537;Bygning;1067;1199;Not categorized;Not categorized
1056;Bygning;750;1066;Not categorized;Not categorized
180;Moentfund;1400;1499;Indicators_of_economic_activity;Coin findings
1108;Grubehus;900;1066;Buildings;Pit-house
1108;Bygning;900;1066;Not categorized;Not categorized
1108;Sekundaer subsistens/produktion, uspec undergruppe;900;1066;Not categorized;Not categorized
1614;Kulturlag;1325;1440;Not categorized;Not categorized
1614;Kulturlag;1151;1225;Not categorized;Not categorized
1614;Kulturlag;1393;1440;Not categorized;Not categorized
217;Enkeltfund;1280;1340;Not categorized;Not categorized
691;Kulturlag;1300;1499;Not categorized;Not categorized
1800;Enkeltfund;750;899;Not categorized;Not categorized
1800;Enkeltfund;750;899;Not categorized;Not categorized
411;Enkeltfund;750;1066;Not categorized;Not categorized
413;Enkeltfund;750;1066;Not categorized;Not categorized
1333;Bosaettelse, uspec undergruppe;750;1066;Buildings;Settlement, unspecified subgroup
1138;Bosaettelse, uspec undergruppe;750;1066;Buildings;Settlement, unspecified subgroup
1138;Gaard;1067;1299;Buildings;Farmstead
1138;Hus (evt. med stald);750;1066;Buildings;House (possibly with a stable)
1507;Groeft (skel);1067;1299;Buildings;Ditch (boundary)
1139;Kulturlag;1067;1499;Not categorized;Not categorized
1139;Hegn/gaerde;1067;1399;Buildings;Hedge/fence
416;Enkeltfund;750;1066;Not categorized;Not categorized
1569;Diverse anlaeg og genstande, uspec undergruppe;1300;1499;Not categorized;Not categorized
1569;Kulturlag;750;1066;Not categorized;Not categorized
336;Moentfund;1200;1499;Indicators_of_economic_activity;Coin findings
1771;Moentfund;1200;1299;Indicators_of_economic_activity;Coin findings
1455;Bosaettelse, uspec undergruppe;1200;1399;Buildings;Settlement, unspecified subgroup
1455;Bageovn;1200;1399;Indicators_of_economic_activity;Bakery oven
761;Moentfund;1200;1499;Indicators_of_economic_activity;Coin findings
1525;Gaard;1067;1299;Buildings;Farmstead
1525;Hovedbygning;1067;1299;Buildings;Main building
1525;Broend;1067;1299;Buildings;Well
1525;Forraadshus;1067;1299;Not categorized;Not categorized
1527;Gaard;1200;1325;Buildings;Farmstead
1729;Bygning;1200;1299;Not categorized;Not categorized
1801;Bosaettelse, uspec undergruppe;1067;1299;Buildings;Settlement, unspecified subgroup
1619;Brolaegning;1200;1500;Not categorized;Not categorized
1341;Hus (evt. med stald);900;1066;Buildings;House (possibly with a stable)
108;Enkeltfund;750;1066;Not categorized;Not categorized
1606;Gaard;1067;1299;Buildings;Farmstead
216;Bygningssten;1200;1500;Not categorized;Not categorized
1750;Enkeltfund;1067;1199;Not categorized;Not categorized
NA;Moentfund;1200;1399;Indicators_of_economic_activity;Coin findings
1619;Grube (uspecificeret funktion);1250;1400;Not categorized;Not categorized
1177;Enkeltfund;1200;1500;Not categorized;Not categorized
413;Enkeltfund;750;1066;Not categorized;Not categorized
413;Moentfund;1200;1399;Indicators_of_economic_activity;Coin findings
1565;Begravelsesplads;750;1066;Not categorized;Not categorized
487;Enkeltfund;1067;1299;Not categorized;Not categorized
1351;Enkeltfund;1067;1299;Not categorized;Not categorized
NA;Enkeltfund;1247;1273;Not categorized;Not categorized
411;Enkeltfund;750;1066;Not categorized;Not categorized
482;Broend;1067;1299;Buildings;Well
1750;Enkeltfund;750;1066;Not categorized;Not categorized
417;Enkeltfund;750;899;Not categorized;Not categorized
1702;Bosaettelse, uspec undergruppe;1200;1399;Buildings;Settlement, unspecified subgroup
1642;Klosteranlaeg;1067;1499;Religious;Monastery complex
1136;Enkeltfund;950;1050;Not categorized;Not categorized
417;Enkeltfund;750;1066;Not categorized;Not categorized
1531;Enkeltfund;1200;1499;Not categorized;Not categorized
1210;Jordfaestegrav;750;1066;Not categorized;Not categorized
1727;Enkeltfund;1250;1450;Not categorized;Not categorized
416;Enkeltfund;750;1066;Not categorized;Not categorized
416;Moentfund;750;1066;Indicators_of_economic_activity;Coin findings
1217;Runesten;750;1066;Not categorized;Not categorized
1773;Befaestning;1300;1499;Defensive;Fortification
1387;Enkeltfund;750;1066;Not categorized;Not categorized
1533;Voldgrav;1300;1350;Defensive;Moat
976;Enkeltfund;750;1066;Not categorized;Not categorized
81;Grubehus;900;1066;Buildings;Pit-house
911;Enkeltfund;750;1066;Not categorized;Not categorized
716;Moentfund;1200;1499;Indicators_of_economic_activity;Coin findings
NA;Grubehus;750;1066;Buildings;Pit-house
1285;Hus (evt. med stald);750;1066;Buildings;House (possibly with a stable)
1285;Grubehus;750;1066;Buildings;Pit-house
1285;Grube (uspecificeret funktion);750;1066;Not categorized;Not categorized
1290;Grubehus;750;1066;Buildings;Pit-house
1290;Grubehus;750;1066;Buildings;Pit-house
1706;Grubehus;750;1066;Buildings;Pit-house
1706;Grube (uspecificeret funktion);750;1066;Not categorized;Not categorized
1407;Grube (uspecificeret funktion);750;1066;Not categorized;Not categorized
1407;Grubehus;750;1066;Buildings;Pit-house
1411;Hus (evt. med stald);750;1066;Buildings;House (possibly with a stable)
1411;Grubehus;750;1066;Buildings;Pit-house
1411;Hegn/gaerde;750;1066;Buildings;Hedge/fence
1411;Stolpehul m. uvis funktion;750;1066;Buildings;Posthole with unknown function
1661;Grubehus;750;1066;Buildings;Pit-house
1661;Grube (uspecificeret funktion);750;1066;Not categorized;Not categorized
1809;Moentfund;1200;1399;Indicators_of_economic_activity;Coin findings
1115;Bygning;1250;1350;Not categorized;Not categorized
1762;Enkeltfund;1067;1199;Not categorized;Not categorized
1755;Moentfund;1200;1499;Indicators_of_economic_activity;Coin findings
1755;Enkeltfund;750;1066;Not categorized;Not categorized
1755;Enkeltfund;1067;1199;Not categorized;Not categorized
1673;Enkeltfund;750;1066;Not categorized;Not categorized
1482;Hus (evt. med stald);750;1066;Buildings;House (possibly with a stable)
945;Enkeltfund;1067;1299;Not categorized;Not categorized
416;Enkeltfund;750;1066;Not categorized;Not categorized
416;Moentfund;1200;1499;Indicators_of_economic_activity;Coin findings
851;Enkeltfund;900;1066;Not categorized;Not categorized
NA;Borg/Voldsted;1100;1500;Defensive;Castle/motte-and-bailey
919;Hus (evt. med stald);750;1066;Buildings;House (possibly with a stable)
919;Grubehus;750;1066;Buildings;Pit-house
919;Enkeltfund;750;1066;Not categorized;Not categorized
487;Enkeltfund;750;1066;Not categorized;Not categorized
487;Moentfund;900;1066;Indicators_of_economic_activity;Coin findings
487;Enkeltfund;1067;1199;Not categorized;Not categorized
NA;Enkeltfund;750;1066;Not categorized;Not categorized
NA;Enkeltfund;1067;1299;Not categorized;Not categorized
NA;Moentfund;750;1066;Indicators_of_economic_activity;Coin findings
NA;Moentfund;1200;1399;Indicators_of_economic_activity;Coin findings
1761;Moentfund;1200;1499;Indicators_of_economic_activity;Coin findings
1761;Enkeltfund;1067;1299;Not categorized;Not categorized
180;Moentfund;1300;1399;Indicators_of_economic_activity;Coin findings
205;Moentfund;750;1066;Indicators_of_economic_activity;Coin findings
205;Moentfund;1300;1399;Indicators_of_economic_activity;Coin findings
205;Moentfund;1200;1499;Indicators_of_economic_activity;Coin findings
1266;Begravelse, uspec undergruppe;750;1066;Not categorized;Not categorized
1352;Moentfund;1300;1399;Indicators_of_economic_activity;Coin findings
1352;Enkeltfund;750;1066;Not categorized;Not categorized
1432;Fartoej;1469;1499;Not categorized;Not categorized
1432;Landingsplads;1400;1499;Not categorized;Not categorized
1316;Hus (evt. med stald);750;1066;Buildings;House (possibly with a stable)
411;Enkeltfund;1067;1199;Not categorized;Not categorized
411;Moentfund;1200;1499;Indicators_of_economic_activity;Coin findings
1021;Bygning;1300;1399;Not categorized;Not categorized
1311;Hus (evt. med stald);750;1066;Buildings;House (possibly with a stable)
1614;Affaldsgrube;937;1047;Not categorized;Not categorized
43;Enkeltfund;750;1066;Not categorized;Not categorized
1719;Enkeltfund;1300;1399;Not categorized;Not categorized
480;Moentfund;1200;1399;Indicators_of_economic_activity;Coin findings
480;Moentfund;1067;1199;Indicators_of_economic_activity;Coin findings
NA;Vej;1300;1499;Not categorized;Not categorized
NA;Affaldsgrube;1300;1499;Not categorized;Not categorized
NA;Jordfaestegrav;1067;1499;Not categorized;Not categorized
69;Enkeltfund;750;1000;Not categorized;Not categorized
480;Enkeltfund;750;1066;Not categorized;Not categorized
480;Enkeltfund;1067;1299;Not categorized;Not categorized
480;Moentfund;1200;1399;Indicators_of_economic_activity;Coin findings
1785;Enkeltfund;750;1066;Not categorized;Not categorized
1539;Jern;1315;1445;Indicators_of_economic_activity;Iron
1574;Enkeltfund;1067;1299;Not categorized;Not categorized
434;Enkeltfund;900;1066;Not categorized;Not categorized
434;Enkeltfund;750;1066;Not categorized;Not categorized
245;Enkeltfund;1067;1299;Not categorized;Not categorized
609;Gaard;1067;1199;Buildings;Farmstead
1719;Moentfund;1200;1399;Indicators_of_economic_activity;Coin findings
1741;Enkeltfund;750;1066;Not categorized;Not categorized
1029;Grubehus;750;1066;Buildings;Pit-house
NA;Borg/Voldsted;1300;1400;Defensive;Castle/motte-and-bailey
1628;Enkeltfund;1067;1299;Not categorized;Not categorized
1619;Moentfund;1300;1450;Indicators_of_economic_activity;Coin findings
87;Enkeltfund;1100;1500;Not categorized;Not categorized
1384;Enkeltfund;750;1066;Not categorized;Not categorized
894;Kulturlag;1300;1399;Not categorized;Not categorized
1179;Gaard;1067;1299;Buildings;Farmstead
1201;Affaldsgrube;750;1066;Not categorized;Not categorized
1098;Jordfaestegrav;750;1066;Not categorized;Not categorized
1098;Kirkegaard;750;1066;Not categorized;Not categorized
1098;Hegn/gaerde;1067;1299;Buildings;Hedge/fence
1397;Hus (evt. med stald);1067;1299;Buildings;House (possibly with a stable)
1637;Moentfund;1200;1399;Indicators_of_economic_activity;Coin findings
535;Hus (evt. med stald);1067;1199;Buildings;House (possibly with a stable)
1833;Enkeltfund;1200;1399;Not categorized;Not categorized
1644;Hus (evt. med stald);1067;1299;Buildings;House (possibly with a stable)
411;Enkeltfund;750;899;Not categorized;Not categorized
205;Enkeltfund;1300;1499;Not categorized;Not categorized
1064;Enkeltfund;750;1066;Not categorized;Not categorized
428;Moentfund;1067;1399;Indicators_of_economic_activity;Coin findings
432;Moentfund;1200;1499;Indicators_of_economic_activity;Coin findings
432;Enkeltfund;750;899;Not categorized;Not categorized
1371;Paeleraekke (uspecificeret);1300;1399;Not categorized;Not categorized
1233;Moentfund;1300;1399;Indicators_of_economic_activity;Coin findings
1233;Enkeltfund;750;899;Not categorized;Not categorized
1233;Enkeltfund;750;1066;Not categorized;Not categorized
1591;Enkeltfund;1300;1399;Not categorized;Not categorized
252;Bygning;1067;1299;Not categorized;Not categorized
252;Grube (uspecificeret funktion);1067;1299;Not categorized;Not categorized
NA;Enkeltfund;1400;1499;Not categorized;Not categorized
1480;Enkeltfund;842;845;Not categorized;Not categorized
1569;Kulturlag;900;1066;Not categorized;Not categorized
1569;Metal;900;1066;Indicators_of_economic_activity;Metal
1569;Bageovn;900;1066;Indicators_of_economic_activity;Bakery oven
275;Runesten;800;950;Not categorized;Not categorized
1747;Moentfund;1200;1399;Indicators_of_economic_activity;Coin findings
1718;Moentfund;1300;1399;Indicators_of_economic_activity;Coin findings
336;Enkeltfund;900;1066;Not categorized;Not categorized
529;Dyrkningsspor;1200;1500;Not categorized;Not categorized
528;Bygning;1067;1299;Not categorized;Not categorized
528;Moentfund;1300;1499;Indicators_of_economic_activity;Coin findings
1639;Kulturlag;1300;1399;Not categorized;Not categorized
1020;Jordfaestegrav;750;1066;Not categorized;Not categorized
347;Enkeltfund;750;899;Not categorized;Not categorized
347;Bosaettelse, uspec undergruppe;750;899;Buildings;Settlement, unspecified subgroup
347;Depotfund;860;865;Distress;Hoard finds
347;Moentfund;1200;1399;Indicators_of_economic_activity;Coin findings
1569;Kulturlag;1067;1199;Not categorized;Not categorized
1569;Vej;1200;1299;Not categorized;Not categorized
1572;Affaldsgrube;1200;1399;Not categorized;Not categorized
1109;Affaldsgrube;1300;1399;Not categorized;Not categorized
1132;Moentfund;990;1015;Indicators_of_economic_activity;Coin findings
1721;Enkeltfund;1182;1202;Not categorized;Not categorized
344;Borg/Voldsted;1067;1299;Defensive;Castle/motte-and-bailey
344;Moentfund;1067;1299;Indicators_of_economic_activity;Coin findings
1767;Moelledaemning;1200;1399;Indicators_of_economic_activity;Mill dam
1767;Daemning (uspecificeret);1200;1399;Not categorized;Not categorized
10;Enkeltfund;750;1066;Not categorized;Not categorized
1594;Enkeltfund;1200;1499;Not categorized;Not categorized
1542;Enkeltfund;750;1066;Not categorized;Not categorized
1788;Begravelsesplads;750;899;Not categorized;Not categorized
1788;Benhob;750;899;Not categorized;Not categorized
1788;Hus (evt. med stald);750;1066;Buildings;House (possibly with a stable)
1789;Moentfund;1200;1399;Indicators_of_economic_activity;Coin findings
162;Moentfund;1200;1399;Indicators_of_economic_activity;Coin findings
1619;Kulturlag;1200;1499;Not categorized;Not categorized
1247;Kirke;1067;1199;Religious;Church
1247;Moentfund;1200;1299;Indicators_of_economic_activity;Coin findings
1135;Enkeltfund;750;1066;Not categorized;Not categorized
1623;Diverse anlaeg og genstande, uspec undergruppe;1067;1299;Not categorized;Not categorized
1184;Enkeltfund;1350;1450;Not categorized;Not categorized
1635;Bygning;750;1066;Not categorized;Not categorized
1635;Bygning;1067;1299;Not categorized;Not categorized
1750;Enkeltfund;750;1066;Not categorized;Not categorized
1750;Moentfund;750;1066;Indicators_of_economic_activity;Coin findings
453;Vogndel;1067;1299;Not categorized;Not categorized
140;Enkeltfund;750;1066;Not categorized;Not categorized
1839;Moentfund;1200;1500;Indicators_of_economic_activity;Coin findings
216;Bygning;1067;1299;Not categorized;Not categorized
334;Enkeltfund;750;899;Not categorized;Not categorized
334;Moentfund;820;827;Indicators_of_economic_activity;Coin findings
381;Voldgrav;1067;1299;Defensive;Moat
381;Stenlaegning/Stensamling;1067;1299;Not categorized;Not categorized
381;Grube (uspecificeret funktion);1067;1299;Not categorized;Not categorized
381;Stolpehul m. uvis funktion;1067;1299;Buildings;Posthole with unknown function
381;Enkeltfund;1067;1299;Not categorized;Not categorized
48;Grubehus;1067;1299;Buildings;Pit-house
454;Enkeltfund;1067;1199;Not categorized;Not categorized
1719;Klosteranlaeg;1200;1399;Religious;Monastery complex
38;Enkeltfund;1300;1499;Not categorized;Not categorized
1201;Enkeltfund;1300;1499;Not categorized;Not categorized
1201;Bosaettelse, uspec undergruppe;1300;1499;Buildings;Settlement, unspecified subgroup
336;Enkeltfund;750;899;Not categorized;Not categorized
1127;Begravelsesplads;900;1066;Not categorized;Not categorized
1624;Jern;1067;1299;Indicators_of_economic_activity;Iron
1624;Kulturlag;1067;1299;Not categorized;Not categorized
1530;Hus (evt. med stald);1067;1299;Buildings;House (possibly with a stable)
41;Enkeltfund;750;899;Not categorized;Not categorized
41;Enkeltfund;1200;1399;Not categorized;Not categorized
1541;Enkeltfund;850;950;Not categorized;Not categorized
877;Jordfaestegrav;950;999;Not categorized;Not categorized
1579;Moentfund;1200;1399;Indicators_of_economic_activity;Coin findings
369;Moentfund;1286;1332;Indicators_of_economic_activity;Coin findings
233;Enkeltfund;750;1066;Not categorized;Not categorized
385;Moentfund;750;1066;Indicators_of_economic_activity;Coin findings
385;Enkeltfund;750;1066;Not categorized;Not categorized
1788;Moentfund;1067;1299;Indicators_of_economic_activity;Coin findings
1091;Enkeltfund;750;1066;Not categorized;Not categorized
1579;Moentfund;1286;1360;Indicators_of_economic_activity;Coin findings
1579;Moentfund;1200;1399;Indicators_of_economic_activity;Coin findings
184;Moentfund;1200;1399;Indicators_of_economic_activity;Coin findings
1718;Kulturlag;1200;1399;Not categorized;Not categorized
1579;Moentfund;1067;1399;Indicators_of_economic_activity;Coin findings
195;Moentfund;1200;1399;Indicators_of_economic_activity;Coin findings
1620;Moentfund;1200;1399;Indicators_of_economic_activity;Coin findings
148;Moentfund;1200;1399;Indicators_of_economic_activity;Coin findings
1579;Moentfund;1200;1399;Indicators_of_economic_activity;Coin findings
NA;Moentfund;1286;1435;Indicators_of_economic_activity;Coin findings
222;Hegn/gaerde;1067;1299;Buildings;Hedge/fence
222;Affaldsgrube;1200;1399;Not categorized;Not categorized
222;Stolpehul m. uvis funktion;1067;1499;Buildings;Posthole with unknown function
393;Enkeltfund;750;1066;Not categorized;Not categorized
393;Moentfund;1200;1399;Indicators_of_economic_activity;Coin findings
1833;Moentfund;1286;1360;Indicators_of_economic_activity;Coin findings
1823;Enkeltfund;750;1066;Not categorized;Not categorized
1823;Moentfund;1200;1399;Indicators_of_economic_activity;Coin findings
378;Moentfund;1422;1423;Indicators_of_economic_activity;Coin findings
135;Enkeltfund;1067;1299;Not categorized;Not categorized
1803;Moentfund;750;1066;Indicators_of_economic_activity;Coin findings
1803;Enkeltfund;750;1066;Not categorized;Not categorized
894;Hus (evt. med stald);750;1066;Buildings;House (possibly with a stable)
894;Hus (evt. med stald);1067;1299;Buildings;House (possibly with a stable)
894;Oedekirke;1100;1200;Not categorized;Not categorized
894;Oedekirkegaard;1100;1200;Not categorized;Not categorized
365;Moentfund;1200;1399;Indicators_of_economic_activity;Coin findings
365;Moentfund;1200;1399;Indicators_of_economic_activity;Coin findings
408;Enkeltfund;750;899;Not categorized;Not categorized
485;Moentfund;1400;1499;Indicators_of_economic_activity;Coin findings
1636;Enkeltfund;1400;1499;Not categorized;Not categorized
1066;Enkeltfund;750;1066;Not categorized;Not categorized
1638;Enkeltfund;750;1066;Not categorized;Not categorized
1636;Enkeltfund;750;1066;Not categorized;Not categorized
1229;Enkeltfund;750;1066;Not categorized;Not categorized
1553;Groeft (skel);1067;1299;Buildings;Ditch (boundary)
1553;Grube (uspecificeret funktion);1067;1299;Not categorized;Not categorized
1628;Moentfund;1300;1499;Indicators_of_economic_activity;Coin findings
1579;Enkeltfund;750;1066;Not categorized;Not categorized
1340;Hus (evt. med stald);750;1066;Buildings;House (possibly with a stable)
1538;Hus (evt. med stald);750;1066;Buildings;House (possibly with a stable)
416;Enkeltfund;750;1066;Not categorized;Not categorized
381;Moentfund;1200;1399;Indicators_of_economic_activity;Coin findings
379;Moentfund;750;1066;Indicators_of_economic_activity;Coin findings
1244;Diverse anlaeg og genstande, uspec undergruppe;800;1000;Not categorized;Not categorized
1579;Enkeltfund;1200;1399;Not categorized;Not categorized
1823;Enkeltfund;1200;1399;Not categorized;Not categorized
1823;Moentfund;1200;1399;Indicators_of_economic_activity;Coin findings
1823;Enkeltfund;1200;1399;Not categorized;Not categorized
384;Enkeltfund;750;1066;Not categorized;Not categorized
384;Enkeltfund;1200;1399;Not categorized;Not categorized
352;Enkeltfund;750;1066;Not categorized;Not categorized
841;Kirke;900;1066;Religious;Church
1138;Borg/Voldsted;1200;1499;Defensive;Castle/motte-and-bailey
341;Enkeltfund;750;1066;Not categorized;Not categorized
338;Enkeltfund;750;1066;Not categorized;Not categorized
1252;Jordfaestegrav;750;1066;Not categorized;Not categorized
1162;Enkeltfund;1067;1499;Not categorized;Not categorized
1162;Enkeltfund;1300;1399;Not categorized;Not categorized
1068;Kors;950;1050;Religious;Cross
1743;Enkeltfund;750;1066;Not categorized;Not categorized
1743;Enkeltfund;750;1066;Not categorized;Not categorized
1610;Enkeltfund;1067;1500;Not categorized;Not categorized
1719;Metal;1067;1299;Indicators_of_economic_activity;Metal
338;Enkeltfund;900;1066;Not categorized;Not categorized
347;Enkeltfund;750;1066;Not categorized;Not categorized
347;Moentfund;1200;1399;Indicators_of_economic_activity;Coin findings
347;Enkeltfund;900;1066;Not categorized;Not categorized
347;Moentfund;900;1066;Indicators_of_economic_activity;Coin findings
NA;Bygning;1067;1499;Not categorized;Not categorized
340;Moentfund;900;1040;Indicators_of_economic_activity;Coin findings
NA;Moentfund;1286;1360;Indicators_of_economic_activity;Coin findings
1260;Bygning;750;1066;Not categorized;Not categorized
1247;Hegn/gaerde;750;1066;Buildings;Hedge/fence
454;Enkeltfund;750;1066;Not categorized;Not categorized
454;Enkeltfund;750;899;Not categorized;Not categorized
454;Enkeltfund;1200;1399;Not categorized;Not categorized
454;Moentfund;1200;1499;Indicators_of_economic_activity;Coin findings
454;Enkeltfund;1067;1299;Not categorized;Not categorized
438;Enkeltfund;1200;1399;Not categorized;Not categorized
438;Enkeltfund;750;1066;Not categorized;Not categorized
438;Moentfund;1200;1399;Indicators_of_economic_activity;Coin findings
1095;Grubehus;750;1066;Buildings;Pit-house
343;Moentfund;1400;1499;Indicators_of_economic_activity;Coin findings
153;Hus (evt. med stald);750;1066;Buildings;House (possibly with a stable)
1543;Bygning;1067;1199;Not categorized;Not categorized
1747;Moentfund;1200;1499;Indicators_of_economic_activity;Coin findings
1018;Bygning;900;1066;Not categorized;Not categorized
1018;Affaldsgrube;750;1066;Not categorized;Not categorized
1018;Broend;750;1066;Buildings;Well
1018;Bygning;1067;1299;Not categorized;Not categorized
822;Enkeltfund;750;1066;Not categorized;Not categorized
467;Hus (evt. med stald);1200;1500;Buildings;House (possibly with a stable)
657;Bosaettelse, uspec undergruppe;1200;1399;Buildings;Settlement, unspecified subgroup
350;Enkeltfund;750;1066;Not categorized;Not categorized
38;Enkeltfund;750;1066;Not categorized;Not categorized
81;Grube (uspecificeret funktion);900;1066;Not categorized;Not categorized
416;Enkeltfund;1300;1399;Not categorized;Not categorized
416;Moentfund;750;1066;Indicators_of_economic_activity;Coin findings
1599;Runesten;1250;1275;Not categorized;Not categorized
1823;Moentfund;1200;1399;Indicators_of_economic_activity;Coin findings
1823;Moentfund;1200;1399;Indicators_of_economic_activity;Coin findings
1793;Affaldsgrube;1200;1399;Not categorized;Not categorized
1569;Grubehus;750;1066;Buildings;Pit-house
766;Moentfund;1300;1499;Indicators_of_economic_activity;Coin findings
216;Enkeltfund;1067;1299;Not categorized;Not categorized
350;Enkeltfund;750;1066;Not categorized;Not categorized
350;Moentfund;750;1066;Indicators_of_economic_activity;Coin findings
413;Moentfund;1300;1499;Indicators_of_economic_activity;Coin findings
413;Enkeltfund;900;1066;Not categorized;Not categorized
410;Moentfund;1200;1499;Indicators_of_economic_activity;Coin findings
1845;Moentfund;1200;1399;Indicators_of_economic_activity;Coin findings
1845;Moentfund;1200;1399;Indicators_of_economic_activity;Coin findings
1757;Moentfund;1300;1399;Indicators_of_economic_activity;Coin findings
16;Grubehus;750;1066;Buildings;Pit-house
880;Depotfund;750;1066;Distress;Hoard finds
104;Diverse anlaeg og genstande, uspec undergruppe;1200;1500;Not categorized;Not categorized
309;Groeft (skel);1067;1299;Buildings;Ditch (boundary)
987;Enkeltfund;1200;1399;Not categorized;Not categorized
471;Moentfund;1200;1399;Indicators_of_economic_activity;Coin findings
1527;Hus (evt. med stald);750;1066;Buildings;House (possibly with a stable)
1749;Bosaettelse, uspec undergruppe;1200;1399;Buildings;Settlement, unspecified subgroup
424;Enkeltfund;750;1066;Not categorized;Not categorized
424;Enkeltfund;1067;1299;Not categorized;Not categorized
424;Moentfund;750;1066;Indicators_of_economic_activity;Coin findings
337;Moentfund;983;1040;Indicators_of_economic_activity;Coin findings
1605;Bolvaerk;1420;1440;Not categorized;Not categorized
10;Enkeltfund;1067;1299;Not categorized;Not categorized
1671;Enkeltfund;1279;1335;Not categorized;Not categorized
1073;Enkeltfund;750;1066;Not categorized;Not categorized
880;Hus (evt. med stald);1067;1155;Buildings;House (possibly with a stable)
144;Moentfund;1300;1399;Indicators_of_economic_activity;Coin findings
1641;Begravelsesplads;900;1066;Not categorized;Not categorized
1641;Kammergrav;900;1066;Not categorized;Not categorized
1787;Moentfund;1200;1399;Indicators_of_economic_activity;Coin findings
137;Moentfund;1200;1399;Indicators_of_economic_activity;Coin findings
137;Moentfund;1200;1399;Indicators_of_economic_activity;Coin findings
1718;Moentfund;1200;1299;Indicators_of_economic_activity;Coin findings
1718;Moentfund;1200;1299;Indicators_of_economic_activity;Coin findings
1823;Enkeltfund;1067;1299;Not categorized;Not categorized
1823;Enkeltfund;750;1066;Not categorized;Not categorized
1823;Moentfund;1300;1399;Indicators_of_economic_activity;Coin findings
1434;Hus (evt. med stald);1067;1299;Buildings;House (possibly with a stable)
1587;Moentfund;1200;1299;Indicators_of_economic_activity;Coin findings
1587;Moentfund;1200;1299;Indicators_of_economic_activity;Coin findings
1504;Enkeltfund;750;1066;Not categorized;Not categorized
1443;Enkeltfund;1067;1299;Not categorized;Not categorized
1474;Enkeltfund;1200;1399;Not categorized;Not categorized
1837;Enkeltfund;1300;1400;Not categorized;Not categorized
1569;Bygning;1200;1400;Not categorized;Not categorized
1569;Grubehus;900;1066;Buildings;Pit-house
1569;Bygning;1067;1299;Not categorized;Not categorized
1569;Gangareal;1067;1299;Not categorized;Not categorized
1569;Hegn/gaerde;1067;1299;Buildings;Hedge/fence
1569;Grubehus;750;1066;Buildings;Pit-house
1569;Broend;1200;1399;Buildings;Well
1569;Affaldsgrube;1200;1399;Not categorized;Not categorized
1569;Grubehus;750;1066;Buildings;Pit-house
894;Vej;1067;1299;Not categorized;Not categorized
1735;Enkeltfund;750;1066;Not categorized;Not categorized
1132;Enkeltfund;750;1066;Not categorized;Not categorized
1761;Enkeltfund;1067;1299;Not categorized;Not categorized
1761;Moentfund;1200;1499;Indicators_of_economic_activity;Coin findings
1761;Enkeltfund;900;1066;Not categorized;Not categorized
454;Enkeltfund;750;1066;Not categorized;Not categorized
454;Enkeltfund;1067;1299;Not categorized;Not categorized
454;Moentfund;750;1066;Indicators_of_economic_activity;Coin findings
1761;Enkeltfund;1067;1299;Not categorized;Not categorized
1761;Moentfund;1200;1399;Indicators_of_economic_activity;Coin findings
NA;Votivfund;750;1066;Not categorized;Not categorized
514;Enkeltfund;750;1066;Not categorized;Not categorized
514;Enkeltfund;1067;1199;Not categorized;Not categorized
514;Moentfund;1200;1399;Indicators_of_economic_activity;Coin findings
514;Enkeltfund;1400;1499;Not categorized;Not categorized
490;Enkeltfund;1300;1499;Not categorized;Not categorized
766;Moentfund;1300;1499;Indicators_of_economic_activity;Coin findings
1741;Enkeltfund;750;1066;Not categorized;Not categorized
410;Enkeltfund;750;1066;Not categorized;Not categorized
410;Moentfund;1200;1399;Indicators_of_economic_activity;Coin findings
414;Enkeltfund;750;1066;Not categorized;Not categorized
NA;Handel;1241;1375;Indicators_of_economic_activity;Trade
43;Enkeltfund;750;1066;Not categorized;Not categorized
413;Enkeltfund;750;1066;Not categorized;Not categorized
413;Moentfund;750;899;Indicators_of_economic_activity;Coin findings
413;Enkeltfund;750;1066;Not categorized;Not categorized
NA;Vej;1200;1399;Not categorized;Not categorized
1753;Enkeltfund;750;899;Not categorized;Not categorized
1533;Kulturlag;1250;1500;Not categorized;Not categorized
1533;Bolvaerk;1250;1500;Not categorized;Not categorized
153;Grubehus;750;1066;Buildings;Pit-house
153;Hus (evt. med stald);750;1066;Buildings;House (possibly with a stable)
153;Bygning;750;1066;Not categorized;Not categorized
153;Bygning;750;1066;Not categorized;Not categorized
153;Broend;750;1066;Buildings;Well
153;Jordfaestegrav;750;1066;Not categorized;Not categorized
153;Sekundaer subsistens/produktion, uspec undergruppe;750;1066;Not categorized;Not categorized
153;Grubehus;750;1066;Buildings;Pit-house
1753;Enkeltfund;750;1066;Not categorized;Not categorized
605;Enkeltfund;750;899;Not categorized;Not categorized
417;Enkeltfund;750;1066;Not categorized;Not categorized
417;Enkeltfund;750;1066;Not categorized;Not categorized
312;Enkeltfund;750;1066;Not categorized;Not categorized
1628;Kirkegaard;1100;1500;Not categorized;Not categorized
1753;Enkeltfund;750;1066;Not categorized;Not categorized
1753;Moentfund;1200;1399;Indicators_of_economic_activity;Coin findings
1753;Enkeltfund;750;1066;Not categorized;Not categorized
1753;Moentfund;750;1066;Indicators_of_economic_activity;Coin findings
253;Hus (evt. med stald);900;1050;Buildings;House (possibly with a stable)
991;Kulturlag;1200;1300;Not categorized;Not categorized
1637;Moentfund;1200;1299;Indicators_of_economic_activity;Coin findings
56;Begravelse, uspec undergruppe;765;985;Not categorized;Not categorized
1628;Depotfund;1300;1399;Distress;Hoard finds
1151;Hus (evt. med stald);1300;1499;Buildings;House (possibly with a stable)
1151;Broend;1067;1499;Buildings;Well
1151;Groeft (skel);1067;1499;Buildings;Ditch (boundary)
1217;Hus (evt. med stald);750;1066;Buildings;House (possibly with a stable)
1217;Grubehus;750;1066;Buildings;Pit-house
1217;Hus (evt. med stald);1067;1299;Buildings;House (possibly with a stable)
957;Enkeltfund;750;1066;Not categorized;Not categorized
1588;Moentfund;1200;1299;Indicators_of_economic_activity;Coin findings
73;Tro og tradition, uspec undergruppe;1067;1399;Not categorized;Not categorized
938;Bosaettelse, uspec undergruppe;750;1066;Buildings;Settlement, unspecified subgroup
938;Hus (evt. med stald);750;1066;Buildings;House (possibly with a stable)
NA;Hjulspor;1067;1399;Not categorized;Not categorized
1619;Bygning;1200;1500;Not categorized;Not categorized
70;Enkeltfund;750;1066;Not categorized;Not categorized
1078;Enkeltfund;750;1066;Not categorized;Not categorized
842;Enkeltfund;750;1066;Not categorized;Not categorized
1703;Enkeltfund;750;1066;Not categorized;Not categorized
1066;Paeleraekke (uspecificeret);1455;1460;Not categorized;Not categorized
29;Kirkegaard;1067;1199;Not categorized;Not categorized
29;Tro og tradition, uspec undergruppe;1200;1299;Not categorized;Not categorized
43;Enkeltfund;1200;1500;Not categorized;Not categorized
344;Moentfund;786;809;Indicators_of_economic_activity;Coin findings
422;Moentfund;1200;1399;Indicators_of_economic_activity;Coin findings
492;Enkeltfund;750;899;Not categorized;Not categorized
433;Enkeltfund;1067;1199;Not categorized;Not categorized
433;Moentfund;1200;1399;Indicators_of_economic_activity;Coin findings
433;Enkeltfund;750;1066;Not categorized;Not categorized
382;Moentfund;1200;1399;Indicators_of_economic_activity;Coin findings
947;Brandplet;750;1066;Not categorized;Not categorized
1514;Grubehus;750;1066;Buildings;Pit-house
1514;Hus (evt. med stald);750;1066;Buildings;House (possibly with a stable)
411;Enkeltfund;750;899;Not categorized;Not categorized
411;Moentfund;1400;1499;Indicators_of_economic_activity;Coin findings
1614;Kulturlag;1200;1300;Not categorized;Not categorized
1614;Bygning;1300;1350;Not categorized;Not categorized
81;Diverse anlaeg og genstande, uspec undergruppe;1200;1500;Not categorized;Not categorized
414;Enkeltfund;750;899;Not categorized;Not categorized
414;Moentfund;1200;1400;Indicators_of_economic_activity;Coin findings
535;Hus (evt. med stald);1067;1299;Buildings;House (possibly with a stable)
535;Skel (ejendom);1067;1299;Buildings;Boundary (property)
1569;Grubehus;750;1066;Buildings;Pit-house
1569;Broend;750;1066;Buildings;Well
1569;Bosaettelse, uspec undergruppe;1067;1299;Buildings;Settlement, unspecified subgroup
11;Jordfaestegrav;900;1066;Not categorized;Not categorized
475;Gaard;1067;1499;Buildings;Farmstead
543;Hus (evt. med stald);1067;1299;Buildings;House (possibly with a stable)
1767;Enkeltfund;1067;1299;Not categorized;Not categorized
759;Jern;1067;1299;Indicators_of_economic_activity;Iron
1637;Enkeltfund;1400;1499;Not categorized;Not categorized
1821;Enkeltfund;750;1066;Not categorized;Not categorized
957;Runesten;750;1066;Not categorized;Not categorized
391;Enkeltfund;750;1066;Not categorized;Not categorized
597;Enkeltfund;750;1066;Not categorized;Not categorized
414;Enkeltfund;750;1066;Not categorized;Not categorized
1757;Bygning;1067;1399;Not categorized;Not categorized
1757;Broend;1067;1399;Buildings;Well
1757;Groeft (skel);1067;1399;Buildings;Ditch (boundary)
1843;Enkeltfund;750;1066;Not categorized;Not categorized
1817;Enkeltfund;750;1066;Not categorized;Not categorized
949;Enkeltfund;1067;1299;Not categorized;Not categorized
953;Enkeltfund;750;1066;Not categorized;Not categorized
113;Enkeltfund;1250;1500;Not categorized;Not categorized
1195;Jordfaestegrav;750;1066;Not categorized;Not categorized
1195;Enkeltfund;900;1066;Not categorized;Not categorized
957;Befaestning;750;1066;Defensive;Fortification
540;Diverse anlaeg og genstande, uspec undergruppe;750;1066;Not categorized;Not categorized
540;Moentfund;1200;1399;Indicators_of_economic_activity;Coin findings
1828;Enkeltfund;750;1066;Not categorized;Not categorized
1828;Moentfund;750;1066;Indicators_of_economic_activity;Coin findings
1828;Moentfund;750;1066;Indicators_of_economic_activity;Coin findings
874;Enkeltfund;1200;1499;Not categorized;Not categorized
781;Enkeltfund;1300;1399;Not categorized;Not categorized
966;Enkeltfund;900;1000;Not categorized;Not categorized
953;Enkeltfund;750;1066;Not categorized;Not categorized
1382;Kulturlag;1100;1500;Not categorized;Not categorized
1382;Kulturlag;1100;1500;Not categorized;Not categorized
1382;Kulturlag;1100;1500;Not categorized;Not categorized
1504;Hus (evt. med stald);1067;1299;Buildings;House (possibly with a stable)
390;Moentfund;1200;1399;Indicators_of_economic_activity;Coin findings
1101;Moentfund;1300;1499;Indicators_of_economic_activity;Coin findings
443;Gaard;1067;1299;Buildings;Farmstead
1720;Enkeltfund;750;1066;Not categorized;Not categorized
1661;Moentfund;1400;1499;Indicators_of_economic_activity;Coin findings
640;Moentfund;1400;1499;Indicators_of_economic_activity;Coin findings
1581;Moentfund;750;899;Indicators_of_economic_activity;Coin findings
1283;Moentfund;1200;1399;Indicators_of_economic_activity;Coin findings
1290;Moentfund;1200;1399;Indicators_of_economic_activity;Coin findings
852;Enkeltfund;750;1066;Not categorized;Not categorized
NA;Moentfund;1200;1299;Indicators_of_economic_activity;Coin findings
1381;Muret grav;1100;1300;Not categorized;Not categorized
1619;Affaldsgrube;1200;1500;Not categorized;Not categorized
NA;Enkeltfund;750;1066;Not categorized;Not categorized
332;Enkeltfund;1075;1125;Not categorized;Not categorized
417;Moentfund;1300;1399;Indicators_of_economic_activity;Coin findings
1381;Kulturlag;1300;1400;Not categorized;Not categorized
1391;Groeft (skel);1067;1299;Buildings;Ditch (boundary)
1823;Enkeltfund;750;1066;Not categorized;Not categorized
334;Enkeltfund;750;1066;Not categorized;Not categorized
1692;Diverse anlaeg og genstande, uspec undergruppe;750;1066;Not categorized;Not categorized
1754;Enkeltfund;750;1066;Not categorized;Not categorized
1754;Moentfund;750;1066;Indicators_of_economic_activity;Coin findings
1754;Moentfund;750;1066;Indicators_of_economic_activity;Coin findings
1566;Hus (evt. med stald);750;1066;Buildings;House (possibly with a stable)
1566;Grubehus;750;1066;Buildings;Pit-house
1566;Hus (evt. med stald);1067;1299;Buildings;House (possibly with a stable)
1566;Korntoerreovn;1067;1299;Not categorized;Not categorized
1566;Kogestensroese;750;1066;Not categorized;Not categorized
1371;Enkeltfund;750;1066;Not categorized;Not categorized
1619;Affaldsgrube;1200;1500;Not categorized;Not categorized
748;Gaard;1300;1399;Buildings;Farmstead
1833;Moentfund;1200;1399;Indicators_of_economic_activity;Coin findings
391;Moentfund;750;1066;Indicators_of_economic_activity;Coin findings
255;Enkeltfund;1067;1499;Not categorized;Not categorized
108;Enkeltfund;750;814;Not categorized;Not categorized
1494;Enkeltfund;750;1066;Not categorized;Not categorized
1405;Enkeltfund;1067;1199;Not categorized;Not categorized
1382;Vragdel;1200;1500;Not categorized;Not categorized
66;Hus (evt. med stald);900;1066;Buildings;House (possibly with a stable)
66;Hus (evt. med stald);1067;1499;Buildings;House (possibly with a stable)
66;Moentfund;1200;1399;Indicators_of_economic_activity;Coin findings
1044;Tegl;1300;1499;Indicators_of_economic_activity;Brick
1569;Affaldsgrube;1067;1299;Not categorized;Not categorized
1569;Kulturlag;1067;1299;Not categorized;Not categorized
1374;Hus (evt. med stald);1067;1299;Buildings;House (possibly with a stable)
1374;Grubehus;750;1066;Buildings;Pit-house
1374;Bosaettelse, uspec undergruppe;1067;1299;Buildings;Settlement, unspecified subgroup
991;Stolpehul m. uvis funktion;1200;1300;Buildings;Posthole with unknown function
647;Enkeltfund;750;1066;Not categorized;Not categorized
40;Enkeltfund;1400;1499;Not categorized;Not categorized
1563;Hus (evt. med stald);1067;1299;Buildings;House (possibly with a stable)
1563;Enkeltfund;1067;1299;Not categorized;Not categorized
1106;Grubehus;750;1066;Buildings;Pit-house
806;Moentfund;1300;1499;Indicators_of_economic_activity;Coin findings
1623;Moentfund;1300;1499;Indicators_of_economic_activity;Coin findings
1597;Diverse anlaeg og genstande, uspec undergruppe;1200;1399;Not categorized;Not categorized
1106;Affaldsgrube;1300;1300;Not categorized;Not categorized
1531;Enkeltfund;1067;1199;Not categorized;Not categorized
70;Grubehus;750;1066;Buildings;Pit-house
70;Hus (evt. med stald);750;1066;Buildings;House (possibly with a stable)
NA;Kulturlag;1200;1399;Not categorized;Not categorized
377;Moentfund;1200;1299;Indicators_of_economic_activity;Coin findings
773;Moentfund;1300;1499;Indicators_of_economic_activity;Coin findings
1554;Moentfund;1200;1399;Indicators_of_economic_activity;Coin findings
1250;Enkeltfund;900;1066;Not categorized;Not categorized
1374;Enkeltfund;750;1066;Not categorized;Not categorized
1753;Moentfund;1290;1299;Indicators_of_economic_activity;Coin findings
1823;Moentfund;1067;1299;Indicators_of_economic_activity;Coin findings
769;Moentfund;1200;1499;Indicators_of_economic_activity;Coin findings
713;Enkeltfund;1300;1399;Not categorized;Not categorized
268;Grube (uspecificeret funktion);1067;1299;Not categorized;Not categorized
541;Enkeltfund;1250;1250;Not categorized;Not categorized
541;Enkeltfund;1300;1300;Not categorized;Not categorized
874;Enkeltfund;1200;1399;Not categorized;Not categorized
319;Enkeltfund;1400;1499;Not categorized;Not categorized
1558;Enkeltfund;1300;1399;Not categorized;Not categorized
1729;Voldgrav;1300;1399;Defensive;Moat
172;Enkeltfund;1250;1400;Not categorized;Not categorized
970;Enkeltfund;900;1066;Not categorized;Not categorized
454;Enkeltfund;750;1066;Not categorized;Not categorized
772;Moentfund;1200;1399;Indicators_of_economic_activity;Coin findings
90;Enkeltfund;1100;1300;Not categorized;Not categorized
106;Enkeltfund;1100;1400;Not categorized;Not categorized
1717;Enkeltfund;1200;1399;Not categorized;Not categorized
381;Moentfund;1067;1299;Indicators_of_economic_activity;Coin findings
380;Moentfund;1067;1299;Indicators_of_economic_activity;Coin findings
781;Enkeltfund;1200;1499;Not categorized;Not categorized
1247;Enkeltfund;750;1066;Not categorized;Not categorized
58;Hus (evt. med stald);1067;1299;Buildings;House (possibly with a stable)
58;Broend;1067;1299;Buildings;Well
808;Enkeltfund;750;1066;Not categorized;Not categorized
1797;Diverse anlaeg og genstande, uspec undergruppe;1200;1399;Not categorized;Not categorized
276;Diverse anlaeg og genstande, uspec undergruppe;750;1066;Not categorized;Not categorized
303;Diverse anlaeg og genstande, uspec undergruppe;1200;1399;Not categorized;Not categorized
304;Enkeltfund;750;1066;Not categorized;Not categorized
310;Enkeltfund;1200;1399;Not categorized;Not categorized
303;Diverse anlaeg og genstande, uspec undergruppe;1200;1399;Not categorized;Not categorized
303;Diverse anlaeg og genstande, uspec undergruppe;1200;1399;Not categorized;Not categorized
312;Enkeltfund;1200;1399;Not categorized;Not categorized
272;Enkeltfund;750;1066;Not categorized;Not categorized
1753;Moentfund;1200;1399;Indicators_of_economic_activity;Coin findings
579;Hoertoerringsanlaeg;750;1066;Not categorized;Not categorized
1693;Enkeltfund;750;1066;Not categorized;Not categorized
4;Enkeltfund;750;1066;Not categorized;Not categorized
957;Enkeltfund;1200;1499;Not categorized;Not categorized
121;Bygning;1067;1299;Not categorized;Not categorized
939;Bosaettelse, uspec undergruppe;750;1066;Buildings;Settlement, unspecified subgroup
939;Hus (evt. med stald);750;1066;Buildings;House (possibly with a stable)
1582;Moentfund;1200;1399;Indicators_of_economic_activity;Coin findings
1382;Baad-/skibsgrav;800;900;Not categorized;Not categorized
1382;Voldgrav;950;1050;Defensive;Moat
1382;Grubehus;800;1000;Buildings;Pit-house
1382;Hus (evt. med stald);800;1000;Buildings;House (possibly with a stable)
1382;Hus (evt. med stald);1150;1300;Buildings;House (possibly with a stable)
1270;Dyrkningsspor;1067;1499;Not categorized;Not categorized
299;Enkeltfund;750;1066;Not categorized;Not categorized
1260;Sekundaer subsistens/produktion, uspec undergruppe;750;1066;Not categorized;Not categorized
514;Enkeltfund;1067;1299;Not categorized;Not categorized
410;Enkeltfund;750;1066;Not categorized;Not categorized
410;Moentfund;750;1066;Indicators_of_economic_activity;Coin findings
410;Moentfund;1200;1399;Indicators_of_economic_activity;Coin findings
1382;Plankevej;1200;1300;Not categorized;Not categorized
1367;Broend;1067;1299;Buildings;Well
1367;Gaard;1067;1299;Buildings;Farmstead
909;Bosaettelse, uspec undergruppe;1067;1299;Buildings;Settlement, unspecified subgroup
1823;Ildsted;1067;1299;Not categorized;Not categorized
1823;Affaldsgrube;1067;1299;Not categorized;Not categorized
1823;Stolpehul m. uvis funktion;1067;1299;Buildings;Posthole with unknown function
1823;Hus (evt. med stald);1300;1399;Buildings;House (possibly with a stable)
1619;Hus (evt. med stald);900;1066;Buildings;House (possibly with a stable)
1619;Grubehus;900;1066;Buildings;Pit-house
1619;Hus (evt. med stald);1067;1299;Buildings;House (possibly with a stable)
1382;Voldgrav;1200;1299;Defensive;Moat
1751;Moentfund;1400;1499;Indicators_of_economic_activity;Coin findings
1800;Moentfund;1300;1399;Indicators_of_economic_activity;Coin findings
1254;Bosaettelse, uspec undergruppe;750;1066;Buildings;Settlement, unspecified subgroup
629;Enkeltfund;1400;1499;Not categorized;Not categorized
344;Enkeltfund;900;1066;Not categorized;Not categorized
344;Moentfund;978;1016;Indicators_of_economic_activity;Coin findings
1186;Hus (evt. med stald);1200;1499;Buildings;House (possibly with a stable)
1186;Hus (evt. med stald);900;1066;Buildings;House (possibly with a stable)
341;Moentfund;1200;1499;Indicators_of_economic_activity;Coin findings
410;Moentfund;1200;1399;Indicators_of_economic_activity;Coin findings
1202;Grubehus;750;899;Buildings;Pit-house
1501;Enkeltfund;1067;1199;Not categorized;Not categorized
632;Diverse anlaeg og genstande, uspec undergruppe;1200;1399;Not categorized;Not categorized
1824;Enkeltfund;750;1066;Not categorized;Not categorized
420;Enkeltfund;750;899;Not categorized;Not categorized
1138;Enkeltfund;1067;1199;Not categorized;Not categorized
1619;Kirkegaard;1300;1500;Not categorized;Not categorized
1619;Skel (uspecificeret);1100;1500;Buildings;Boundary (unspecified)
NA;Brolaegning;1300;1499;Not categorized;Not categorized
1625;Diverse anlaeg og genstande, uspec undergruppe;1200;1399;Not categorized;Not categorized
927;Enkeltfund;750;1066;Not categorized;Not categorized
824;Enkeltfund;750;1066;Not categorized;Not categorized
824;Enkeltfund;750;1066;Not categorized;Not categorized
824;Enkeltfund;750;1066;Not categorized;Not categorized
824;Enkeltfund;750;1066;Not categorized;Not categorized
925;Enkeltfund;750;1066;Not categorized;Not categorized
822;Enkeltfund;750;1066;Not categorized;Not categorized
823;Enkeltfund;750;1066;Not categorized;Not categorized
3;Moentfund;1200;1400;Indicators_of_economic_activity;Coin findings
927;Enkeltfund;750;1066;Not categorized;Not categorized
508;Enkeltfund;750;1066;Not categorized;Not categorized
1193;Moentfund;1300;1499;Indicators_of_economic_activity;Coin findings
1584;Diverse anlaeg og genstande, uspec undergruppe;1067;1499;Not categorized;Not categorized
412;Enkeltfund;1300;1399;Not categorized;Not categorized
1581;Moentfund;775;825;Indicators_of_economic_activity;Coin findings
111;Enkeltfund;1100;1300;Not categorized;Not categorized
1094;Enkeltfund;1200;1399;Not categorized;Not categorized
1094;Enkeltfund;1200;1399;Not categorized;Not categorized
1094;Moentfund;1200;1399;Indicators_of_economic_activity;Coin findings
1094;Enkeltfund;1200;1499;Not categorized;Not categorized
718;Enkeltfund;1250;1350;Not categorized;Not categorized
1002;Enkeltfund;1067;1299;Not categorized;Not categorized
1806;Moentfund;1448;1481;Indicators_of_economic_activity;Coin findings
1810;Moentfund;1300;1399;Indicators_of_economic_activity;Coin findings
1065;Enkeltfund;1067;1199;Not categorized;Not categorized
1065;Enkeltfund;1067;1299;Not categorized;Not categorized
1068;Enkeltfund;750;899;Not categorized;Not categorized
1767;Enkeltfund;750;1066;Not categorized;Not categorized
1767;Moentfund;900;1066;Indicators_of_economic_activity;Coin findings
1767;Enkeltfund;1067;1299;Not categorized;Not categorized
1767;Moentfund;1200;1399;Indicators_of_economic_activity;Coin findings
1767;Enkeltfund;750;1066;Not categorized;Not categorized
1459;Enkeltfund;900;1066;Not categorized;Not categorized
1459;Moentfund;1018;1035;Indicators_of_economic_activity;Coin findings
1459;Enkeltfund;750;1066;Not categorized;Not categorized
1459;Enkeltfund;750;1066;Not categorized;Not categorized
1459;Enkeltfund;900;1066;Not categorized;Not categorized
894;Voldgrav;1150;1500;Defensive;Moat
1285;Enkeltfund;750;1066;Not categorized;Not categorized
1285;Enkeltfund;750;1066;Not categorized;Not categorized
1676;Enkeltfund;750;1066;Not categorized;Not categorized
1386;Jordfaestegrav;800;900;Not categorized;Not categorized
1217;Grubehus;750;1066;Buildings;Pit-house
1566;Gaard;1300;1499;Buildings;Farmstead
1566;Sekundaer subsistens/produktion, uspec undergruppe;1200;1299;Not categorized;Not categorized
1566;Gaard;1200;1299;Buildings;Farmstead
1566;Sekundaer subsistens/produktion, uspec undergruppe;1200;1299;Not categorized;Not categorized
473;Moentfund;1200;1499;Indicators_of_economic_activity;Coin findings
434;Moentfund;1200;1499;Indicators_of_economic_activity;Coin findings
434;Enkeltfund;1067;1299;Not categorized;Not categorized
434;Moentfund;1200;1399;Indicators_of_economic_activity;Coin findings
434;Enkeltfund;750;1066;Not categorized;Not categorized
434;Moentfund;750;1066;Indicators_of_economic_activity;Coin findings
434;Enkeltfund;1400;1499;Not categorized;Not categorized
434;Enkeltfund;1067;1199;Not categorized;Not categorized
434;Enkeltfund;1067;1299;Not categorized;Not categorized
434;Enkeltfund;1067;1299;Not categorized;Not categorized
1209;Grubehus;750;899;Buildings;Pit-house
1370;Hus (evt. med stald);1300;1400;Buildings;House (possibly with a stable)
1247;Fyldskifte (uspecificeret);750;1066;Not categorized;Not categorized
1247;Fyldskifte (uspecificeret);750;1066;Not categorized;Not categorized
895;Enkeltfund;750;1066;Not categorized;Not categorized
1803;Moentfund;750;1066;Indicators_of_economic_activity;Coin findings
1688;Diverse anlaeg og genstande, uspec undergruppe;1067;1299;Not categorized;Not categorized
1491;Enkeltfund;750;1066;Not categorized;Not categorized
410;Enkeltfund;1067;1199;Not categorized;Not categorized
410;Enkeltfund;750;1066;Not categorized;Not categorized
1731;Enkeltfund;900;1066;Not categorized;Not categorized
1211;Enkeltfund;1315;1318;Not categorized;Not categorized
1758;Enkeltfund;750;1066;Not categorized;Not categorized
NA;Enkeltfund;900;1066;Not categorized;Not categorized
891;Bosaettelse, uspec undergruppe;1067;1399;Buildings;Settlement, unspecified subgroup
891;Hus (evt. med stald);1067;1399;Buildings;House (possibly with a stable)
891;Hus (evt. med stald);1067;1399;Buildings;House (possibly with a stable)
1533;Bygning;1200;1500;Not categorized;Not categorized
1533;Plankevej;1200;1300;Not categorized;Not categorized
1533;Laeder/skind;1200;1400;Not categorized;Not categorized
1217;Enkeltfund;900;1066;Not categorized;Not categorized
349;Enkeltfund;900;1066;Not categorized;Not categorized
349;Moentfund;900;1066;Indicators_of_economic_activity;Coin findings
1757;Enkeltfund;1200;1499;Not categorized;Not categorized
1757;Diverse anlaeg og genstande, uspec undergruppe;1200;1399;Not categorized;Not categorized
394;Enkeltfund;750;1066;Not categorized;Not categorized
1805;Moentfund;1067;1199;Indicators_of_economic_activity;Coin findings
304;Enkeltfund;750;1066;Not categorized;Not categorized
1722;Enkeltfund;750;899;Not categorized;Not categorized
1382;Bosaettelse, uspec undergruppe;1067;1399;Buildings;Settlement, unspecified subgroup
NA;Moentfund;1345;1350;Indicators_of_economic_activity;Coin findings
1393;Grubehus;750;899;Buildings;Pit-house
1393;Bygning;750;1066;Not categorized;Not categorized
1393;Hegn/gaerde;750;1066;Buildings;Hedge/fence
NA;Enkeltfund;1400;1499;Not categorized;Not categorized
1809;Enkeltfund;1350;1450;Not categorized;Not categorized
540;Enkeltfund;750;1066;Not categorized;Not categorized
1529;Bosaettelse, uspec undergruppe;1067;1299;Buildings;Settlement, unspecified subgroup
1591;Enkeltfund;1300;1399;Not categorized;Not categorized
458;Moentfund;750;1066;Indicators_of_economic_activity;Coin findings
458;Moentfund;1200;1399;Indicators_of_economic_activity;Coin findings
458;Enkeltfund;1067;1199;Not categorized;Not categorized
1475;Enkeltfund;750;1066;Not categorized;Not categorized
1494;Paeleraekke (uspecificeret);1200;1399;Not categorized;Not categorized
1065;Enkeltfund;750;1066;Not categorized;Not categorized
1626;Enkeltfund;1300;1399;Not categorized;Not categorized
1065;Enkeltfund;750;1066;Not categorized;Not categorized
1065;Enkeltfund;750;1066;Not categorized;Not categorized
1432;Enkeltfund;750;1066;Not categorized;Not categorized
1628;Moentfund;1300;1499;Indicators_of_economic_activity;Coin findings
1831;Diverse anlaeg og genstande, uspec undergruppe;1067;1199;Not categorized;Not categorized
1104;Hus (evt. med stald);750;1066;Buildings;House (possibly with a stable)
1254;Enkeltfund;750;1066;Not categorized;Not categorized
1254;Hus (evt. med stald);900;1066;Buildings;House (possibly with a stable)
1254;Grubehus;750;899;Buildings;Pit-house
1254;Hus (evt. med stald);750;1066;Buildings;House (possibly with a stable)
1024;Enkeltfund;750;1066;Not categorized;Not categorized
1449;Hus (evt. med stald);1067;1399;Buildings;House (possibly with a stable)
1449;Forraadshus;1067;1499;Not categorized;Not categorized
1043;Diverse anlaeg og genstande, uspec undergruppe;750;1066;Not categorized;Not categorized
1276;Hus (evt. med stald);750;899;Buildings;House (possibly with a stable)
1576;Kirke;1400;1499;Religious;Church
540;Enkeltfund;750;899;Not categorized;Not categorized
1843;Bygningssten;1067;1299;Not categorized;Not categorized
170;Hus (evt. med stald);1067;1299;Buildings;House (possibly with a stable)
170;Jern;1067;1299;Indicators_of_economic_activity;Iron
170;Kulturlag;1067;1299;Not categorized;Not categorized
1097;Enkeltfund;1067;1199;Not categorized;Not categorized
1805;Moentfund;1200;1299;Indicators_of_economic_activity;Coin findings
1671;Bygning;750;899;Not categorized;Not categorized
1671;Bygning;900;1066;Not categorized;Not categorized
410;Enkeltfund;1067;1199;Not categorized;Not categorized
438;Enkeltfund;1067;1199;Not categorized;Not categorized
438;Enkeltfund;750;899;Not categorized;Not categorized
1044;Diverse anlaeg og genstande, uspec undergruppe;750;899;Not categorized;Not categorized
1688;Diverse anlaeg og genstande, uspec undergruppe;1200;1299;Not categorized;Not categorized
1688;Diverse anlaeg og genstande, uspec undergruppe;1067;1299;Not categorized;Not categorized
1245;Kirke;1067;1299;Religious;Church
1245;Kirkegaard;1067;1299;Not categorized;Not categorized
93;Diverse anlaeg og genstande, uspec undergruppe;750;1066;Not categorized;Not categorized
1034;Runesten;750;1050;Not categorized;Not categorized
307;Enkeltfund;750;1066;Not categorized;Not categorized
272;Diverse anlaeg og genstande, uspec undergruppe;1200;1399;Not categorized;Not categorized
1251;Enkeltfund;1067;1199;Not categorized;Not categorized
444;Enkeltfund;750;1066;Not categorized;Not categorized
444;Moentfund;1300;1499;Indicators_of_economic_activity;Coin findings
256;Enkeltfund;750;1066;Not categorized;Not categorized
256;Enkeltfund;1067;1199;Not categorized;Not categorized
1551;Hus (evt. med stald);1100;1300;Buildings;House (possibly with a stable)
1551;Bageovn;1100;1300;Indicators_of_economic_activity;Bakery oven
1551;Grubehus;900;1000;Buildings;Pit-house
419;Enkeltfund;1067;1199;Not categorized;Not categorized
113;Begravelse, uspec undergruppe;750;1066;Not categorized;Not categorized
463;Enkeltfund;750;1066;Not categorized;Not categorized
463;Enkeltfund;1067;1199;Not categorized;Not categorized
463;Moentfund;1200;1399;Indicators_of_economic_activity;Coin findings
454;Enkeltfund;750;1066;Not categorized;Not categorized
454;Enkeltfund;1067;1299;Not categorized;Not categorized
454;Moentfund;1200;1499;Indicators_of_economic_activity;Coin findings
454;Enkeltfund;750;1066;Not categorized;Not categorized
1068;Enkeltfund;750;899;Not categorized;Not categorized
846;Enkeltfund;1200;1499;Not categorized;Not categorized
1074;Enkeltfund;750;1066;Not categorized;Not categorized
479;Enkeltfund;750;1066;Not categorized;Not categorized
479;Moentfund;1200;1499;Indicators_of_economic_activity;Coin findings
922;Enkeltfund;750;1066;Not categorized;Not categorized
1431;Diverse anlaeg og genstande, uspec undergruppe;750;1066;Not categorized;Not categorized
1431;Diverse anlaeg og genstande, uspec undergruppe;1067;1299;Not categorized;Not categorized
1431;Diverse anlaeg og genstande, uspec undergruppe;1200;1299;Not categorized;Not categorized
341;Moentfund;1200;1399;Indicators_of_economic_activity;Coin findings
NA;Moentfund;1400;1405;Indicators_of_economic_activity;Coin findings
877;Enkeltfund;750;1066;Not categorized;Not categorized
1551;Kulturlag;1200;1450;Not categorized;Not categorized
1252;Enkeltfund;800;1000;Not categorized;Not categorized
1833;Moentfund;1200;1399;Indicators_of_economic_activity;Coin findings
1106;Grubehus;900;1066;Buildings;Pit-house
NA;Jordfaestegrav;1100;1250;Not categorized;Not categorized
NA;Enkeltfund;1067;1299;Not categorized;Not categorized
764;Depotfund;900;1066;Distress;Hoard finds
1535;Gravgenstand;750;1066;Not categorized;Not categorized
301;Enkeltfund;1250;1500;Not categorized;Not categorized
NA;Enkeltfund;997;1003;Not categorized;Not categorized
1839;Enkeltfund;1260;1435;Not categorized;Not categorized
436;Moentfund;1200;1399;Indicators_of_economic_activity;Coin findings
436;Enkeltfund;1067;1199;Not categorized;Not categorized
434;Enkeltfund;1067;1299;Not categorized;Not categorized
258;Enkeltfund;750;1066;Not categorized;Not categorized
1094;Enkeltfund;750;1066;Not categorized;Not categorized
434;Moentfund;1067;1199;Indicators_of_economic_activity;Coin findings
951;Enkeltfund;1300;1499;Not categorized;Not categorized
952;Enkeltfund;1200;1399;Not categorized;Not categorized
1664;Bygning;1067;1299;Not categorized;Not categorized
1664;Bageovn;1067;1299;Indicators_of_economic_activity;Bakery oven
1750;Hus (evt. med stald);750;1066;Buildings;House (possibly with a stable)
1750;Hegn/gaerde;800;1000;Buildings;Hedge/fence
1750;Moentfund;750;1066;Indicators_of_economic_activity;Coin findings
1750;Moentfund;750;899;Indicators_of_economic_activity;Coin findings
1750;Hus (evt. med stald);750;1066;Buildings;House (possibly with a stable)
392;Enkeltfund;1300;1350;Not categorized;Not categorized
904;Jordfaestegrav;900;999;Not categorized;Not categorized
941;Jordfaestegrav;900;1066;Not categorized;Not categorized
876;Enkeltfund;900;1066;Not categorized;Not categorized
963;Enkeltfund;1300;1499;Not categorized;Not categorized
1030;Enkeltfund;1200;1399;Not categorized;Not categorized
1002;Enkeltfund;750;1066;Not categorized;Not categorized
43;Enkeltfund;1067;1499;Not categorized;Not categorized
1730;Enkeltfund;750;1066;Not categorized;Not categorized
894;Jordfaestegrav;1067;1299;Not categorized;Not categorized
1717;Enkeltfund;1200;1399;Not categorized;Not categorized
1210;Enkeltfund;1067;1299;Not categorized;Not categorized
1210;Enkeltfund;1067;1299;Not categorized;Not categorized
821;Enkeltfund;750;1066;Not categorized;Not categorized
58;Hus (evt. med stald);750;1066;Buildings;House (possibly with a stable)
58;Hus (evt. med stald);1200;1499;Buildings;House (possibly with a stable)
58;Grube (uspecificeret funktion);1067;1199;Not categorized;Not categorized
1271;Jordfaestegrav;750;1066;Not categorized;Not categorized
NA;Moentfund;1420;1420;Indicators_of_economic_activity;Coin findings
1030;Diverse anlaeg og genstande, uspec undergruppe;1200;1399;Not categorized;Not categorized
1030;Diverse anlaeg og genstande, uspec undergruppe;750;1066;Not categorized;Not categorized
1030;Enkeltfund;1200;1399;Not categorized;Not categorized
394;Enkeltfund;750;1066;Not categorized;Not categorized
394;Enkeltfund;1067;1299;Not categorized;Not categorized
398;Moentfund;1400;1500;Indicators_of_economic_activity;Coin findings
1426;Moentfund;1300;1399;Indicators_of_economic_activity;Coin findings
1305;Moentfund;1200;1299;Indicators_of_economic_activity;Coin findings
175;Enkeltfund;1250;1350;Not categorized;Not categorized
557;Enkeltfund;1300;1499;Not categorized;Not categorized
1305;Enkeltfund;750;1066;Not categorized;Not categorized
1303;Moentfund;1200;1400;Indicators_of_economic_activity;Coin findings
1338;Enkeltfund;1067;1299;Not categorized;Not categorized
1498;Enkeltfund;1300;1399;Not categorized;Not categorized
1498;Enkeltfund;1200;1399;Not categorized;Not categorized
1300;Moentfund;900;1066;Indicators_of_economic_activity;Coin findings
1321;Enkeltfund;750;1066;Not categorized;Not categorized
1321;Moentfund;1200;1399;Indicators_of_economic_activity;Coin findings
1447;Enkeltfund;750;1066;Not categorized;Not categorized
1823;Diverse anlaeg og genstande, uspec undergruppe;750;1066;Not categorized;Not categorized
1044;Tro og tradition, uspec undergruppe;1067;1299;Not categorized;Not categorized
371;Diverse anlaeg og genstande, uspec undergruppe;750;1066;Not categorized;Not categorized
371;Diverse anlaeg og genstande, uspec undergruppe;1067;1299;Not categorized;Not categorized
371;Diverse anlaeg og genstande, uspec undergruppe;750;1066;Not categorized;Not categorized
371;Diverse anlaeg og genstande, uspec undergruppe;750;1066;Not categorized;Not categorized
371;Diverse anlaeg og genstande, uspec undergruppe;750;1066;Not categorized;Not categorized
13;Moentfund;1067;1199;Indicators_of_economic_activity;Coin findings
NA;Grubehus;1200;1499;Buildings;Pit-house
1184;Enkeltfund;1067;1399;Not categorized;Not categorized
1184;Enkeltfund;1067;1399;Not categorized;Not categorized
1162;Enkeltfund;1067;1299;Not categorized;Not categorized
1184;Enkeltfund;1067;1299;Not categorized;Not categorized
1181;Enkeltfund;1067;1299;Not categorized;Not categorized
877;Jordfaestegrav;750;1066;Not categorized;Not categorized
277;Enkeltfund;750;1066;Not categorized;Not categorized
1279;Bygning;1067;1399;Not categorized;Not categorized
1279;Hoertoerringsanlaeg;1224;1385;Not categorized;Not categorized
171;Runesten;1000;1050;Not categorized;Not categorized
880;Runesten;970;1020;Not categorized;Not categorized
1374;Hus (evt. med stald);1067;1299;Buildings;House (possibly with a stable)
1374;Broend;1067;1299;Buildings;Well
1374;Bosaettelse, uspec undergruppe;1067;1299;Buildings;Settlement, unspecified subgroup
1536;Runesten;970;1020;Not categorized;Not categorized
334;Runesten;1075;1125;Not categorized;Not categorized
980;Runesten;970;1020;Not categorized;Not categorized
1217;Runesten;900;1020;Not categorized;Not categorized
727;Runesten;970;1020;Not categorized;Not categorized
713;Runesten;970;1020;Not categorized;Not categorized
797;Runesten;970;1020;Not categorized;Not categorized
1000;Runesten;970;1020;Not categorized;Not categorized
715;Runesten;900;960;Not categorized;Not categorized
715;Runesten;800;900;Not categorized;Not categorized
970;Runesten;800;900;Not categorized;Not categorized
1023;Runesten;970;1020;Not categorized;Not categorized
307;Diverse anlaeg og genstande, uspec undergruppe;1067;1299;Not categorized;Not categorized
743;Runesten;970;1020;Not categorized;Not categorized
607;Runesten;970;1020;Not categorized;Not categorized
311;Groeft (afvanding);1300;1400;Not categorized;Not categorized
306;Broend;1250;1350;Buildings;Well
306;Broend;750;1066;Buildings;Well
609;Runesten;970;1020;Not categorized;Not categorized
1764;Runesten;800;900;Not categorized;Not categorized
341;Runesten;1075;1125;Not categorized;Not categorized
342;Runesten;1075;1125;Not categorized;Not categorized
1067;Enkeltfund;900;1066;Not categorized;Not categorized
14;Enkeltfund;1067;1299;Not categorized;Not categorized
3;Enkeltfund;1200;1499;Not categorized;Not categorized
16;Enkeltfund;1400;1499;Not categorized;Not categorized
1798;Enkeltfund;750;1066;Not categorized;Not categorized
33;Stenlaegning/Stensamling;1400;1499;Not categorized;Not categorized
342;Runesten;1075;1125;Not categorized;Not categorized
310;Enkeltfund;750;1066;Not categorized;Not categorized
33;Kulturlag;1200;1399;Not categorized;Not categorized
33;Brolaegning;1400;1499;Not categorized;Not categorized
33;Bygning;1400;1499;Not categorized;Not categorized
43;Enkeltfund;1200;1400;Not categorized;Not categorized
43;Enkeltfund;1100;1300;Not categorized;Not categorized
1706;Enkeltfund;750;1066;Not categorized;Not categorized
93;Grube (uspecificeret funktion);1067;1299;Not categorized;Not categorized
93;Grube (uspecificeret funktion);1067;1299;Not categorized;Not categorized
93;Hegn/gaerde;750;1066;Buildings;Hedge/fence
626;Enkeltfund;750;1066;Not categorized;Not categorized
303;Enkeltfund;750;1066;Not categorized;Not categorized
95;Grube (uspecificeret funktion);1067;1299;Not categorized;Not categorized
95;Grube (uspecificeret funktion);1067;1299;Not categorized;Not categorized
95;Hegn/gaerde;750;1066;Buildings;Hedge/fence
802;Runesten;900;1020;Not categorized;Not categorized
953;Runesten;900;1020;Not categorized;Not categorized
1145;Runesten;950;1000;Not categorized;Not categorized
1145;Runesten;900;1020;Not categorized;Not categorized
874;Runesten;970;1020;Not categorized;Not categorized
761;Diverse anlaeg og genstande, uspec undergruppe;1067;1199;Not categorized;Not categorized
761;Diverse anlaeg og genstande, uspec undergruppe;1067;1199;Not categorized;Not categorized
58;Enkeltfund;750;1066;Not categorized;Not categorized
624;Enkeltfund;750;1066;Not categorized;Not categorized
1509;Enkeltfund;1200;1399;Not categorized;Not categorized
98;Enkeltfund;1067;1499;Not categorized;Not categorized
367;Moentfund;750;1066;Indicators_of_economic_activity;Coin findings
367;Moentfund;1200;1399;Indicators_of_economic_activity;Coin findings
338;Moentfund;750;1066;Indicators_of_economic_activity;Coin findings
270;Enkeltfund;750;1066;Not categorized;Not categorized
772;Diverse anlaeg og genstande, uspec undergruppe;1400;1499;Not categorized;Not categorized
8;Diverse anlaeg og genstande, uspec undergruppe;1067;1199;Not categorized;Not categorized
1057;Runesten;970;1020;Not categorized;Not categorized
803;Runesten;900;1020;Not categorized;Not categorized
1002;Enkeltfund;750;1066;Not categorized;Not categorized
1004;Runesten;970;1020;Not categorized;Not categorized
1119;Runesten;970;1020;Not categorized;Not categorized
1005;Runesten;970;1020;Not categorized;Not categorized
1694;Runesten;900;960;Not categorized;Not categorized
1042;Runesten;970;1020;Not categorized;Not categorized
879;Enkeltfund;1067;1299;Not categorized;Not categorized
1508;Enkeltfund;750;1066;Not categorized;Not categorized
943;Runesten;970;1020;Not categorized;Not categorized
943;Runesten;970;1020;Not categorized;Not categorized
126;Runesten;800;850;Not categorized;Not categorized
1393;Hus (evt. med stald);900;1066;Buildings;House (possibly with a stable)
1393;Hegn/gaerde;900;1066;Buildings;Hedge/fence
707;Diverse anlaeg og genstande, uspec undergruppe;1200;1399;Not categorized;Not categorized
1221;Hus (evt. med stald);750;899;Buildings;House (possibly with a stable)
57;Diverse anlaeg og genstande, uspec undergruppe;1200;1399;Not categorized;Not categorized
1375;Kulturlag;1300;1399;Not categorized;Not categorized
1628;Groeft (afvanding);900;1066;Not categorized;Not categorized
1210;Enkeltfund;1067;1299;Not categorized;Not categorized
1627;Enkeltfund;750;1066;Not categorized;Not categorized
1627;Enkeltfund;1067;1199;Not categorized;Not categorized
716;Diverse anlaeg og genstande, uspec undergruppe;1200;1299;Not categorized;Not categorized
1554;Diverse anlaeg og genstande, uspec undergruppe;1067;1299;Not categorized;Not categorized
338;Runesten;1075;1125;Not categorized;Not categorized
193;Diverse anlaeg og genstande, uspec undergruppe;1067;1199;Not categorized;Not categorized
1480;Moentfund;1300;1424;Indicators_of_economic_activity;Coin findings
817;Jordfaestegrav;825;875;Not categorized;Not categorized
906;Gravgenstand;750;1066;Not categorized;Not categorized
853;Gravgenstand;750;1066;Not categorized;Not categorized
1705;Jordfaestegrav;900;999;Not categorized;Not categorized
824;Broend;750;1066;Buildings;Well
401;Moentfund;1278;1282;Indicators_of_economic_activity;Coin findings
401;Gravgenstand;1450;1500;Not categorized;Not categorized
1674;Enkeltfund;750;1066;Not categorized;Not categorized
1674;Enkeltfund;750;1066;Not categorized;Not categorized
1674;Enkeltfund;1067;1299;Not categorized;Not categorized
1718;Grube (uspecificeret funktion);1067;1199;Not categorized;Not categorized
1527;Gaard;1200;1350;Buildings;Farmstead
231;Enkeltfund;980;1000;Not categorized;Not categorized
231;Moentfund;980;1000;Indicators_of_economic_activity;Coin findings
823;Enkeltfund;750;1066;Not categorized;Not categorized
1673;Enkeltfund;750;1066;Not categorized;Not categorized
1674;Enkeltfund;750;1066;Not categorized;Not categorized
1674;Enkeltfund;750;1066;Not categorized;Not categorized
1587;Grube (uspecificeret funktion);1067;1199;Not categorized;Not categorized
350;Enkeltfund;750;1066;Not categorized;Not categorized
715;Runesten;750;1066;Not categorized;Not categorized
1336;Stenkiste;1200;1399;Not categorized;Not categorized
1016;Enkeltfund;1200;1400;Not categorized;Not categorized
381;Moentfund;1200;1399;Indicators_of_economic_activity;Coin findings
836;Hus (evt. med stald);1067;1299;Buildings;House (possibly with a stable)
806;Enkeltfund;750;1066;Not categorized;Not categorized
919;Enkeltfund;750;1066;Not categorized;Not categorized
645;Bageovn;1067;1299;Indicators_of_economic_activity;Bakery oven
645;Kulturlag;1067;1299;Not categorized;Not categorized
718;Enkeltfund;1200;1400;Not categorized;Not categorized
279;Runesten;900;950;Not categorized;Not categorized
10;Enkeltfund;750;1066;Not categorized;Not categorized
922;Enkeltfund;750;1066;Not categorized;Not categorized
1365;Hus (evt. med stald);1200;1500;Buildings;House (possibly with a stable)
966;Enkeltfund;750;1066;Not categorized;Not categorized
1786;Hus (evt. med stald);750;1066;Buildings;House (possibly with a stable)
1274;Forsvarsvold;1100;1300;Defensive;Rampart
919;Enkeltfund;750;1066;Not categorized;Not categorized
929;Enkeltfund;750;1066;Not categorized;Not categorized
469;Hus (evt. med stald);1200;1400;Buildings;House (possibly with a stable)
1797;Diverse anlaeg og genstande, uspec undergruppe;1400;1499;Not categorized;Not categorized
NA;Enkeltfund;1300;1399;Not categorized;Not categorized
133;Enkeltfund;1200;1300;Not categorized;Not categorized
1838;Enkeltfund;1200;1300;Not categorized;Not categorized
1184;Enkeltfund;1067;1299;Not categorized;Not categorized
1619;Broend;1067;1299;Buildings;Well
1713;Runesten;970;1020;Not categorized;Not categorized
1136;Enkeltfund;750;1066;Not categorized;Not categorized
333;Enkeltfund;900;1066;Not categorized;Not categorized
333;Moentfund;900;1066;Indicators_of_economic_activity;Coin findings
1749;Hus (evt. med stald);1200;1399;Buildings;House (possibly with a stable)
1749;Grube (uspecificeret funktion);1200;1399;Not categorized;Not categorized
1201;Enkeltfund;1067;1199;Not categorized;Not categorized
NA;Enkeltfund;1067;1199;Not categorized;Not categorized
1152;Borg/Voldsted;1200;1499;Defensive;Castle/motte-and-bailey
344;Moentfund;900;1066;Indicators_of_economic_activity;Coin findings
344;Depotfund;900;1066;Distress;Hoard finds
715;Enkeltfund;950;1050;Not categorized;Not categorized
1449;Enkeltfund;1067;1299;Not categorized;Not categorized
1449;Enkeltfund;1067;1299;Not categorized;Not categorized
340;Moentfund;900;1066;Indicators_of_economic_activity;Coin findings
649;Hus (evt. med stald);1067;1299;Buildings;House (possibly with a stable)
1839;Moentfund;1250;1350;Indicators_of_economic_activity;Coin findings
1520;Enkeltfund;750;899;Not categorized;Not categorized
1563;Hus (evt. med stald);1200;1399;Buildings;House (possibly with a stable)
NA;Enkeltfund;1200;1499;Not categorized;Not categorized
337;Enkeltfund;750;1066;Not categorized;Not categorized
352;Affaldsgrube;1067;1299;Not categorized;Not categorized
1531;Enkeltfund;750;899;Not categorized;Not categorized
367;Moentfund;1200;1399;Indicators_of_economic_activity;Coin findings
367;Moentfund;750;1066;Indicators_of_economic_activity;Coin findings
367;Moentfund;1241;1375;Indicators_of_economic_activity;Coin findings
151;Grubehus;750;1066;Buildings;Pit-house
334;Moentfund;913;946;Indicators_of_economic_activity;Coin findings
350;Moentfund;1200;1399;Indicators_of_economic_activity;Coin findings
1307;Enkeltfund;1200;1500;Not categorized;Not categorized
1170;Bygningssten;1067;1299;Not categorized;Not categorized
1216;Kirke;1200;1299;Religious;Church
1152;Hus (evt. med stald);1067;1299;Buildings;House (possibly with a stable)
624;Enkeltfund;1067;1399;Not categorized;Not categorized
936;Moentfund;1286;1360;Indicators_of_economic_activity;Coin findings
1010;Begravelsesplads;750;1066;Not categorized;Not categorized
110;Depotfund;750;1066;Distress;Hoard finds
1642;Jordfaestegrav;750;1066;Not categorized;Not categorized
1209;Enkeltfund;1300;1399;Not categorized;Not categorized
1546;Grubehus;750;1066;Buildings;Pit-house
1286;Groeft (afvanding);1200;1399;Not categorized;Not categorized
1831;Enkeltfund;750;1066;Not categorized;Not categorized
1831;Moentfund;750;1066;Indicators_of_economic_activity;Coin findings
400;Enkeltfund;750;1066;Not categorized;Not categorized
8;Enkeltfund;750;1066;Not categorized;Not categorized
1157;Enkeltfund;1067;1299;Not categorized;Not categorized
152;Enkeltfund;1067;1199;Not categorized;Not categorized
NA;Enkeltfund;750;1066;Not categorized;Not categorized
1579;Enkeltfund;750;1066;Not categorized;Not categorized
1821;Moentfund;1241;1377;Indicators_of_economic_activity;Coin findings
1821;Moentfund;1400;1499;Indicators_of_economic_activity;Coin findings
1821;Moentfund;750;1066;Indicators_of_economic_activity;Coin findings
1821;Enkeltfund;750;1066;Not categorized;Not categorized
1216;Hus (evt. med stald);900;1066;Buildings;House (possibly with a stable)
1216;Hus (evt. med stald);1067;1299;Buildings;House (possibly with a stable)
358;Enkeltfund;750;1066;Not categorized;Not categorized
358;Moentfund;750;1066;Indicators_of_economic_activity;Coin findings
1831;Moentfund;1067;1299;Indicators_of_economic_activity;Coin findings
1045;Enkeltfund;750;899;Not categorized;Not categorized
73;Enkeltfund;750;1066;Not categorized;Not categorized
400;Enkeltfund;750;1066;Not categorized;Not categorized
1816;Enkeltfund;750;1066;Not categorized;Not categorized
914;Enkeltfund;1475;1487;Not categorized;Not categorized
1051;Enkeltfund;750;1066;Not categorized;Not categorized
1563;Bosaettelse, uspec undergruppe;750;1066;Buildings;Settlement, unspecified subgroup
1563;Bosaettelse, uspec undergruppe;1067;1299;Buildings;Settlement, unspecified subgroup
1563;Grubehus;750;1066;Buildings;Pit-house
1308;Hus (evt. med stald);1067;1299;Buildings;House (possibly with a stable)
200;Enkeltfund;950;1050;Not categorized;Not categorized
412;Moentfund;1200;1399;Indicators_of_economic_activity;Coin findings
843;Enkeltfund;1067;1299;Not categorized;Not categorized
1799;Enkeltfund;1067;1299;Not categorized;Not categorized
1674;Enkeltfund;1200;1399;Not categorized;Not categorized
921;Enkeltfund;750;1066;Not categorized;Not categorized
632;Bosaettelse, uspec undergruppe;750;1066;Buildings;Settlement, unspecified subgroup
313;Hus (evt. med stald);1067;1299;Buildings;House (possibly with a stable)
1311;Bygning;750;1066;Not categorized;Not categorized
880;Enkeltfund;1241;1375;Not categorized;Not categorized
1550;Hus (evt. med stald);1067;1299;Buildings;House (possibly with a stable)
100;Enkeltfund;750;1066;Not categorized;Not categorized
1717;Enkeltfund;1200;1399;Not categorized;Not categorized
235;Enkeltfund;800;1050;Not categorized;Not categorized
235;Enkeltfund;800;1050;Not categorized;Not categorized
205;Enkeltfund;1200;1500;Not categorized;Not categorized
1717;Bygning;1300;1399;Not categorized;Not categorized
1717;Grube (uspecificeret funktion);1200;1299;Not categorized;Not categorized
1717;Broend;1200;1299;Buildings;Well
1614;Latrin og toilet;1300;1499;Not categorized;Not categorized
1614;Latrin og toilet;1300;1499;Not categorized;Not categorized
344;Moentfund;900;1066;Indicators_of_economic_activity;Coin findings
688;Kulturlag;1067;1299;Not categorized;Not categorized
688;Stolpehul m. uvis funktion;1067;1299;Buildings;Posthole with unknown function
688;Stenlaegning/Stensamling;1067;1299;Not categorized;Not categorized
73;Moentfund;1202;1241;Indicators_of_economic_activity;Coin findings
917;Begravelse, uspec undergruppe;750;1066;Not categorized;Not categorized
1806;Moentfund;1067;1299;Indicators_of_economic_activity;Coin findings
355;Diverse anlaeg og genstande, uspec undergruppe;1067;1299;Not categorized;Not categorized
356;Diverse anlaeg og genstande, uspec undergruppe;1067;1299;Not categorized;Not categorized
1823;Diverse anlaeg og genstande, uspec undergruppe;1067;1299;Not categorized;Not categorized
1427;Enkeltfund;1067;1199;Not categorized;Not categorized
1800;Moentfund;1200;1299;Indicators_of_economic_activity;Coin findings
1567;Hus (evt. med stald);1067;1299;Buildings;House (possibly with a stable)
337;Moentfund;1200;1399;Indicators_of_economic_activity;Coin findings
1381;Broend;1100;1500;Buildings;Well
967;Diverse anlaeg og genstande, uspec undergruppe;750;1066;Not categorized;Not categorized
1551;Brolaegning;1300;1500;Not categorized;Not categorized
1551;Hus (evt. med stald);1300;1400;Buildings;House (possibly with a stable)
1551;Skel (ejendom);800;900;Buildings;Boundary (property)
1533;Dige (uspecificeret);1200;1320;Not categorized;Not categorized
842;Enkeltfund;750;1066;Not categorized;Not categorized
631;Enkeltfund;1067;1299;Not categorized;Not categorized
1743;Enkeltfund;750;1066;Not categorized;Not categorized
1098;Enkeltfund;1200;1499;Not categorized;Not categorized
NA;Moentfund;1067;1299;Indicators_of_economic_activity;Coin findings
1551;Forsvarsvold;899;970;Defensive;Rampart
1551;Hus (evt. med stald);1300;1500;Buildings;House (possibly with a stable)
1165;Affaldsgrube;1400;1499;Not categorized;Not categorized
1056;Enkeltfund;1200;1399;Not categorized;Not categorized
1630;Hus (evt. med stald);1067;1199;Buildings;House (possibly with a stable)
1053;Enkeltfund;750;1066;Not categorized;Not categorized
153;Enkeltfund;1200;1399;Not categorized;Not categorized
1834;Diverse anlaeg og genstande, uspec undergruppe;1200;1399;Not categorized;Not categorized
1727;Enkeltfund;750;899;Not categorized;Not categorized
1573;Grube (uspecificeret funktion);750;1066;Not categorized;Not categorized
353;Moentfund;1200;1499;Indicators_of_economic_activity;Coin findings
1754;Enkeltfund;1200;1399;Not categorized;Not categorized
1754;Moentfund;1200;1499;Indicators_of_economic_activity;Coin findings
1754;Moentfund;1200;1499;Indicators_of_economic_activity;Coin findings
359;Moentfund;1200;1499;Indicators_of_economic_activity;Coin findings
1754;Enkeltfund;750;1066;Not categorized;Not categorized
1754;Moentfund;1200;1499;Indicators_of_economic_activity;Coin findings
NA;Moentfund;1400;1499;Indicators_of_economic_activity;Coin findings
193;Broend;1067;1299;Buildings;Well
921;Bro;1474;1491;Not categorized;Not categorized
1843;Enkeltfund;750;1066;Not categorized;Not categorized
1285;Hus (evt. med stald);900;1066;Buildings;House (possibly with a stable)
1843;Enkeltfund;750;1066;Not categorized;Not categorized
1708;Enkeltfund;1300;1399;Not categorized;Not categorized
334;Moentfund;900;1066;Indicators_of_economic_activity;Coin findings
698;Enkeltfund;750;1066;Not categorized;Not categorized
1219;Enkeltfund;750;1066;Not categorized;Not categorized
1830;Moentfund;1300;1499;Indicators_of_economic_activity;Coin findings
1823;Moentfund;750;1066;Indicators_of_economic_activity;Coin findings
1823;Enkeltfund;750;1066;Not categorized;Not categorized
1823;Moentfund;1200;1299;Indicators_of_economic_activity;Coin findings
1231;Gaard;750;899;Buildings;Farmstead
331;Moentfund;900;1066;Indicators_of_economic_activity;Coin findings
337;Enkeltfund;1067;1499;Not categorized;Not categorized
338;Enkeltfund;1200;1499;Not categorized;Not categorized
1587;Enkeltfund;1200;1499;Not categorized;Not categorized
350;Enkeltfund;1067;1499;Not categorized;Not categorized
552;Enkeltfund;1067;1299;Not categorized;Not categorized
1229;Enkeltfund;1150;1250;Not categorized;Not categorized
498;Moentfund;1200;1399;Indicators_of_economic_activity;Coin findings
702;Enkeltfund;900;1066;Not categorized;Not categorized
1228;Hus (evt. med stald);1067;1299;Buildings;House (possibly with a stable)
1125;Enkeltfund;750;1066;Not categorized;Not categorized
1267;Enkeltfund;1200;1399;Not categorized;Not categorized
152;Enkeltfund;1200;1399;Not categorized;Not categorized
1731;Diverse anlaeg og genstande, uspec undergruppe;1067;1399;Not categorized;Not categorized
1731;Diverse anlaeg og genstande, uspec undergruppe;1067;1399;Not categorized;Not categorized
1333;Enkeltfund;1200;1399;Not categorized;Not categorized
1820;Enkeltfund;750;1066;Not categorized;Not categorized
1567;Grubehus;750;1066;Buildings;Pit-house
1319;Enkeltfund;750;1066;Not categorized;Not categorized
1094;Enkeltfund;750;1066;Not categorized;Not categorized
1674;Enkeltfund;750;1066;Not categorized;Not categorized
323;Diverse anlaeg og genstande, uspec undergruppe;1200;1399;Not categorized;Not categorized
1695;Enkeltfund;1300;1499;Not categorized;Not categorized
1637;Enkeltfund;1200;1299;Not categorized;Not categorized
1673;Enkeltfund;750;1066;Not categorized;Not categorized
1788;Enkeltfund;1250;1350;Not categorized;Not categorized
1788;Enkeltfund;1200;1400;Not categorized;Not categorized
1788;Enkeltfund;1250;1350;Not categorized;Not categorized
341;Moentfund;817;1040;Indicators_of_economic_activity;Coin findings
821;Enkeltfund;750;1066;Not categorized;Not categorized
1758;Enkeltfund;750;1066;Not categorized;Not categorized
1432;Enkeltfund;750;1066;Not categorized;Not categorized
827;Enkeltfund;750;1066;Not categorized;Not categorized
827;Enkeltfund;750;1066;Not categorized;Not categorized
1262;Enkeltfund;750;1066;Not categorized;Not categorized
1758;Enkeltfund;750;1066;Not categorized;Not categorized
1758;Enkeltfund;1067;1199;Not categorized;Not categorized
1758;Moentfund;1200;1399;Indicators_of_economic_activity;Coin findings
916;Hus (evt. med stald);750;1066;Buildings;House (possibly with a stable)
1748;Enkeltfund;750;1066;Not categorized;Not categorized
331;Moentfund;750;1066;Indicators_of_economic_activity;Coin findings
321;Enkeltfund;775;825;Not categorized;Not categorized
321;Enkeltfund;1067;1499;Not categorized;Not categorized
1827;Moentfund;900;1066;Indicators_of_economic_activity;Coin findings
NA;Diverse anlaeg og genstande, uspec undergruppe;750;1066;Not categorized;Not categorized
1581;Moentfund;1003;1023;Indicators_of_economic_activity;Coin findings
270;Enkeltfund;1200;1499;Not categorized;Not categorized
303;Enkeltfund;750;1066;Not categorized;Not categorized
624;Hus (evt. med stald);900;1066;Buildings;House (possibly with a stable)
303;Enkeltfund;1200;1499;Not categorized;Not categorized
303;Enkeltfund;750;1066;Not categorized;Not categorized
922;Enkeltfund;750;1066;Not categorized;Not categorized
302;Enkeltfund;1200;1450;Not categorized;Not categorized
921;Grubehus;750;1066;Buildings;Pit-house
921;Enkeltfund;750;1066;Not categorized;Not categorized
1674;Enkeltfund;750;1066;Not categorized;Not categorized
40;Enkeltfund;1280;1305;Not categorized;Not categorized
1718;Enkeltfund;1200;1499;Not categorized;Not categorized
377;Diverse anlaeg og genstande, uspec undergruppe;750;1066;Not categorized;Not categorized
377;Diverse anlaeg og genstande, uspec undergruppe;1067;1199;Not categorized;Not categorized
377;Diverse anlaeg og genstande, uspec undergruppe;900;1066;Not categorized;Not categorized
377;Moentfund;1067;1299;Indicators_of_economic_activity;Coin findings
1080;Enkeltfund;900;1066;Not categorized;Not categorized
3;Enkeltfund;750;1066;Not categorized;Not categorized
303;Enkeltfund;1200;1499;Not categorized;Not categorized
1817;Enkeltfund;750;1066;Not categorized;Not categorized
1823;Enkeltfund;1067;1199;Not categorized;Not categorized
1624;Enkeltfund;1200;1499;Not categorized;Not categorized
1210;Enkeltfund;1067;1199;Not categorized;Not categorized
1587;Broend;1300;1399;Buildings;Well
1508;Hegn/gaerde;750;899;Buildings;Hedge/fence
1508;Gaard;1067;1299;Buildings;Farmstead
1508;Hus (evt. med stald);1067;1299;Buildings;House (possibly with a stable)
1508;Forraadshus;1067;1299;Not categorized;Not categorized
1508;Hus (evt. med stald);1067;1199;Buildings;House (possibly with a stable)
311;Diverse anlaeg og genstande, uspec undergruppe;1200;1499;Not categorized;Not categorized
344;Enkeltfund;750;1066;Not categorized;Not categorized
344;Moentfund;800;1020;Indicators_of_economic_activity;Coin findings
1599;Diverse anlaeg og genstande, uspec undergruppe;750;1066;Not categorized;Not categorized
1599;Diverse anlaeg og genstande, uspec undergruppe;1200;1399;Not categorized;Not categorized
1508;Hus (evt. med stald);1067;1299;Buildings;House (possibly with a stable)
1508;Hus (evt. med stald);750;1066;Buildings;House (possibly with a stable)
250;Diverse anlaeg og genstande, uspec undergruppe;1200;1499;Not categorized;Not categorized
1736;Enkeltfund;750;1066;Not categorized;Not categorized
1736;Enkeltfund;750;1066;Not categorized;Not categorized
294;Diverse anlaeg og genstande, uspec undergruppe;750;1066;Not categorized;Not categorized
1505;Bosaettelse, uspec undergruppe;1067;1299;Buildings;Settlement, unspecified subgroup
350;Enkeltfund;750;1066;Not categorized;Not categorized
266;Diverse anlaeg og genstande, uspec undergruppe;1200;1499;Not categorized;Not categorized
1312;Bygning;1067;1299;Not categorized;Not categorized
1312;Bygning;1067;1299;Not categorized;Not categorized
299;Diverse anlaeg og genstande, uspec undergruppe;1200;1499;Not categorized;Not categorized
305;Diverse anlaeg og genstande, uspec undergruppe;1200;1399;Not categorized;Not categorized
1797;Diverse anlaeg og genstande, uspec undergruppe;1200;1399;Not categorized;Not categorized
277;Enkeltfund;1200;1499;Not categorized;Not categorized
289;Enkeltfund;1200;1499;Not categorized;Not categorized
1300;Hus (evt. med stald);1067;1199;Buildings;House (possibly with a stable)
1381;Bageovn;750;899;Indicators_of_economic_activity;Bakery oven
1258;Kulturlag;1067;1299;Not categorized;Not categorized
305;Enkeltfund;750;1066;Not categorized;Not categorized
1831;Moentfund;1067;1299;Indicators_of_economic_activity;Coin findings
872;Enkeltfund;1080;1341;Not categorized;Not categorized
1830;Moentfund;1067;1299;Indicators_of_economic_activity;Coin findings
545;Moentfund;1200;1499;Indicators_of_economic_activity;Coin findings
407;Moentfund;1200;1299;Indicators_of_economic_activity;Coin findings
1708;Bygning;1067;1299;Not categorized;Not categorized
151;Bosaettelse, uspec undergruppe;750;1066;Buildings;Settlement, unspecified subgroup
1285;Bygning;1067;1199;Not categorized;Not categorized
36;Vandmoelle;1200;1299;Indicators_of_economic_activity;Water mill
869;Enkeltfund;750;1066;Not categorized;Not categorized
266;Enkeltfund;1200;1499;Not categorized;Not categorized
1701;Enkeltfund;1200;1399;Not categorized;Not categorized
1569;Beskyttelsesanlaeg;750;1066;Not categorized;Not categorized
1270;Dyreben;1067;1299;Not categorized;Not categorized
1533;Enkeltfund;900;1050;Not categorized;Not categorized
832;Jern;1285;1394;Indicators_of_economic_activity;Iron
1797;Diverse anlaeg og genstande, uspec undergruppe;1200;1399;Not categorized;Not categorized
1531;Enkeltfund;750;899;Not categorized;Not categorized
302;Enkeltfund;1067;1499;Not categorized;Not categorized
433;Enkeltfund;1067;1299;Not categorized;Not categorized
773;Enkeltfund;750;1066;Not categorized;Not categorized
1758;Moentfund;1200;1399;Indicators_of_economic_activity;Coin findings
575;Enkeltfund;750;1066;Not categorized;Not categorized
1758;Moentfund;900;1066;Indicators_of_economic_activity;Coin findings
1758;Enkeltfund;1200;1399;Not categorized;Not categorized
1680;Enkeltfund;750;1066;Not categorized;Not categorized
883;Kirke;1200;1275;Religious;Church
1758;Enkeltfund;1067;1299;Not categorized;Not categorized
1838;Enkeltfund;1300;1399;Not categorized;Not categorized
1797;Diverse anlaeg og genstande, uspec undergruppe;1200;1499;Not categorized;Not categorized
1288;Hus (evt. med stald);1067;1299;Buildings;House (possibly with a stable)
1506;Enkeltfund;750;1066;Not categorized;Not categorized
1787;Enkeltfund;1200;1300;Not categorized;Not categorized
170;Enkeltfund;1200;1500;Not categorized;Not categorized
165;Enkeltfund;1200;1500;Not categorized;Not categorized
315;Moentfund;1200;1299;Indicators_of_economic_activity;Coin findings
315;Gaard;1067;1299;Buildings;Farmstead
57;Moentfund;750;1066;Indicators_of_economic_activity;Coin findings
265;Diverse anlaeg og genstande, uspec undergruppe;1067;1399;Not categorized;Not categorized
319;Enkeltfund;1200;1299;Not categorized;Not categorized
317;Diverse anlaeg og genstande, uspec undergruppe;1400;1499;Not categorized;Not categorized
298;Diverse anlaeg og genstande, uspec undergruppe;750;1066;Not categorized;Not categorized
423;Moentfund;1200;1499;Indicators_of_economic_activity;Coin findings
1726;Gravgenstand;1400;1500;Not categorized;Not categorized
1834;Enkeltfund;1200;1499;Not categorized;Not categorized
1055;Enkeltfund;750;899;Not categorized;Not categorized
1276;Hus (evt. med stald);1067;1399;Buildings;House (possibly with a stable)
1276;Hegn/gaerde;1067;1499;Buildings;Hedge/fence
1758;Enkeltfund;750;1066;Not categorized;Not categorized
1758;Moentfund;750;1066;Indicators_of_economic_activity;Coin findings
1758;Moentfund;1200;1399;Indicators_of_economic_activity;Coin findings
1240;Enkeltfund;750;1066;Not categorized;Not categorized
546;Enkeltfund;1200;1499;Not categorized;Not categorized
1171;Enkeltfund;750;1066;Not categorized;Not categorized
1028;Diverse anlaeg og genstande, uspec undergruppe;1300;1499;Not categorized;Not categorized
1105;Enkeltfund;900;1066;Not categorized;Not categorized
1276;Hus (evt. med stald);1067;1299;Buildings;House (possibly with a stable)
1276;Groeft (skel);1067;1499;Buildings;Ditch (boundary)
1276;Broend;1067;1499;Buildings;Well
253;Hus (evt. med stald);750;1066;Buildings;House (possibly with a stable)
547;Moentfund;1200;1499;Indicators_of_economic_activity;Coin findings
487;Enkeltfund;1067;1199;Not categorized;Not categorized
487;Moentfund;1200;1399;Indicators_of_economic_activity;Coin findings
410;Moentfund;1200;1399;Indicators_of_economic_activity;Coin findings
1270;Stolpehul m. uvis funktion;1316;1431;Buildings;Posthole with unknown function
999;Diverse anlaeg og genstande, uspec undergruppe;750;1066;Not categorized;Not categorized
297;Enkeltfund;1200;1499;Not categorized;Not categorized
1597;Enkeltfund;750;1066;Not categorized;Not categorized
NA;Enkeltfund;1200;1499;Not categorized;Not categorized
296;Enkeltfund;1067;1299;Not categorized;Not categorized
1730;Enkeltfund;900;1066;Not categorized;Not categorized
1730;Moentfund;1200;1399;Indicators_of_economic_activity;Coin findings
414;Enkeltfund;750;1066;Not categorized;Not categorized
414;Enkeltfund;1067;1299;Not categorized;Not categorized
415;Enkeltfund;1067;1299;Not categorized;Not categorized
1331;Moentfund;750;1066;Indicators_of_economic_activity;Coin findings
53;Depotfund;1250;1350;Distress;Hoard finds
1332;Moentfund;1200;1399;Indicators_of_economic_activity;Coin findings
1332;Moentfund;1200;1399;Indicators_of_economic_activity;Coin findings
1332;Moentfund;1200;1399;Indicators_of_economic_activity;Coin findings
1280;Moentfund;1200;1399;Indicators_of_economic_activity;Coin findings
1811;Enkeltfund;750;1066;Not categorized;Not categorized
1244;Enkeltfund;1100;1300;Not categorized;Not categorized
269;Enkeltfund;750;1066;Not categorized;Not categorized
415;Enkeltfund;1067;1299;Not categorized;Not categorized
166;Enkeltfund;1100;1300;Not categorized;Not categorized
1270;Hus (evt. med stald);1067;1499;Buildings;House (possibly with a stable)
1584;Enkeltfund;750;1066;Not categorized;Not categorized
121;Enkeltfund;1200;1500;Not categorized;Not categorized
858;Enkeltfund;750;1066;Not categorized;Not categorized
475;Enkeltfund;1067;1299;Not categorized;Not categorized
216;Hus (evt. med stald);1067;1299;Buildings;House (possibly with a stable)
216;Bageovn;1067;1299;Indicators_of_economic_activity;Bakery oven
991;Moentfund;1200;1300;Indicators_of_economic_activity;Coin findings
1730;Enkeltfund;750;1066;Not categorized;Not categorized
1350;Gaard;1067;1299;Buildings;Farmstead
1351;Enkeltfund;1200;1299;Not categorized;Not categorized
287;Bosaettelse, uspec undergruppe;1067;1299;Buildings;Settlement, unspecified subgroup
70;Enkeltfund;750;1066;Not categorized;Not categorized
1591;Enkeltfund;1067;1499;Not categorized;Not categorized
365;Enkeltfund;750;1066;Not categorized;Not categorized
38;Bosaettelse, uspec undergruppe;1067;1499;Buildings;Settlement, unspecified subgroup
1521;Enkeltfund;750;1066;Not categorized;Not categorized
1521;Enkeltfund;900;1066;Not categorized;Not categorized
235;Enkeltfund;850;1000;Not categorized;Not categorized
1422;Enkeltfund;1241;1375;Not categorized;Not categorized
1210;Enkeltfund;1067;1299;Not categorized;Not categorized
1210;Enkeltfund;1067;1299;Not categorized;Not categorized
1510;Broend;1067;1299;Buildings;Well
287;Enkeltfund;750;1066;Not categorized;Not categorized
1750;Moentfund;1200;1399;Indicators_of_economic_activity;Coin findings
43;Enkeltfund;1067;1399;Not categorized;Not categorized
551;Moentfund;1200;1499;Indicators_of_economic_activity;Coin findings
1750;Moentfund;1200;1499;Indicators_of_economic_activity;Coin findings
118;Enkeltfund;800;1050;Not categorized;Not categorized
338;Moentfund;900;1066;Indicators_of_economic_activity;Coin findings
1539;Jern;1300;1499;Indicators_of_economic_activity;Iron
1290;Enkeltfund;750;1066;Not categorized;Not categorized
1105;Enkeltfund;1067;1299;Not categorized;Not categorized
1445;Hus (evt. med stald);1400;1499;Buildings;House (possibly with a stable)
58;Affaldsgrube;1067;1199;Not categorized;Not categorized
1350;Enkeltfund;900;1066;Not categorized;Not categorized
592;Hus (evt. med stald);1300;1499;Buildings;House (possibly with a stable)
NA;Enkeltfund;1250;1350;Not categorized;Not categorized
1699;Enkeltfund;1200;1399;Not categorized;Not categorized
1671;Enkeltfund;1268;1314;Not categorized;Not categorized
1587;Stensaetning;1300;1399;Not categorized;Not categorized
1515;Enkeltfund;1067;1399;Not categorized;Not categorized
1456;Enkeltfund;1381;1381;Not categorized;Not categorized
1456;Enkeltfund;1200;1399;Not categorized;Not categorized
1509;Enkeltfund;750;1066;Not categorized;Not categorized
1509;Enkeltfund;1200;1399;Not categorized;Not categorized
1509;Enkeltfund;1067;1299;Not categorized;Not categorized
NA;Enkeltfund;1200;1499;Not categorized;Not categorized
1778;Enkeltfund;1200;1400;Not categorized;Not categorized
1779;Enkeltfund;1200;1500;Not categorized;Not categorized
1509;Enkeltfund;1067;1299;Not categorized;Not categorized
1791;Enkeltfund;1100;1500;Not categorized;Not categorized
1792;Enkeltfund;1100;1400;Not categorized;Not categorized
1780;Enkeltfund;1200;1400;Not categorized;Not categorized
1791;Enkeltfund;1200;1400;Not categorized;Not categorized
1791;Enkeltfund;1200;1400;Not categorized;Not categorized
1446;Enkeltfund;750;1066;Not categorized;Not categorized
1459;Enkeltfund;1067;1299;Not categorized;Not categorized
1509;Enkeltfund;1067;1399;Not categorized;Not categorized
1530;Enkeltfund;1067;1299;Not categorized;Not categorized
1530;Enkeltfund;1067;1299;Not categorized;Not categorized
1422;Enkeltfund;1200;1399;Not categorized;Not categorized
414;Enkeltfund;1067;1199;Not categorized;Not categorized
414;Moentfund;1200;1399;Indicators_of_economic_activity;Coin findings
1788;Enkeltfund;900;1050;Not categorized;Not categorized
277;Enkeltfund;1067;1399;Not categorized;Not categorized
1621;Hus (evt. med stald);1300;1499;Buildings;House (possibly with a stable)
302;Enkeltfund;1200;1499;Not categorized;Not categorized
166;Enkeltfund;1100;1300;Not categorized;Not categorized
928;Grubehus;900;1066;Buildings;Pit-house
150;Enkeltfund;1100;1300;Not categorized;Not categorized
921;Enkeltfund;750;1066;Not categorized;Not categorized
1446;Enkeltfund;1067;1299;Not categorized;Not categorized
NA;Voldgrav;1300;1399;Defensive;Moat
1044;Enkeltfund;1200;1399;Not categorized;Not categorized
1526;Enkeltfund;1200;1399;Not categorized;Not categorized
1526;Enkeltfund;1067;1299;Not categorized;Not categorized
1533;Kulturlag;1300;1500;Not categorized;Not categorized
1533;Dige (uspecificeret);1275;1325;Not categorized;Not categorized
1202;Hus (evt. med stald);1067;1299;Buildings;House (possibly with a stable)
1202;Hegn/gaerde;1067;1299;Buildings;Hedge/fence
1465;Enkeltfund;1200;1399;Not categorized;Not categorized
1465;Enkeltfund;1067;1199;Not categorized;Not categorized
1581;Hus (evt. med stald);750;1066;Buildings;House (possibly with a stable)
1465;Enkeltfund;750;1066;Not categorized;Not categorized
97;Enkeltfund;750;1066;Not categorized;Not categorized
1420;Enkeltfund;900;1066;Not categorized;Not categorized
1450;Enkeltfund;900;1066;Not categorized;Not categorized
1432;Enkeltfund;1067;1299;Not categorized;Not categorized
1401;Enkeltfund;750;1066;Not categorized;Not categorized
1247;Enkeltfund;750;1066;Not categorized;Not categorized
1247;Grube (uspecificeret funktion);750;1066;Not categorized;Not categorized
969;Hoertoerringsanlaeg;750;1066;Not categorized;Not categorized
1519;Enkeltfund;750;1066;Not categorized;Not categorized
1200;Hus (evt. med stald);1200;1400;Buildings;House (possibly with a stable)
1200;Kulturlag;1200;1400;Not categorized;Not categorized
1200;Broend;1200;1400;Buildings;Well
1200;Hegn/gaerde;1200;1400;Buildings;Hedge/fence
1200;Hus (evt. med stald);1067;1299;Buildings;House (possibly with a stable)
1506;Enkeltfund;1067;1299;Not categorized;Not categorized
1506;Enkeltfund;1067;1299;Not categorized;Not categorized
205;Moentfund;800;1000;Indicators_of_economic_activity;Coin findings
1566;Jern;1200;1399;Indicators_of_economic_activity;Iron
1566;Jern;1200;1400;Indicators_of_economic_activity;Iron
1074;Enkeltfund;750;1066;Not categorized;Not categorized
1567;Bygning;900;1066;Not categorized;Not categorized
1718;Enkeltfund;1067;1299;Not categorized;Not categorized
999;Oedekirke;1067;1446;Not categorized;Not categorized
1022;Oedekirke;1067;1500;Not categorized;Not categorized
40;Oedekirke;1340;1376;Not categorized;Not categorized
268;Kirke;1200;1500;Religious;Church
1574;Enkeltfund;750;1066;Not categorized;Not categorized
1574;Moentfund;750;1066;Indicators_of_economic_activity;Coin findings
1574;Moentfund;1200;1399;Indicators_of_economic_activity;Coin findings
675;Oedekirke;1100;1500;Not categorized;Not categorized
1792;Enkeltfund;1200;1300;Not categorized;Not categorized
1627;Enkeltfund;1067;1299;Not categorized;Not categorized
427;Moentfund;1200;1499;Indicators_of_economic_activity;Coin findings
421;Enkeltfund;1067;1299;Not categorized;Not categorized
894;Oedekirke;1100;1461;Not categorized;Not categorized
1120;Oedekirke;1386;1428;Not categorized;Not categorized
818;Oedekirke;1100;1480;Not categorized;Not categorized
980;Oedekirke;1100;1500;Not categorized;Not categorized
982;Oedekirke;1100;1500;Not categorized;Not categorized
1011;Oedekirke;1100;1500;Not categorized;Not categorized
1230;Oedekirke;1100;1500;Not categorized;Not categorized
1408;Oedekirke;1100;1500;Not categorized;Not categorized
1454;Oedekirke;1100;1500;Not categorized;Not categorized
1463;Oedekirke;1100;1450;Not categorized;Not categorized
1678;Oedekirke;1100;1436;Not categorized;Not categorized
1319;Oedekirke;1200;1484;Not categorized;Not categorized
1632;Oedekirke;1100;1500;Not categorized;Not categorized
1632;Oedekirkegaard;1100;1500;Not categorized;Not categorized
421;Enkeltfund;1067;1299;Not categorized;Not categorized
421;Enkeltfund;1300;1499;Not categorized;Not categorized
1194;Grubehus;750;1066;Buildings;Pit-house
1723;Voldgrav;1067;1299;Defensive;Moat
1293;Enkeltfund;750;1066;Not categorized;Not categorized
1775;Hus (evt. med stald);900;1050;Buildings;House (possibly with a stable)
474;Moentfund;750;1066;Indicators_of_economic_activity;Coin findings
474;Enkeltfund;750;1066;Not categorized;Not categorized
242;Enkeltfund;1067;1299;Not categorized;Not categorized
1629;Enkeltfund;1200;1399;Not categorized;Not categorized
1642;Ildsted;900;1066;Not categorized;Not categorized
1642;Groeft (skel);900;1066;Buildings;Ditch (boundary)
1642;Kulturlag;900;1066;Not categorized;Not categorized
1642;Bygning;1067;1299;Not categorized;Not categorized
1797;Enkeltfund;1300;1499;Not categorized;Not categorized
1843;Enkeltfund;1241;1375;Not categorized;Not categorized
3;Moentfund;1200;1399;Indicators_of_economic_activity;Coin findings
1067;Enkeltfund;900;1066;Not categorized;Not categorized
231;Depotfund;1300;1399;Distress;Hoard finds
1567;Bygning;750;1066;Not categorized;Not categorized
1567;Bygning;750;1066;Not categorized;Not categorized
1567;Bygning;750;1066;Not categorized;Not categorized
1567;Hegn/gaerde;750;1066;Buildings;Hedge/fence
1759;Enkeltfund;1067;1199;Not categorized;Not categorized
1759;Moentfund;1200;1399;Indicators_of_economic_activity;Coin findings
1573;Enkeltfund;1067;1299;Not categorized;Not categorized
1599;Diverse anlaeg og genstande, uspec undergruppe;750;1066;Not categorized;Not categorized
500;Enkeltfund;750;1066;Not categorized;Not categorized
338;Enkeltfund;750;1066;Not categorized;Not categorized
338;Enkeltfund;983;1040;Not categorized;Not categorized
338;Moentfund;983;1040;Indicators_of_economic_activity;Coin findings
231;Depotfund;900;1066;Distress;Hoard finds
545;Moentfund;1067;1399;Indicators_of_economic_activity;Coin findings
1319;Klosteranlaeg;1200;1492;Religious;Monastery complex
980;Enkeltfund;750;1066;Not categorized;Not categorized
1191;Enkeltfund;900;1066;Not categorized;Not categorized
1697;Enkeltfund;750;1066;Not categorized;Not categorized
812;Moentfund;1241;1375;Indicators_of_economic_activity;Coin findings
300;Enkeltfund;1067;1199;Not categorized;Not categorized
1551;Hus (evt. med stald);1100;1240;Buildings;House (possibly with a stable)
889;Moentfund;1241;1375;Indicators_of_economic_activity;Coin findings
959;Enkeltfund;750;1066;Not categorized;Not categorized
1698;Moentfund;1300;1499;Indicators_of_economic_activity;Coin findings
1731;Enkeltfund;1067;1199;Not categorized;Not categorized
1319;Enkeltfund;750;1066;Not categorized;Not categorized
1335;Enkeltfund;750;1066;Not categorized;Not categorized
331;Enkeltfund;1300;1399;Not categorized;Not categorized
331;Moentfund;1319;1332;Indicators_of_economic_activity;Coin findings
266;Enkeltfund;750;1066;Not categorized;Not categorized
124;Gaard;1067;1299;Buildings;Farmstead
704;Enkeltfund;750;1066;Not categorized;Not categorized
704;Enkeltfund;750;1066;Not categorized;Not categorized
952;Enkeltfund;1067;1299;Not categorized;Not categorized
1338;Enkeltfund;750;1066;Not categorized;Not categorized
1565;Hus (evt. med stald);750;1066;Buildings;House (possibly with a stable)
1565;Grubehus;750;1066;Buildings;Pit-house
301;Diverse anlaeg og genstande, uspec undergruppe;1200;1399;Not categorized;Not categorized
336;Enkeltfund;750;1066;Not categorized;Not categorized
NA;Enkeltfund;1200;1399;Not categorized;Not categorized
464;Jordfaestegrav;750;1066;Not categorized;Not categorized
1718;Enkeltfund;1300;1399;Not categorized;Not categorized
192;Affaldsgrube;1067;1299;Not categorized;Not categorized
1361;Enkeltfund;750;1066;Not categorized;Not categorized
1709;Bosaettelse, uspec undergruppe;750;1066;Buildings;Settlement, unspecified subgroup
1056;Enkeltfund;1200;1299;Not categorized;Not categorized
423;Enkeltfund;1067;1199;Not categorized;Not categorized
908;Enkeltfund;1200;1399;Not categorized;Not categorized
1051;Enkeltfund;1200;1499;Not categorized;Not categorized
355;Bygning;1067;1299;Not categorized;Not categorized
1338;Enkeltfund;750;899;Not categorized;Not categorized
253;Hus (evt. med stald);750;1066;Buildings;House (possibly with a stable)
NA;Enkeltfund;1067;1499;Not categorized;Not categorized
1453;Enkeltfund;1300;1399;Not categorized;Not categorized
1266;Bosaettelse, uspec undergruppe;750;1066;Buildings;Settlement, unspecified subgroup
27;Enkeltfund;900;1066;Not categorized;Not categorized
1516;Enkeltfund;750;1066;Not categorized;Not categorized
1675;Enkeltfund;1200;1299;Not categorized;Not categorized
1596;Enkeltfund;1067;1499;Not categorized;Not categorized
1730;Moentfund;1200;1399;Indicators_of_economic_activity;Coin findings
1730;Enkeltfund;750;1066;Not categorized;Not categorized
1730;Enkeltfund;750;1066;Not categorized;Not categorized
1730;Enkeltfund;750;1066;Not categorized;Not categorized
1730;Enkeltfund;750;1066;Not categorized;Not categorized
1730;Enkeltfund;750;1066;Not categorized;Not categorized
1730;Moentfund;1200;1399;Indicators_of_economic_activity;Coin findings
166;Enkeltfund;1100;1500;Not categorized;Not categorized
1407;Enkeltfund;850;950;Not categorized;Not categorized
1604;Enkeltfund;1200;1300;Not categorized;Not categorized
181;Enkeltfund;1067;1300;Not categorized;Not categorized
438;Enkeltfund;1067;1199;Not categorized;Not categorized
432;Depotfund;1200;1399;Distress;Hoard finds
548;Moentfund;1067;1399;Indicators_of_economic_activity;Coin findings
1152;Hegn/gaerde;750;1066;Buildings;Hedge/fence
1152;Bygning;750;1066;Not categorized;Not categorized
1152;Stolpehul m. uvis funktion;750;1066;Buildings;Posthole with unknown function
1831;Moentfund;750;1066;Indicators_of_economic_activity;Coin findings
1831;Moentfund;1067;1299;Indicators_of_economic_activity;Coin findings
344;Moentfund;789;809;Indicators_of_economic_activity;Coin findings
338;Moentfund;983;1040;Indicators_of_economic_activity;Coin findings
1629;Enkeltfund;1067;1299;Not categorized;Not categorized
1767;Enkeltfund;1067;1299;Not categorized;Not categorized
171;Enkeltfund;1200;1400;Not categorized;Not categorized
150;Enkeltfund;1067;1499;Not categorized;Not categorized
1784;Enkeltfund;1100;1400;Not categorized;Not categorized
1777;Enkeltfund;1200;1400;Not categorized;Not categorized
220;Enkeltfund;1100;1450;Not categorized;Not categorized
508;Enkeltfund;1067;1199;Not categorized;Not categorized
508;Moentfund;1200;1499;Indicators_of_economic_activity;Coin findings
1459;Enkeltfund;750;1066;Not categorized;Not categorized
1762;Enkeltfund;750;899;Not categorized;Not categorized
1762;Enkeltfund;1067;1199;Not categorized;Not categorized
1189;Enkeltfund;1067;1299;Not categorized;Not categorized
166;Enkeltfund;1200;1400;Not categorized;Not categorized
1788;Moentfund;1200;1350;Indicators_of_economic_activity;Coin findings
235;Enkeltfund;1200;1400;Not categorized;Not categorized
135;Enkeltfund;800;1050;Not categorized;Not categorized
137;Enkeltfund;1200;1350;Not categorized;Not categorized
1285;Enkeltfund;1200;1399;Not categorized;Not categorized
349;Moentfund;900;1066;Indicators_of_economic_activity;Coin findings
349;Enkeltfund;750;1066;Not categorized;Not categorized
349;Moentfund;900;1066;Indicators_of_economic_activity;Coin findings
349;Moentfund;750;899;Indicators_of_economic_activity;Coin findings
205;Enkeltfund;1200;1500;Not categorized;Not categorized
170;Enkeltfund;1200;1500;Not categorized;Not categorized
1195;Enkeltfund;750;1066;Not categorized;Not categorized
423;Enkeltfund;1067;1199;Not categorized;Not categorized
1761;Enkeltfund;1067;1199;Not categorized;Not categorized
1761;Moentfund;1200;1399;Indicators_of_economic_activity;Coin findings
9;Ovnanlaeg (uspecificeret);1067;1199;Indicators_of_economic_activity;Furnace (unspecified)
9;Ovnanlaeg (uspecificeret);1067;1199;Indicators_of_economic_activity;Furnace (unspecified)
1211;Hus (evt. med stald);1067;1299;Buildings;House (possibly with a stable)
1771;Enkeltfund;1067;1199;Not categorized;Not categorized
1771;Moentfund;1200;1399;Indicators_of_economic_activity;Coin findings
1829;Moentfund;1067;1299;Indicators_of_economic_activity;Coin findings
1771;Enkeltfund;1200;1499;Not categorized;Not categorized
472;Moentfund;1200;1399;Indicators_of_economic_activity;Coin findings
0;Enkeltfund;1200;1500;Not categorized;Not categorized
454;Enkeltfund;750;899;Not categorized;Not categorized
454;Enkeltfund;1067;1199;Not categorized;Not categorized
1385;Enkeltfund;1200;1499;Not categorized;Not categorized
835;Bosaettelse, uspec undergruppe;900;1066;Buildings;Settlement, unspecified subgroup
835;Bosaettelse, uspec undergruppe;900;1066;Buildings;Settlement, unspecified subgroup
835;Hegn/gaerde;900;1066;Buildings;Hedge/fence
835;Diverse anlaeg og genstande, uspec undergruppe;900;1066;Not categorized;Not categorized
1437;Enkeltfund;1067;1299;Not categorized;Not categorized
1792;Enkeltfund;1200;1400;Not categorized;Not categorized
377;Moentfund;1067;1299;Indicators_of_economic_activity;Coin findings
1203;Enkeltfund;1067;1199;Not categorized;Not categorized
1211;Enkeltfund;750;1066;Not categorized;Not categorized
1465;Enkeltfund;750;1066;Not categorized;Not categorized
1246;Moentfund;1300;1499;Indicators_of_economic_activity;Coin findings
1246;Depotfund;1424;1499;Distress;Hoard finds
152;Enkeltfund;1200;1399;Not categorized;Not categorized
1731;Enkeltfund;750;1066;Not categorized;Not categorized
1210;Enkeltfund;750;1066;Not categorized;Not categorized
1533;Kulturlag;1300;1500;Not categorized;Not categorized
1136;Enkeltfund;750;899;Not categorized;Not categorized
1720;Diverse anlaeg og genstande, uspec undergruppe;1067;1299;Not categorized;Not categorized
26;Enkeltfund;750;1066;Not categorized;Not categorized
26;Moentfund;1067;1199;Indicators_of_economic_activity;Coin findings
462;Moentfund;1067;1199;Indicators_of_economic_activity;Coin findings
487;Enkeltfund;1067;1299;Not categorized;Not categorized
479;Enkeltfund;900;1066;Not categorized;Not categorized
479;Enkeltfund;1067;1199;Not categorized;Not categorized
1719;Bygning;1200;1499;Not categorized;Not categorized
262;Enkeltfund;750;1066;Not categorized;Not categorized
1768;Enkeltfund;750;1066;Not categorized;Not categorized
1768;Moentfund;750;1066;Indicators_of_economic_activity;Coin findings
1768;Moentfund;1200;1399;Indicators_of_economic_activity;Coin findings
262;Enkeltfund;750;1066;Not categorized;Not categorized
344;Enkeltfund;1067;1299;Not categorized;Not categorized
1371;Moentfund;1400;1499;Indicators_of_economic_activity;Coin findings
178;Enkeltfund;800;1050;Not categorized;Not categorized
1787;Enkeltfund;1100;1400;Not categorized;Not categorized
1004;Diverse anlaeg og genstande, uspec undergruppe;1048;1050;Not categorized;Not categorized
274;Enkeltfund;1200;1499;Not categorized;Not categorized
274;Diverse anlaeg og genstande, uspec undergruppe;1067;1199;Not categorized;Not categorized
1797;Enkeltfund;1067;1499;Not categorized;Not categorized
1787;Hus (evt. med stald);750;1066;Buildings;House (possibly with a stable)
270;Enkeltfund;1067;1199;Not categorized;Not categorized
340;Enkeltfund;750;1066;Not categorized;Not categorized
347;Moentfund;900;1066;Indicators_of_economic_activity;Coin findings
1559;Bosaettelse, uspec undergruppe;1200;1499;Buildings;Settlement, unspecified subgroup
719;Enkeltfund;750;1066;Not categorized;Not categorized
53;Bosaettelse, uspec undergruppe;1200;1499;Buildings;Settlement, unspecified subgroup
976;Enkeltfund;1067;1199;Not categorized;Not categorized
1792;Enkeltfund;1200;1300;Not categorized;Not categorized
1569;Vej;900;1066;Not categorized;Not categorized
1528;Bosaettelse, uspec undergruppe;1067;1299;Buildings;Settlement, unspecified subgroup
355;Broend;1067;1299;Buildings;Well
1785;Enkeltfund;1200;1400;Not categorized;Not categorized
1747;Enkeltfund;750;899;Not categorized;Not categorized
465;Moentfund;750;1066;Indicators_of_economic_activity;Coin findings
1091;Groeft (skel);1200;1299;Buildings;Ditch (boundary)
1449;Enkeltfund;750;1066;Not categorized;Not categorized
827;Enkeltfund;750;1066;Not categorized;Not categorized
1516;Enkeltfund;1200;1399;Not categorized;Not categorized
1646;Enkeltfund;750;1066;Not categorized;Not categorized
1787;Enkeltfund;1100;1300;Not categorized;Not categorized
1836;Enkeltfund;1200;1350;Not categorized;Not categorized
146;Enkeltfund;1200;1400;Not categorized;Not categorized
350;Moentfund;932;932;Indicators_of_economic_activity;Coin findings
1829;Enkeltfund;1067;1199;Not categorized;Not categorized
1579;Enkeltfund;750;1066;Not categorized;Not categorized
342;Enkeltfund;900;1066;Not categorized;Not categorized
342;Moentfund;900;1066;Indicators_of_economic_activity;Coin findings
1614;Kulturlag;1200;1400;Not categorized;Not categorized
160;Enkeltfund;1200;1300;Not categorized;Not categorized
1459;Enkeltfund;750;1066;Not categorized;Not categorized
916;Enkeltfund;750;1066;Not categorized;Not categorized
350;Enkeltfund;1200;1499;Not categorized;Not categorized
350;Moentfund;1200;1399;Indicators_of_economic_activity;Coin findings
1078;Enkeltfund;750;1066;Not categorized;Not categorized
1528;Broend;1400;1499;Buildings;Well
350;Enkeltfund;1067;1299;Not categorized;Not categorized
842;Enkeltfund;1067;1199;Not categorized;Not categorized
1382;Votivfund;750;899;Not categorized;Not categorized
336;Moentfund;750;899;Indicators_of_economic_activity;Coin findings
1761;Moentfund;1200;1399;Indicators_of_economic_activity;Coin findings
1764;Moentfund;1200;1399;Indicators_of_economic_activity;Coin findings
1764;Moentfund;1200;1399;Indicators_of_economic_activity;Coin findings
1569;Vej;1400;1499;Not categorized;Not categorized
438;Enkeltfund;1067;1199;Not categorized;Not categorized
1029;Depotfund;900;1066;Distress;Hoard finds
NA;Moentfund;1200;1399;Indicators_of_economic_activity;Coin findings
457;Enkeltfund;1067;1199;Not categorized;Not categorized
438;Enkeltfund;750;1066;Not categorized;Not categorized
438;Moentfund;1200;1399;Indicators_of_economic_activity;Coin findings
1293;Enkeltfund;1067;1299;Not categorized;Not categorized
454;Enkeltfund;1200;1399;Not categorized;Not categorized
1054;Enkeltfund;750;1066;Not categorized;Not categorized
435;Enkeltfund;750;1066;Not categorized;Not categorized
435;Enkeltfund;1067;1199;Not categorized;Not categorized
338;Moentfund;750;1000;Indicators_of_economic_activity;Coin findings
338;Enkeltfund;900;1066;Not categorized;Not categorized
252;Enkeltfund;1067;1299;Not categorized;Not categorized
437;Enkeltfund;750;1066;Not categorized;Not categorized
437;Enkeltfund;1067;1199;Not categorized;Not categorized
832;Moentfund;1200;1399;Indicators_of_economic_activity;Coin findings
1508;Moentfund;1200;1399;Indicators_of_economic_activity;Coin findings
1428;Enkeltfund;750;1066;Not categorized;Not categorized
1428;Moentfund;900;1066;Indicators_of_economic_activity;Coin findings
880;Enkeltfund;1067;1299;Not categorized;Not categorized
1252;Hus (evt. med stald);1200;1299;Buildings;House (possibly with a stable)
301;Enkeltfund;1200;1399;Not categorized;Not categorized
1797;Enkeltfund;1200;1499;Not categorized;Not categorized
1098;Enkeltfund;750;1066;Not categorized;Not categorized
NA;Enkeltfund;1067;1199;Not categorized;Not categorized
NA;Moentfund;1200;1399;Indicators_of_economic_activity;Coin findings
1430;Moentfund;1200;1299;Indicators_of_economic_activity;Coin findings
1256;Enkeltfund;1200;1399;Not categorized;Not categorized
1211;Enkeltfund;1052;1052;Not categorized;Not categorized
1205;Enkeltfund;1067;1299;Not categorized;Not categorized
1567;Grubehus;750;1066;Buildings;Pit-house
1533;Kulturlag;1300;1499;Not categorized;Not categorized
1569;Kulturlag;750;899;Not categorized;Not categorized
890;Begravelsesplads;750;1066;Not categorized;Not categorized
890;Jordfaestegrav;750;1066;Not categorized;Not categorized
982;Enkeltfund;750;1066;Not categorized;Not categorized
437;Enkeltfund;1067;1299;Not categorized;Not categorized
437;Enkeltfund;1067;1299;Not categorized;Not categorized
1758;Moentfund;1200;1399;Indicators_of_economic_activity;Coin findings
1574;Moentfund;750;1066;Indicators_of_economic_activity;Coin findings
1217;Grubehus;750;1066;Buildings;Pit-house
111;Moentfund;1023;1029;Indicators_of_economic_activity;Coin findings
1574;Enkeltfund;1067;1199;Not categorized;Not categorized
415;Moentfund;1067;1399;Indicators_of_economic_activity;Coin findings
86;Moentfund;1200;1399;Indicators_of_economic_activity;Coin findings
1397;Grubehus;750;1066;Buildings;Pit-house
1397;Broend;900;1066;Buildings;Well
1397;Affaldsgrube;750;1066;Not categorized;Not categorized
555;Enkeltfund;750;1066;Not categorized;Not categorized
1638;Enkeltfund;750;899;Not categorized;Not categorized
946;Enkeltfund;1200;1399;Not categorized;Not categorized
956;Enkeltfund;1200;1399;Not categorized;Not categorized
349;Enkeltfund;900;1066;Not categorized;Not categorized
349;Enkeltfund;1200;1399;Not categorized;Not categorized
1632;Klosteranlaeg;1200;1499;Religious;Monastery complex
1719;Kaelderanlaeg;1300;1499;Not categorized;Not categorized
262;Enkeltfund;1200;1499;Not categorized;Not categorized
1772;Enkeltfund;1067;1299;Not categorized;Not categorized
1772;Enkeltfund;1067;1299;Not categorized;Not categorized
1761;Enkeltfund;1067;1299;Not categorized;Not categorized
1430;Moentfund;1300;1399;Indicators_of_economic_activity;Coin findings
1024;Enkeltfund;1200;1399;Not categorized;Not categorized
1569;Moentfund;1200;1399;Indicators_of_economic_activity;Coin findings
11;Enkeltfund;1200;1399;Not categorized;Not categorized
1157;Enkeltfund;750;1066;Not categorized;Not categorized
79;Kirkegaard;1067;1199;Not categorized;Not categorized
1115;Enkeltfund;750;1066;Not categorized;Not categorized
1153;Enkeltfund;1200;1399;Not categorized;Not categorized
737;Bosaettelse, uspec undergruppe;1100;1300;Buildings;Settlement, unspecified subgroup
1533;Kulturlag;1200;1500;Not categorized;Not categorized
1628;Enkeltfund;1400;1499;Not categorized;Not categorized
760;Hus (evt. med stald);1067;1299;Buildings;House (possibly with a stable)
761;Enkeltfund;1200;1400;Not categorized;Not categorized
1824;Moentfund;1200;1499;Indicators_of_economic_activity;Coin findings
417;Enkeltfund;1067;1299;Not categorized;Not categorized
1144;Enkeltfund;1400;1500;Not categorized;Not categorized
1367;Enkeltfund;1067;1199;Not categorized;Not categorized
1430;Enkeltfund;1200;1299;Not categorized;Not categorized
1090;Enkeltfund;1200;1299;Not categorized;Not categorized
1632;Klosteranlaeg;1200;1499;Religious;Monastery complex
1373;Enkeltfund;900;1066;Not categorized;Not categorized
1608;Diverse anlaeg og genstande, uspec undergruppe;900;1066;Not categorized;Not categorized
464;Bygning;1067;1299;Not categorized;Not categorized
712;Grubehus;900;1050;Buildings;Pit-house
40;Diverse anlaeg og genstande, uspec undergruppe;750;1066;Not categorized;Not categorized
1614;Kulturlag;1067;1399;Not categorized;Not categorized
433;Enkeltfund;1067;1299;Not categorized;Not categorized
909;Enkeltfund;1067;1299;Not categorized;Not categorized
40;Moentfund;1200;1399;Indicators_of_economic_activity;Coin findings
641;Grubehus;750;1066;Buildings;Pit-house
445;Enkeltfund;750;1066;Not categorized;Not categorized
445;Enkeltfund;1067;1299;Not categorized;Not categorized
445;Moentfund;1200;1399;Indicators_of_economic_activity;Coin findings
16;Baad-/skibsvaerft;750;1066;Not categorized;Not categorized
1698;Diverse anlaeg og genstande, uspec undergruppe;1200;1399;Not categorized;Not categorized
1698;Enkeltfund;1067;1499;Not categorized;Not categorized
1430;Enkeltfund;750;1066;Not categorized;Not categorized
1272;Broend;1067;1299;Buildings;Well
1272;Affaldsgrube;1067;1299;Not categorized;Not categorized
1522;Enkeltfund;750;1066;Not categorized;Not categorized
1712;Bosaettelse, uspec undergruppe;1067;1399;Buildings;Settlement, unspecified subgroup
642;Grubehus;750;1066;Buildings;Pit-house
43;Enkeltfund;750;1066;Not categorized;Not categorized
1513;Enkeltfund;750;1066;Not categorized;Not categorized
1747;Enkeltfund;900;1066;Not categorized;Not categorized
1498;Enkeltfund;750;1066;Not categorized;Not categorized
1747;Enkeltfund;750;1066;Not categorized;Not categorized
610;Bygning;1067;1199;Not categorized;Not categorized
1671;Hegn/gaerde;750;1066;Buildings;Hedge/fence
886;Votivfund;950;970;Not categorized;Not categorized
1753;Enkeltfund;750;1066;Not categorized;Not categorized
422;Enkeltfund;1067;1199;Not categorized;Not categorized
710;Krigergrav;1441;1441;Not categorized;Not categorized
1441;Enkeltfund;900;1066;Not categorized;Not categorized
294;Enkeltfund;1067;1399;Not categorized;Not categorized
279;Hus (evt. med stald);750;899;Buildings;House (possibly with a stable)
279;Hus (evt. med stald);750;1066;Buildings;House (possibly with a stable)
279;Bosaettelse, uspec undergruppe;750;1066;Buildings;Settlement, unspecified subgroup
105;Moentfund;1067;1299;Indicators_of_economic_activity;Coin findings
911;Enkeltfund;900;1050;Not categorized;Not categorized
261;Gaard;1300;1399;Buildings;Farmstead
350;Enkeltfund;900;1066;Not categorized;Not categorized
350;Moentfund;900;1066;Indicators_of_economic_activity;Coin findings
1257;Enkeltfund;900;1066;Not categorized;Not categorized
1587;Enkeltfund;1067;1299;Not categorized;Not categorized
357;Moentfund;1200;1299;Indicators_of_economic_activity;Coin findings
1751;Enkeltfund;1067;1299;Not categorized;Not categorized
113;Enkeltfund;750;1066;Not categorized;Not categorized
1800;Moentfund;1200;1299;Indicators_of_economic_activity;Coin findings
1805;Moentfund;1200;1299;Indicators_of_economic_activity;Coin findings
1362;Hus (evt. med stald);1067;1299;Buildings;House (possibly with a stable)
1362;Groeft (skel);1067;1299;Buildings;Ditch (boundary)
1829;Enkeltfund;750;1066;Not categorized;Not categorized
385;Enkeltfund;750;1066;Not categorized;Not categorized
1823;Moentfund;1200;1299;Indicators_of_economic_activity;Coin findings
151;Enkeltfund;1067;1299;Not categorized;Not categorized
887;Enkeltfund;750;1066;Not categorized;Not categorized
1211;Hus (evt. med stald);1067;1199;Buildings;House (possibly with a stable)
1635;Grube (uspecificeret funktion);900;1066;Not categorized;Not categorized
1258;Hovedbygning;1067;1299;Buildings;Main building
342;Enkeltfund;1200;1499;Not categorized;Not categorized
342;Moentfund;1200;1499;Indicators_of_economic_activity;Coin findings
40;Kulturlag;1067;1299;Not categorized;Not categorized
1551;Enkeltfund;985;991;Not categorized;Not categorized
1551;Enkeltfund;1024;1030;Not categorized;Not categorized
344;Enkeltfund;900;1066;Not categorized;Not categorized
1750;Moentfund;750;1066;Indicators_of_economic_activity;Coin findings
1750;Moentfund;750;1066;Indicators_of_economic_activity;Coin findings
1750;Enkeltfund;750;1066;Not categorized;Not categorized
258;Enkeltfund;1067;1299;Not categorized;Not categorized
1202;Hus (evt. med stald);1067;1299;Buildings;House (possibly with a stable)
895;Depotfund;1287;1319;Distress;Hoard finds
895;Moentfund;1287;1319;Indicators_of_economic_activity;Coin findings
928;Enkeltfund;1067;1199;Not categorized;Not categorized
347;Enkeltfund;1200;1499;Not categorized;Not categorized
342;Enkeltfund;1067;1299;Not categorized;Not categorized
1627;Moentfund;1067;1199;Indicators_of_economic_activity;Coin findings
1671;Enkeltfund;900;1066;Not categorized;Not categorized
1255;Enkeltfund;900;1066;Not categorized;Not categorized
1502;Enkeltfund;1200;1399;Not categorized;Not categorized
24;Hus (evt. med stald);750;1066;Buildings;House (possibly with a stable)
344;Enkeltfund;750;1066;Not categorized;Not categorized
58;Enkeltfund;1200;1399;Not categorized;Not categorized
1075;Enkeltfund;750;1066;Not categorized;Not categorized
1670;Enkeltfund;1272;1327;Not categorized;Not categorized
120;Enkeltfund;800;1050;Not categorized;Not categorized
1075;Enkeltfund;1200;1399;Not categorized;Not categorized
1515;Enkeltfund;750;1066;Not categorized;Not categorized
1515;Enkeltfund;750;1066;Not categorized;Not categorized
1546;Enkeltfund;1300;1499;Not categorized;Not categorized
1550;Enkeltfund;750;899;Not categorized;Not categorized
1389;Enkeltfund;900;1066;Not categorized;Not categorized
1642;Bygning;1067;1199;Not categorized;Not categorized
1642;Vej;1067;1299;Not categorized;Not categorized
16;Vogndel;750;1066;Not categorized;Not categorized
16;Broend;750;1066;Buildings;Well
1138;Jordfaestegrav;750;1066;Not categorized;Not categorized
1138;Kulturlag;750;1066;Not categorized;Not categorized
1502;Enkeltfund;750;899;Not categorized;Not categorized
1529;Enkeltfund;900;1066;Not categorized;Not categorized
1509;Enkeltfund;1200;1299;Not categorized;Not categorized
1509;Enkeltfund;1200;1399;Not categorized;Not categorized
1502;Enkeltfund;1067;1299;Not categorized;Not categorized
247;Enkeltfund;1067;1499;Not categorized;Not categorized
142;Grubehus;750;1066;Buildings;Pit-house
142;Affaldsgrube;750;1066;Not categorized;Not categorized
NA;Enkeltfund;750;1066;Not categorized;Not categorized
1550;Hus (evt. med stald);750;1066;Buildings;House (possibly with a stable)
1454;Enkeltfund;750;1066;Not categorized;Not categorized
1521;Borg/Voldsted;1100;1200;Defensive;Castle/motte-and-bailey
1725;Enkeltfund;1067;1299;Not categorized;Not categorized
1574;Enkeltfund;750;1066;Not categorized;Not categorized
27;Enkeltfund;1200;1399;Not categorized;Not categorized
413;Enkeltfund;1067;1299;Not categorized;Not categorized
1619;Brolaegning;1067;1199;Not categorized;Not categorized
1751;Kulturlag;750;1066;Not categorized;Not categorized
1389;Bygning;1100;1350;Not categorized;Not categorized
1389;Broend;1100;1350;Buildings;Well
35;Enkeltfund;1200;1399;Not categorized;Not categorized
10;Enkeltfund;1200;1299;Not categorized;Not categorized
1531;Enkeltfund;1200;1399;Not categorized;Not categorized
NA;Enkeltfund;1200;1499;Not categorized;Not categorized
1200;Enkeltfund;1067;1199;Not categorized;Not categorized
921;Enkeltfund;750;1066;Not categorized;Not categorized
1430;Hus (evt. med stald);750;1066;Buildings;House (possibly with a stable)
1430;Grubehus;750;1066;Buildings;Pit-house
1430;Hegn/gaerde;750;1066;Buildings;Hedge/fence
1430;Stenlaegning/Stensamling;750;1066;Not categorized;Not categorized
1232;Hus (evt. med stald);1200;1399;Buildings;House (possibly with a stable)
1232;Hus (evt. med stald);1067;1499;Buildings;House (possibly with a stable)
1594;Enkeltfund;1200;1499;Not categorized;Not categorized
1719;Enkeltfund;1067;1499;Not categorized;Not categorized
10;Enkeltfund;1067;1299;Not categorized;Not categorized
1587;Enkeltfund;1200;1399;Not categorized;Not categorized
10;Enkeltfund;1200;1399;Not categorized;Not categorized
1765;Enkeltfund;1067;1199;Not categorized;Not categorized
475;Moentfund;1200;1399;Indicators_of_economic_activity;Coin findings
1594;Enkeltfund;750;1066;Not categorized;Not categorized
1614;Moentfund;1200;1300;Indicators_of_economic_activity;Coin findings
452;Moentfund;1200;1399;Indicators_of_economic_activity;Coin findings
452;Enkeltfund;750;1066;Not categorized;Not categorized
450;Moentfund;1200;1399;Indicators_of_economic_activity;Coin findings
451;Enkeltfund;1067;1199;Not categorized;Not categorized
1767;Enkeltfund;1067;1199;Not categorized;Not categorized
1144;Enkeltfund;750;1066;Not categorized;Not categorized
461;Votivfund;900;1066;Not categorized;Not categorized
1831;Moentfund;750;1066;Indicators_of_economic_activity;Coin findings
1357;Enkeltfund;1067;1299;Not categorized;Not categorized
1488;Enkeltfund;750;1066;Not categorized;Not categorized
1488;Enkeltfund;1067;1299;Not categorized;Not categorized
1488;Enkeltfund;1200;1399;Not categorized;Not categorized
NA;Enkeltfund;750;899;Not categorized;Not categorized
NA;Moentfund;1200;1399;Indicators_of_economic_activity;Coin findings
NA;Enkeltfund;1067;1199;Not categorized;Not categorized
1350;Hus (evt. med stald);900;1066;Buildings;House (possibly with a stable)
1350;Hus (evt. med stald);1067;1199;Buildings;House (possibly with a stable)
1449;Enkeltfund;750;1066;Not categorized;Not categorized
1533;Kulturlag;1200;1500;Not categorized;Not categorized
1410;Hus (evt. med stald);900;1066;Buildings;House (possibly with a stable)
1410;Hus (evt. med stald);1067;1299;Buildings;House (possibly with a stable)
1410;Broend;1067;1299;Buildings;Well
1835;Enkeltfund;800;1050;Not categorized;Not categorized
1706;Stolpehul m. uvis funktion;1067;1299;Buildings;Posthole with unknown function
1350;Hus (evt. med stald);1067;1299;Buildings;House (possibly with a stable)
3;Hus (evt. med stald);1067;1299;Buildings;House (possibly with a stable)
1464;Enkeltfund;1067;1199;Not categorized;Not categorized
1533;Forsvarsvold;1300;1400;Defensive;Rampart
176;Moentfund;750;1066;Indicators_of_economic_activity;Coin findings
1510;Enkeltfund;750;1066;Not categorized;Not categorized
1446;Enkeltfund;750;1066;Not categorized;Not categorized
1467;Enkeltfund;1200;1299;Not categorized;Not categorized
1514;Enkeltfund;1067;1299;Not categorized;Not categorized
1514;Enkeltfund;750;1066;Not categorized;Not categorized
1510;Enkeltfund;1067;1199;Not categorized;Not categorized
334;Moentfund;902;932;Indicators_of_economic_activity;Coin findings
1472;Enkeltfund;750;1066;Not categorized;Not categorized
1479;Enkeltfund;750;1066;Not categorized;Not categorized
1365;Enkeltfund;1023;1033;Not categorized;Not categorized
1516;Enkeltfund;1200;1399;Not categorized;Not categorized
1432;Enkeltfund;1067;1299;Not categorized;Not categorized
1287;Enkeltfund;1200;1499;Not categorized;Not categorized
350;Moentfund;750;1066;Indicators_of_economic_activity;Coin findings
1420;Enkeltfund;900;1066;Not categorized;Not categorized
1706;Hovedbygning;1067;1299;Buildings;Main building
1423;Enkeltfund;1250;1350;Not categorized;Not categorized
1614;Vej;1100;1400;Not categorized;Not categorized
1614;Kulturlag;1100;1400;Not categorized;Not categorized
1569;Diverse anlaeg og genstande, uspec undergruppe;750;1066;Not categorized;Not categorized
1546;Enkeltfund;1067;1299;Not categorized;Not categorized
898;Moentfund;1286;1360;Indicators_of_economic_activity;Coin findings
1614;Begravelsesplads;1100;1400;Not categorized;Not categorized
514;Enkeltfund;1400;1499;Not categorized;Not categorized
1614;Bygning;1200;1368;Not categorized;Not categorized
1078;Jordfaestegrav;750;1066;Not categorized;Not categorized
1614;Keramik;1300;1500;Indicators_of_economic_activity;Pottery
1614;Faestningsanlaeg;1250;1450;Not categorized;Not categorized
474;Jordfaestegrav;750;1066;Not categorized;Not categorized
1614;Broend;1400;1500;Buildings;Well
1614;Broend;1200;1500;Buildings;Well
1614;Broend;1150;1400;Buildings;Well
1614;Skibsbro;1100;1400;Not categorized;Not categorized
NA;Enkeltfund;1400;1499;Not categorized;Not categorized
1614;Bygning;1250;1400;Not categorized;Not categorized
1614;Skel (ejendom);1200;1400;Buildings;Boundary (property)
1614;Paeleraekke (uspecificeret);1300;1500;Not categorized;Not categorized
623;Moentfund;1067;1299;Indicators_of_economic_activity;Coin findings
1614;Kulturlag;1250;1500;Not categorized;Not categorized
1614;Bolvaerk;1300;1500;Not categorized;Not categorized
167;Affaldsgrube;1067;1299;Not categorized;Not categorized
1614;Enkeltfund;1300;1400;Not categorized;Not categorized
1614;Moentfund;1410;1481;Indicators_of_economic_activity;Coin findings
1614;Vej;1200;1500;Not categorized;Not categorized
1614;Beskyttelsesanlaeg;1100;1500;Not categorized;Not categorized
1614;Kirkegaard;1067;1199;Not categorized;Not categorized
1614;Diverse anlaeg og genstande, uspec undergruppe;1200;1300;Not categorized;Not categorized
1222;Enkeltfund;1200;1499;Not categorized;Not categorized
1642;Paeleraekke (uspecificeret);1200;1399;Not categorized;Not categorized
1642;Kulturlag;1067;1499;Not categorized;Not categorized
1614;Raadhus;1360;1368;Not categorized;Not categorized
NA;Enkeltfund;750;1066;Not categorized;Not categorized
1194;Enkeltfund;1067;1199;Not categorized;Not categorized
713;Grubehus;750;1050;Buildings;Pit-house
1614;Diverse anlaeg og genstande, uspec undergruppe;1067;1499;Not categorized;Not categorized
1614;Affaldsgrube;1300;1400;Not categorized;Not categorized
207;Moentfund;800;1064;Indicators_of_economic_activity;Coin findings
1422;Bygning;1067;1299;Not categorized;Not categorized
1422;Bygning;900;1066;Not categorized;Not categorized
1614;Broend;1400;1400;Buildings;Well
1614;Broend;1500;1500;Buildings;Well
1614;Gaardsplads;1250;1300;Not categorized;Not categorized
1289;Enkeltfund;900;1066;Not categorized;Not categorized
1614;Kirkegaard;1250;1500;Not categorized;Not categorized
1387;Enkeltfund;750;1066;Not categorized;Not categorized
1614;Vej;1100;1296;Not categorized;Not categorized
1614;Groeft (skel);1300;1499;Buildings;Ditch (boundary)
1609;Vandmoelle;1200;1399;Indicators_of_economic_activity;Water mill
1614;Raadhus;1200;1368;Not categorized;Not categorized
197;Enkeltfund;1200;1499;Not categorized;Not categorized
1611;Moentfund;1320;1332;Indicators_of_economic_activity;Coin findings
1611;Moentfund;1287;1332;Indicators_of_economic_activity;Coin findings
1591;Grube (uspecificeret funktion);1067;1399;Not categorized;Not categorized
1613;Diverse anlaeg og genstande, uspec undergruppe;1200;1499;Not categorized;Not categorized
142;Moentfund;1200;1299;Indicators_of_economic_activity;Coin findings
1481;Enkeltfund;1067;1199;Not categorized;Not categorized
549;Enkeltfund;1067;1299;Not categorized;Not categorized
1478;Enkeltfund;1067;1299;Not categorized;Not categorized
1394;Enkeltfund;1200;1500;Not categorized;Not categorized
397;Enkeltfund;750;1066;Not categorized;Not categorized
184;Enkeltfund;1280;1380;Not categorized;Not categorized
1377;Hus (evt. med stald);1100;1300;Buildings;House (possibly with a stable)
609;Hus (evt. med stald);750;1066;Buildings;House (possibly with a stable)
349;Moentfund;750;899;Indicators_of_economic_activity;Coin findings
349;Enkeltfund;750;1066;Not categorized;Not categorized
1581;Moentfund;1400;1499;Indicators_of_economic_activity;Coin findings
1063;Hus (evt. med stald);1300;1500;Buildings;House (possibly with a stable)
1213;Borg/Voldsted;1067;1499;Defensive;Castle/motte-and-bailey
1628;Moentfund;1400;1499;Indicators_of_economic_activity;Coin findings
443;Enkeltfund;1067;1299;Not categorized;Not categorized
1237;Hus (evt. med stald);1067;1299;Buildings;House (possibly with a stable)
34;Enkeltfund;1200;1399;Not categorized;Not categorized
1431;Hus (evt. med stald);750;1066;Buildings;House (possibly with a stable)
1431;Grubehus;750;1066;Buildings;Pit-house
1361;Enkeltfund;750;1066;Not categorized;Not categorized
252;Enkeltfund;750;899;Not categorized;Not categorized
1757;Enkeltfund;1067;1199;Not categorized;Not categorized
1628;Enkeltfund;1400;1499;Not categorized;Not categorized
1597;Enkeltfund;1200;1499;Not categorized;Not categorized
1356;Hus (evt. med stald);1067;1299;Buildings;House (possibly with a stable)
3;Enkeltfund;750;1066;Not categorized;Not categorized
1805;Hus (evt. med stald);1067;1299;Buildings;House (possibly with a stable)
1805;Hus (evt. med stald);1067;1299;Buildings;House (possibly with a stable)
1698;Enkeltfund;750;1066;Not categorized;Not categorized
1702;Enkeltfund;750;1066;Not categorized;Not categorized
347;Moentfund;900;960;Indicators_of_economic_activity;Coin findings
347;Enkeltfund;900;1066;Not categorized;Not categorized
1533;Voldgrav;1200;1430;Defensive;Moat
1194;Hus (evt. med stald);1067;1299;Buildings;House (possibly with a stable)
873;Moentfund;1310;1330;Indicators_of_economic_activity;Coin findings
1768;Moentfund;1200;1399;Indicators_of_economic_activity;Coin findings
519;Gaard;1200;1399;Buildings;Farmstead
1553;Grubehus;1067;1299;Buildings;Pit-house
1553;Hus (evt. med stald);1067;1299;Buildings;House (possibly with a stable)
1678;Kulturlag;1200;1399;Not categorized;Not categorized
1507;Grubehus;750;1066;Buildings;Pit-house
1507;Bosaettelse, uspec undergruppe;750;1066;Buildings;Settlement, unspecified subgroup
1638;Moentfund;1300;1399;Indicators_of_economic_activity;Coin findings
1638;Moentfund;900;1066;Indicators_of_economic_activity;Coin findings
274;Enkeltfund;750;1066;Not categorized;Not categorized
274;Enkeltfund;1200;1399;Not categorized;Not categorized
1747;Moentfund;1200;1399;Indicators_of_economic_activity;Coin findings
1747;Moentfund;1200;1399;Indicators_of_economic_activity;Coin findings
702;Enkeltfund;750;1066;Not categorized;Not categorized
1359;Enkeltfund;750;1066;Not categorized;Not categorized
1451;Enkeltfund;1067;1499;Not categorized;Not categorized
1083;Fartoej;750;1066;Not categorized;Not categorized
1793;Enkeltfund;750;1066;Not categorized;Not categorized
3;Moentfund;1200;1399;Indicators_of_economic_activity;Coin findings
551;Moentfund;900;1066;Indicators_of_economic_activity;Coin findings
4;Moentfund;900;1066;Indicators_of_economic_activity;Coin findings
759;Hus (evt. med stald);1067;1299;Buildings;House (possibly with a stable)
759;Bygning;1067;1299;Not categorized;Not categorized
1569;Diverse anlaeg og genstande, uspec undergruppe;900;1066;Not categorized;Not categorized
1569;Diverse anlaeg og genstande, uspec undergruppe;750;1066;Not categorized;Not categorized
450;Enkeltfund;750;1066;Not categorized;Not categorized
450;Enkeltfund;1067;1299;Not categorized;Not categorized
450;Enkeltfund;1300;1499;Not categorized;Not categorized
1569;Diverse anlaeg og genstande, uspec undergruppe;750;1066;Not categorized;Not categorized
1569;Diverse anlaeg og genstande, uspec undergruppe;900;1066;Not categorized;Not categorized
790;Enkeltfund;900;1066;Not categorized;Not categorized
450;Enkeltfund;1067;1299;Not categorized;Not categorized
450;Moentfund;1200;1299;Indicators_of_economic_activity;Coin findings
1437;Enkeltfund;1300;1499;Not categorized;Not categorized
450;Borg/Voldsted;1200;1300;Defensive;Castle/motte-and-bailey
1525;Enkeltfund;1067;1399;Not categorized;Not categorized
1223;Enkeltfund;1067;1399;Not categorized;Not categorized
853;Gravgenstand;750;1066;Not categorized;Not categorized
1500;Enkeltfund;1200;1399;Not categorized;Not categorized
1525;Enkeltfund;750;1066;Not categorized;Not categorized
1404;Enkeltfund;1200;1499;Not categorized;Not categorized
1528;Enkeltfund;1067;1299;Not categorized;Not categorized
1569;Kulturlag;1067;1199;Not categorized;Not categorized
1572;Enkeltfund;1067;1199;Not categorized;Not categorized
1755;Enkeltfund;1067;1199;Not categorized;Not categorized
1755;Moentfund;1200;1399;Indicators_of_economic_activity;Coin findings
852;Enkeltfund;750;1066;Not categorized;Not categorized
NA;Enkeltfund;1200;1499;Not categorized;Not categorized
1229;Enkeltfund;1067;1499;Not categorized;Not categorized
959;Diverse anlaeg og genstande, uspec undergruppe;750;899;Not categorized;Not categorized
91;Enkeltfund;750;1066;Not categorized;Not categorized
1056;Enkeltfund;750;1066;Not categorized;Not categorized
1081;Enkeltfund;900;1066;Not categorized;Not categorized
1056;Enkeltfund;1200;1399;Not categorized;Not categorized
1625;Enkeltfund;750;899;Not categorized;Not categorized
1453;Enkeltfund;750;1066;Not categorized;Not categorized
1563;Enkeltfund;1067;1299;Not categorized;Not categorized
1609;Enkeltfund;1300;1399;Not categorized;Not categorized
NA;Enkeltfund;750;1066;Not categorized;Not categorized
134;Enkeltfund;1200;1500;Not categorized;Not categorized
143;Enkeltfund;1200;1300;Not categorized;Not categorized
1450;Enkeltfund;1200;1399;Not categorized;Not categorized
33;Kulturlag;1400;1499;Not categorized;Not categorized
1478;Enkeltfund;750;1066;Not categorized;Not categorized
1477;Enkeltfund;1067;1299;Not categorized;Not categorized
1736;Enkeltfund;1300;1499;Not categorized;Not categorized
1626;Enkeltfund;1300;1499;Not categorized;Not categorized
